,name,ms_level,polarity,retention_time,height,area,mz,neutral_mass,adducts,p_value,quantitation_mass,I-1.mzXML retention_time,I-1.mzXML height,I-1.mzXML mz,I-10.mzXML retention_time,I-10.mzXML height,I-10.mzXML mz,I-11.mzXML retention_time,I-11.mzXML height,I-11.mzXML mz,I-12.mzXML retention_time,I-12.mzXML height,I-12.mzXML mz,I-13.mzXML retention_time,I-13.mzXML height,I-13.mzXML mz,I-14.mzXML retention_time,I-14.mzXML height,I-14.mzXML mz,I-15.mzXML retention_time,I-15.mzXML height,I-15.mzXML mz,I-16.mzXML retention_time,I-16.mzXML height,I-16.mzXML mz,I-17.mzXML retention_time,I-17.mzXML height,I-17.mzXML mz,I-18.mzXML retention_time,I-18.mzXML height,I-18.mzXML mz,I-19.mzXML retention_time,I-19.mzXML height,I-19.mzXML mz,I-2.mzXML retention_time,I-2.mzXML height,I-2.mzXML mz,I-20.mzXML retention_time,I-20.mzXML height,I-20.mzXML mz,I-21.mzXML retention_time,I-21.mzXML height,I-21.mzXML mz,I-22.mzXML retention_time,I-22.mzXML height,I-22.mzXML mz,I-3.mzXML retention_time,I-3.mzXML height,I-3.mzXML mz,I-4.mzXML retention_time,I-4.mzXML height,I-4.mzXML mz,I-5.mzXML retention_time,I-5.mzXML height,I-5.mzXML mz,I-6.mzXML retention_time,I-6.mzXML height,I-6.mzXML mz,I-7.mzXML retention_time,I-7.mzXML height,I-7.mzXML mz,I-8.mzXML retention_time,I-8.mzXML height,I-8.mzXML mz,I-9.mzXML retention_time,I-9.mzXML height,I-9.mzXML mz,J-67.mzXML retention_time,J-67.mzXML height,J-67.mzXML mz,J-68.mzXML retention_time,J-68.mzXML height,J-68.mzXML mz,J-69.mzXML retention_time,J-69.mzXML height,J-69.mzXML mz,J-70.mzXML retention_time,J-70.mzXML height,J-70.mzXML mz,J-71.mzXML retention_time,J-71.mzXML height,J-71.mzXML mz,J-72.mzXML retention_time,J-72.mzXML height,J-72.mzXML mz,J-73.mzXML retention_time,J-73.mzXML height,J-73.mzXML mz,J-74.mzXML retention_time,J-74.mzXML height,J-74.mzXML mz,J-75.mzXML retention_time,J-75.mzXML height,J-75.mzXML mz,J-76.mzXML retention_time,J-76.mzXML height,J-76.mzXML mz,J-77.mzXML retention_time,J-77.mzXML height,J-77.mzXML mz,J-78.mzXML retention_time,J-78.mzXML height,J-78.mzXML mz,J-79.mzXML retention_time,J-79.mzXML height,J-79.mzXML mz,J-80.mzXML retention_time,J-80.mzXML height,J-80.mzXML mz,J-81.mzXML retention_time,J-81.mzXML height,J-81.mzXML mz,J-82.mzXML retention_time,J-82.mzXML height,J-82.mzXML mz,J-83.mzXML retention_time,J-83.mzXML height,J-83.mzXML mz,J-84.mzXML retention_time,J-84.mzXML height,J-84.mzXML mz,J-85.mzXML retention_time,J-85.mzXML height,J-85.mzXML mz,J-86.mzXML retention_time,J-86.mzXML height,J-86.mzXML mz,J-87.mzXML retention_time,J-87.mzXML height,J-87.mzXML mz,J-88.mzXML retention_time,J-88.mzXML height,J-88.mzXML mz,Li-23.mzXML retention_time,Li-23.mzXML height,Li-23.mzXML mz,Li-24.mzXML retention_time,Li-24.mzXML height,Li-24.mzXML mz,Li-25.mzXML retention_time,Li-25.mzXML height,Li-25.mzXML mz,Li-26.mzXML retention_time,Li-26.mzXML height,Li-26.mzXML mz,Li-27.mzXML retention_time,Li-27.mzXML height,Li-27.mzXML mz,Li-28.mzXML retention_time,Li-28.mzXML height,Li-28.mzXML mz,Li-29.mzXML retention_time,Li-29.mzXML height,Li-29.mzXML mz,Li-30.mzXML retention_time,Li-30.mzXML height,Li-30.mzXML mz,Li-31.mzXML retention_time,Li-31.mzXML height,Li-31.mzXML mz,Li-32.mzXML retention_time,Li-32.mzXML height,Li-32.mzXML mz,Li-33.mzXML retention_time,Li-33.mzXML height,Li-33.mzXML mz,Li-34.mzXML retention_time,Li-34.mzXML height,Li-34.mzXML mz,Li-35.mzXML retention_time,Li-35.mzXML height,Li-35.mzXML mz,Li-36.mzXML retention_time,Li-36.mzXML height,Li-36.mzXML mz,Li-37.mzXML retention_time,Li-37.mzXML height,Li-37.mzXML mz,Li-38.mzXML retention_time,Li-38.mzXML height,Li-38.mzXML mz,Li-39.mzXML retention_time,Li-39.mzXML height,Li-39.mzXML mz,Li-40.mzXML retention_time,Li-40.mzXML height,Li-40.mzXML mz,Li-41.mzXML retention_time,Li-41.mzXML height,Li-41.mzXML mz,Li-42.mzXML retention_time,Li-42.mzXML height,Li-42.mzXML mz,Li-43.mzXML retention_time,Li-43.mzXML height,Li-43.mzXML mz,Li-44.mzXML retention_time,Li-44.mzXML height,Li-44.mzXML mz,Lu-101.mzXML retention_time,Lu-101.mzXML height,Lu-101.mzXML mz,Lu-102.mzXML retention_time,Lu-102.mzXML height,Lu-102.mzXML mz,Lu-103.mzXML retention_time,Lu-103.mzXML height,Lu-103.mzXML mz,Lu-104.mzXML retention_time,Lu-104.mzXML height,Lu-104.mzXML mz,Lu-105.mzXML retention_time,Lu-105.mzXML height,Lu-105.mzXML mz,Lu-106.mzXML retention_time,Lu-106.mzXML height,Lu-106.mzXML mz,Lu-107.mzXML retention_time,Lu-107.mzXML height,Lu-107.mzXML mz,Lu-108.mzXML retention_time,Lu-108.mzXML height,Lu-108.mzXML mz,Lu-109.mzXML retention_time,Lu-109.mzXML height,Lu-109.mzXML mz,Lu-110.mzXML retention_time,Lu-110.mzXML height,Lu-110.mzXML mz,Lu-89.mzXML retention_time,Lu-89.mzXML height,Lu-89.mzXML mz,Lu-90.mzXML retention_time,Lu-90.mzXML height,Lu-90.mzXML mz,Lu-91.mzXML retention_time,Lu-91.mzXML height,Lu-91.mzXML mz,Lu-92.mzXML retention_time,Lu-92.mzXML height,Lu-92.mzXML mz,Lu-93.mzXML retention_time,Lu-93.mzXML height,Lu-93.mzXML mz,Lu-94.mzXML retention_time,Lu-94.mzXML height,Lu-94.mzXML mz,Lu-95-rerun2.mzXML retention_time,Lu-95-rerun2.mzXML height,Lu-95-rerun2.mzXML mz,Lu-96.mzXML retention_time,Lu-96.mzXML height,Lu-96.mzXML mz,Lu-97.mzXML retention_time,Lu-97.mzXML height,Lu-97.mzXML mz,Lu-98.mzXML retention_time,Lu-98.mzXML height,Lu-98.mzXML mz,Lu-99.mzXML retention_time,Lu-99.mzXML height,Lu-99.mzXML mz,M-45.mzXML retention_time,M-45.mzXML height,M-45.mzXML mz,M-46.mzXML retention_time,M-46.mzXML height,M-46.mzXML mz,M-47.mzXML retention_time,M-47.mzXML height,M-47.mzXML mz,M-48.mzXML retention_time,M-48.mzXML height,M-48.mzXML mz,M-49.mzXML retention_time,M-49.mzXML height,M-49.mzXML mz,M-50.mzXML retention_time,M-50.mzXML height,M-50.mzXML mz,M-51.mzXML retention_time,M-51.mzXML height,M-51.mzXML mz,M-52.mzXML retention_time,M-52.mzXML height,M-52.mzXML mz,M-53.mzXML retention_time,M-53.mzXML height,M-53.mzXML mz,M-54.mzXML retention_time,M-54.mzXML height,M-54.mzXML mz,M-55.mzXML retention_time,M-55.mzXML height,M-55.mzXML mz,M-56.mzXML retention_time,M-56.mzXML height,M-56.mzXML mz,M-57.mzXML retention_time,M-57.mzXML height,M-57.mzXML mz,M-58.mzXML retention_time,M-58.mzXML height,M-58.mzXML mz,M-59.mzXML retention_time,M-59.mzXML height,M-59.mzXML mz,M-60.mzXML retention_time,M-60.mzXML height,M-60.mzXML mz,M-61.mzXML retention_time,M-61.mzXML height,M-61.mzXML mz,M-62.mzXML retention_time,M-62.mzXML height,M-62.mzXML mz,M-63.mzXML retention_time,M-63.mzXML height,M-63.mzXML mz,M-64.mzXML retention_time,M-64.mzXML height,M-64.mzXML mz,M-65.mzXML retention_time,M-65.mzXML height,M-65.mzXML mz,M-66.mzXML retention_time,M-66.mzXML height,M-66.mzXML mz,VIP
110,#111 79.0600@21.8198 MS1+,1,+,21.81983333333333,67436.5625,1083.790411720027,79.06,,,0.0,73.06135135135135,,,,21.81983333333333,56198.04246431631,79.05,21.81983333333333,59040.59365608006,79.07,21.826166666666666,36064.659070613765,73.06,21.82633333333333,23019.00294375145,91.07,,,,,,,,,,,,,21.8135,64258.17669887566,75.03,,,,,,,,,,21.82,43692.0465102068,79.08,21.826,49316.28722673014,79.07,,,,21.8135,46428.7073273122,73.06,21.82,49936.36084719384,79.07,21.819666666666667,30109.496448197093,75.02,,,,,,,,,,21.819666666666667,101358.046875,75.03,21.82,94421.2342066916,73.06,,,,,,,,,,21.819666666666667,75924.6605147532,73.05,21.826,43323.47536644961,75.03,21.81983333333333,51094.4804230813,75.03,21.813666666666663,65208.68935191003,79.05,,,,,,,,,,,,,,,,,,,,,,,,,21.82,59985.162887295446,73.05,21.81983333333333,63480.41453915105,73.06,,,,,,,21.82,43370.22158006372,73.06,,,,21.826166666666666,266697.08356706164,73.06,21.8075,104013.26859767496,73.06,21.81983333333333,303213.21875,79.07,21.838666666666665,117296.04208275148,73.06,21.826166666666666,310003.9896937488,73.07,21.838666666666665,113089.6875,79.03,21.82,191091.8125,79.06,21.813666666666663,310084.90910508094,73.06,21.82,236995.5625,73.06,21.826,262373.5,73.07,21.826,161200.48089137793,79.08,21.81983333333333,305640.6821501207,73.06,21.819666666666667,245420.38204180892,73.06,,,,21.81983333333333,141521.1609333956,73.07,21.826,238415.7830867248,79.03,,,,,,,21.82,289441.15625,79.07,21.81983333333333,271286.34375,79.06,21.826,212176.69660841784,73.03,21.826166666666666,53355.39536403189,73.06,21.81983333333333,67436.5625,79.06,,,,21.81983333333333,147729.10330153754,79.06,,,,21.826,50382.110832676844,73.06,21.82,63671.82268966344,75.02,,,,21.813666666666663,54574.67273092807,75.02,21.813666666666663,52286.2890625,73.06,,,,21.82,59667.27494686365,75.03,,,,21.819666666666667,33967.04638622392,79.05,,,,,,,21.81983333333333,251099.125,79.06,,,,,,,,,,21.826166666666666,30135.84051866681,75.02,,,,,,,,,,,,,,,,,,,,,,,,,,,,,,,,,,,,,,,,,,,,,,,,,,,,,,,,,,,,,,,,,,,1.0107316842587626
7,#8 305.1700@19.2802 MS1+,1,+,19.280166666666663,8388096.0,156397.10467745725,305.17,,,3.928349046056212e-07,147.06037974683545,19.280166666666663,6093005.886783455,147.05,19.28633333333333,8388096.0,265.12,19.28633333333333,8388096.0,265.12,,,,,,,19.2865,8388096.0,73.06,,,,19.274,7822502.58885879,318.16,,,,,,,19.28633333333333,8388096.0,217.15,19.28633333333333,8388096.0,73.06,,,,19.274,8388096.0,73.06,19.28633333333333,8388096.0,73.06,19.273833333333336,8388096.0,147.05,19.28633333333333,8388096.0,73.06,,,,19.28633333333333,8388096.0,73.06,,,,19.280166666666663,8388096.0,73.06,19.305166666666665,7902269.409905465,217.11,19.28633333333333,8388096.0,73.06,,,,19.2675,8388096.0,191.09,19.280166666666663,8388096.0,305.17,19.28633333333333,8388096.0,73.06,19.28,8388096.0,73.05,19.273833333333336,8388096.0,73.06,19.280166666666663,7711595.0,265.12,19.2865,8388096.0,73.06,19.280166666666663,8165265.5,191.1,19.280166666666663,8388096.0,73.06,19.280166666666663,8388096.0,73.06,19.2865,8388096.0,73.06,,,,19.280166666666663,8388096.0,73.06,19.280166666666663,8388096.0,73.06,19.267666666666667,7483369.545209587,191.1,19.28033333333333,8388096.0,147.06,19.28,8388096.0,73.06,19.261333333333333,4723230.0,217.12,19.2865,8388096.0,73.06,19.28033333333333,8388096.0,73.06,,,,19.280166666666663,8207295.939698493,305.14,19.2865,6176099.517452743,305.15,19.280166666666663,3736229.466745988,217.11,19.2865,4036354.75,305.13,,,,19.28033333333333,5117405.0,305.14,19.2865,7017965.0,217.11,19.2865,8388096.0,217.13,19.2865,5681418.5,305.14,19.28633333333333,8388096.0,305.15,,,,19.2865,8388096.0,217.11,19.286166666666663,6276770.5,305.15,19.280166666666663,8388096.0,305.15,19.280166666666663,6435360.0,305.14,19.28633333333333,8388096.0,305.14,19.2865,8023242.246392205,217.12,19.28633333333333,8388096.0,217.11,19.280166666666663,4436522.0,217.11,19.28633333333333,8388096.0,217.11,19.28633333333333,8388096.0,217.11,19.2865,8388096.0,73.06,,,,19.2865,8388096.0,73.05,19.273833333333336,8388096.0,217.11,19.28633333333333,8388096.0,73.06,19.28633333333333,8388096.0,73.06,19.2865,8388096.0,265.12,19.28633333333333,8388096.0,147.06,19.274,8388096.0,318.16,19.280166666666663,8388096.0,73.06,19.28633333333333,4814113.5,217.11,19.2865,8388096.0,73.05,19.2865,8388096.0,306.16,19.28633333333333,8388096.0,73.06,19.28633333333333,8388096.0,73.06,19.28633333333333,8388096.0,217.11,,,,19.2865,8388096.0,306.17,19.28633333333333,4093621.5,217.1,19.28633333333333,8388096.0,73.06,19.2865,8388096.0,73.06,19.2865,3010516.0,217.1,19.28633333333333,6747160.0,305.13,19.28633333333333,5037493.5,217.1,19.2925,2586974.7136125467,305.14,19.28633333333333,2891491.75,305.14,,,,19.28633333333333,2478310.75,217.11,19.2865,2251143.25,217.1,,,,,,,19.2865,3570651.0,305.14,,,,19.2865,5415960.5,305.15,19.2865,2759025.75,305.14,19.2865,2327890.5767749622,217.11,19.28633333333333,3088153.0,305.13,,,,19.28633333333333,4520600.0,305.14,19.2865,3517994.0,217.09,,,,,,,19.2865,3310935.25,305.14,1.0249253473333964
86,#87 117.0600@9.0963 MS1+,1,+,9.096283333333334,141604.41346811116,1777.9534542108036,117.06,,,0.0,117.01892857142856,,,,,,,,,,,,,,,,,,,,,,,,,,,,,,,,,,,,,,,,,,,,,,9.102633333333332,77879.6328125,117.02,,,,,,,9.1025,72916.6484375,117.02,,,,,,,,,,,,,,,,9.10255,113697.12804556848,117.02,,,,9.096283333333334,187605.1875,117.02,9.090033333333334,65900.15625,57.09,,,,,,,,,,9.096383333333334,62520.125,117.02,,,,9.096333333333332,94753.32779313486,117.03,,,,9.096283333333334,141604.41346811116,117.06,,,,,,,9.102716666666668,103303.5625,117.02,,,,9.0963,114909.2578125,117.02,9.1025,143716.88947199818,117.03,,,,,,,,,,9.102666666666666,116808.37246678805,117.03,9.109016666666667,167559.40877095875,117.02,,,,9.108983333333333,336104.96008268814,117.03,9.10265,78864.125,117.03,,,,,,,,,,9.1027,98486.2735948966,117.03,9.096233333333334,64967.83620886019,57.08,,,,,,,,,,,,,9.096366666666666,68584.53125,57.08,,,,,,,,,,,,,,,,,,,,,,,,,,,,,,,,,,,,,,,,,,,,,,,,,9.096333333333332,60608.195551182245,57.07,,,,,,,,,,,,,,,,,,,,,,,,,,,,,,,9.102783333333331,448478.46875,117.01,,,,9.108883333333331,564632.0992741582,117.02,9.102533333333334,478102.34375,117.02,9.102516666666666,366321.8076042573,117.02,9.1026,590512.047062428,117.02,9.1026,347500.53125,117.02,9.108933333333333,579089.1725133952,117.02,9.109,715046.4110526339,117.02,9.1027,425887.8010759199,117.02,9.108983333333333,982822.37851192,117.02,9.102683333333331,635297.3125,117.02,9.102666666666666,1071689.0,117.02,9.102666666666666,860175.3125,117.02,,,,9.10885,1093822.6839493369,117.02,9.1025,738528.5209077259,117.02,9.108783333333331,1119222.25,117.02,9.102716666666668,961806.6875,117.02,9.102633333333332,754738.8125,117.01,,,,9.108916666666666,952611.1875,117.01,1.0265874443780303
87,#88 227.0300@27.9252 MS1+,1,+,27.925166666666662,636978.795264971,8889.001838897802,227.03,,,0.0,227.0278947368421,,,,,,,,,,,,,,,,,,,,,,,,,,,,,,,,,,,,,,,,,,,,,,,,,,,,,,,,,,,,,,,,,,,,,,,,,,,,,,,,,,,,,,,,,,,,,,,,,,,,,,,,,,,,,,,,,,,,,,,,,,,,,,,,,,,,,,,,,,,27.931500000000003,290820.20730763004,227.03,27.931500000000003,421544.58395191206,227.03,27.925166666666662,636978.795264971,227.03,,,,27.931500000000003,514712.8909823916,227.03,27.919,450883.4825815519,227.02,27.931500000000003,900190.6170242276,227.02,27.931500000000003,851521.625,227.04,27.931166666666662,669522.1200440631,227.02,27.925,937330.5707516132,227.03,27.93133333333333,862367.0355615618,227.02,27.931166666666662,865533.6958073406,227.02,27.925,688337.9461317162,227.02,27.93133333333333,840607.2255415523,227.04,27.925,1086627.0,227.03,,,,27.93133333333333,1106637.5,227.03,27.925166666666662,774494.4749117013,227.02,27.925,759536.6900734701,227.03,27.925,860781.8113217016,227.04,,,,,,,,,,,,,,,,27.925,299487.91718343005,281.06,,,,,,,,,,27.925166666666662,149502.62930991818,281.07,,,,,,,,,,,,,,,,,,,,,,,,,,,,,,,,,,,,,,,,,,,,,,,,,,,,,,,,,,,,,,,,,,,,,,,,,,,,,,,,,,,,,,,,,,,,,,,,,,,,1.0371879593690279
79,#80 256.0700@12.9997 MS1+,1,+,12.99965,905722.0824500116,24673.95006105841,256.07,,,0.0,256.08,,,,,,,,,,,,,,,,,,,,,,12.9999,234173.21401809552,256.08,,,,12.9997,105283.1085244639,256.08,12.993416666666668,93611.17330409946,256.06,,,,,,,13.00615,49275.97669975736,73.06,,,,,,,,,,,,,,,,12.99965,178012.1415367177,113.05,12.999833333333331,144287.22488998104,256.1,12.993416666666668,110409.4358684782,147.07,,,,12.99365,128828.81396991025,256.07,,,,,,,,,,12.9934,94927.19106795292,256.1,,,,,,,,,,,,,12.9997,120269.4283208572,256.1,,,,12.993483333333334,72581.5703125,113.08,12.9934,137147.53125,256.08,12.987183333333332,72140.18893294016,256.09,,,,,,,,,,,,,,,,13.006033333333331,72005.13209273867,256.08,12.993616666666666,100532.1994658739,113.03,,,,,,,12.993616666666666,251180.75492141547,256.1,,,,,,,,,,12.9936,211646.01085880256,113.04,,,,,,,12.9873,52617.874303009805,113.05,12.9996,119326.7109375,256.06,12.993383333333332,214931.00891978288,256.06,,,,,,,,,,,,,,,,,,,,,,,,,,,,12.9872,77569.63074041743,256.06,,,,,,,,,,,,,,,,,,,,,,,,,,,,,,,,,,,,,,,,,,,,,,,,,,,,,,,,,,,,,,,,,,,12.999633333333332,927536.7185532044,256.08,12.999733333333332,1418786.125,256.08,12.99965,905722.0824500116,256.07,13.005883333333331,434948.983085347,256.08,12.9997,1063885.6913296771,256.08,12.9997,472994.9403080791,256.08,12.999783333333331,930200.6875,256.08,13.006116666666664,529882.7939399177,256.08,12.999816666666668,1249348.125,256.08,12.999833333333331,716386.3854852363,113.03,,,,12.999783333333331,769243.6343938136,113.03,12.999766666666666,1193333.9439127848,256.1,12.999816666666668,1125104.0,256.07,12.9997,1226388.0,256.08,12.999616666666666,638703.4376613491,113.03,12.999633333333332,1444954.949458428,256.08,12.999816666666668,842909.5172138002,256.07,12.99975,691975.7616110621,113.03,,,,12.993516666666666,563862.3393803986,256.07,1.0528680648124245
107,#108 333.1300@18.0478 MS1+,1,+,18.047833333333333,451387.59375,7582.691841360962,333.13,,,2.4454882563418323e-12,73.06272727272727,,,,,,,,,,,,,,,,,,,,,,,,,,,,,,,,,,,,,,,,,,,,,,,,,,,,,,,,,,,,,,,,,,,,,,,,,,,,,,,,,,,,,,,,,,,,,,,,,,,,,,,,,,,,,,,,,,,,,,,,,,,,,,,,,,,,,,,,18.047833333333333,735519.54753303,292.13,18.048,452010.1459827024,292.13,18.047833333333333,514878.96875,292.12,18.048,680173.7523219329,73.06,18.054166666666667,377083.4375,333.14,,,,18.048,214678.875,333.12,18.048,473564.21686767833,333.15,,,,,,,18.047666666666665,246456.90709312423,333.13,18.047833333333333,481107.25,73.06,,,,,,,18.047833333333333,333946.3248434507,73.07,,,,,,,18.0415,434265.4758743656,73.06,,,,18.047833333333333,451387.59375,333.13,,,,,,,,,,,,,,,,,,,,,,,,,,,,,,,,,,,,,,,,,,,,,,,,,,,,,,,,,,,,,,,,,,,,,,,,,,,,,,,,,,,,,,,,,,,,,,,,,,,,,,,,,,,,,,,,,,,,,,,,,,,,,,,,,,,,,1.0530826593346296
92,#93 73.0600@17.7602 MS1+,1,+,17.760166666666667,187513.45522505435,3412.8214236984245,73.06,,,3.610393650710364e-09,73.061,17.760166666666667,181859.5625,205.1,,,,17.759999999999998,1210213.75,205.1,,,,17.76033333333333,397281.0625,319.16,17.760166666666667,157446.14220399258,205.11,17.759999999999998,853774.0,319.14,17.747833333333332,109016.09192540776,73.06,17.754,691241.5988468373,319.17,17.759999999999998,1226997.375,205.11,17.759999999999998,759204.0625,205.1,,,,17.760166666666667,622287.2249864205,319.17,17.76033333333333,199927.9351360151,319.18,17.759999999999998,469715.59375,319.16,17.759999999999998,280055.09375,205.1,17.759999999999998,484560.375,205.1,,,,,,,17.759999999999998,262209.64250069135,73.06,17.760166666666667,403608.26410929154,319.17,17.759999999999998,885503.2904994112,319.16,17.759999999999998,201760.2228349839,73.06,17.754,386703.77547388285,73.06,,,,17.753833333333333,323079.96875,319.15,,,,,,,,,,17.759999999999998,784352.6588149045,319.15,,,,,,,17.753833333333333,249557.98017688972,73.06,17.753833333333333,283978.48660752294,73.06,17.753833333333333,182572.546875,73.06,17.753666666666668,250255.953125,73.06,,,,17.753833333333333,135064.96319656217,319.14,17.754,224152.4869638333,73.06,17.754,251493.7713472776,205.09,17.759999999999998,173007.578125,73.06,17.753666666666668,106043.0859375,205.1,,,,17.754,152844.15625,205.1,17.760166666666667,157292.7844666191,73.06,17.753833333333333,244872.5304462965,147.04,17.754,226909.3211492284,73.06,,,,,,,17.753833333333333,244713.0167328416,73.07,17.760166666666667,165974.81238569875,73.06,17.747666666666664,142903.0623175716,73.06,,,,17.754,173834.6056685435,73.06,,,,17.753666666666668,220211.88791650225,73.07,17.760166666666667,187513.45522505435,73.06,17.753666666666668,179182.30304011592,73.06,,,,17.7475,255046.8125,73.07,17.759999999999998,242166.4025103576,73.07,17.7665,151963.48835593584,73.06,,,,17.760166666666667,142708.06272922136,73.06,17.759999999999998,274690.84375,205.1,,,,,,,,,,17.760166666666667,107051.68822126382,147.06,17.760166666666667,135822.0625,73.06,,,,17.759999999999998,115370.9138618821,73.06,,,,,,,,,,17.760166666666667,132901.09375,73.06,17.753833333333333,121608.82011762432,73.05,17.760166666666667,126739.8866714213,73.05,,,,17.759999999999998,129710.58289255132,73.06,17.759999999999998,144056.71320918144,73.06,,,,,,,17.760166666666667,110226.78940972609,73.06,,,,,,,,,,17.76033333333333,56388.367631115136,73.05,,,,,,,,,,,,,,,,17.759999999999998,51927.98618187338,205.09,,,,,,,,,,,,,17.760166666666667,42158.76783674633,205.1,,,,,,,,,,,,,,,,,,,,,,,,,,,,,,,1.056300734019554
96,#97 227.0500@27.7813 MS1+,1,+,27.781333333333336,480412.7721355728,5542.0580357530725,227.05,,,0.0,227.02764705882356,,,,,,,,,,,,,,,,,,,,,,,,,,,,,,,,,,,,,,,,,,,,,,,,,,,,,,,,,,,,,,,,,,,27.781166666666664,149721.1875,227.03,,,,,,,27.768666666666665,218315.22702328436,281.02,,,,,,,,,,27.781166666666664,106470.65607249767,73.06,,,,,,,,,,,,,,,,27.781166666666664,134740.67628976982,133.04,,,,,,,,,,,,,,,,,,,,,,,,,,,,27.781333333333336,187733.4644835214,227.03,27.781333333333336,336963.3222285021,227.03,,,,27.775,609989.2416221409,227.03,,,,27.781333333333336,399583.8719942098,227.03,27.781333333333336,480412.7721355728,227.05,27.781333333333336,657627.3085592666,227.02,,,,27.774833333333333,407266.223132646,227.02,27.781166666666664,565419.5670056331,227.03,,,,27.781,539249.1550311486,227.05,27.775,450095.14287519257,227.02,27.781166666666664,577001.3608382593,227.04,27.787333333333333,489061.5854059176,227.03,,,,27.781166666666664,755048.0,227.03,27.781333333333336,600226.7561345339,227.02,27.775,679697.0,227.03,27.775,331269.9722404896,227.04,,,,,,,,,,,,,,,,,,,,,,,,,,,,,,,,,,,,,,,,,,,,,,,,,,,,,,,,,,,,,,,,,,,,,,,,,,,,,,,,,,,,,,,,,,,,,,,,,,,,,,,,,,,,,,,,,,,,,,,,,,,,,,,,,,1.0592251880178987
44,#45 241.0500@8.4771 MS1+,1,+,8.4771,690526.9375,15976.562563180632,241.05,,,0.0,241.0368,,,,8.477083333333333,524706.6572798677,241.02,8.47705,558967.145915982,241.05,8.483366666666667,444202.84375,241.02,8.47725,570995.625,241.04,8.477216666666667,478548.866111907,241.04,,,,8.47725,595856.5625,241.04,8.477233333333334,551034.5056022962,241.03,8.47705,572131.75,241.04,8.477016666666666,575466.625,241.03,,,,,,,8.47725,496172.00679531787,241.04,,,,8.477083333333333,435763.7034448431,241.06,,,,,,,8.476966666666666,385579.3140606668,241.05,,,,,,,8.477033333333333,581254.5,241.04,8.47695,1107571.875,241.05,8.471,1221494.0,241.04,8.477016666666666,930628.5,241.04,8.477066666666667,942234.2565445304,241.04,8.477,947307.0625,241.04,8.477,977372.3210401104,241.04,8.477083333333333,595412.5279234502,241.05,,,,8.477133333333333,854867.6875,241.02,8.4771,645807.6361481394,241.03,8.4708,742248.761797511,241.04,8.47705,848379.659775765,241.04,8.4771,611464.4595246085,241.05,8.477,750487.9646529063,241.03,,,,8.47715,468905.4238635243,241.04,8.470916666666666,809209.7432184726,241.05,8.477216666666667,923716.8919994872,241.05,8.477016666666666,979965.8101763068,241.04,8.476966666666666,729725.3670122214,241.04,,,,,,,8.4771,690526.9375,241.05,8.477133333333333,2080948.531623908,241.04,8.477233333333334,2235439.947863334,241.04,8.47715,2750648.0,241.04,8.477183333333333,2790112.755603285,241.05,8.4771,2511013.878963723,241.04,8.477216666666667,2699715.75,241.04,8.477233333333334,2303431.772752339,241.04,8.464733333333333,840053.725142831,241.04,8.477166666666667,2457195.1920388923,241.04,8.47695,2737411.75,241.04,8.476983333333333,1494713.7285656922,241.04,8.4771,2788272.66872763,241.04,8.476916666666666,1543293.4342010622,241.05,8.477033333333333,2467851.5,241.04,8.477083333333333,2526152.7174000973,241.05,8.476983333333333,2998858.5,241.04,8.47715,2621162.0,241.04,8.477066666666667,3125582.75,241.03,8.477183333333333,2854832.4992085146,241.03,8.477016666666666,2931373.75,241.04,8.477066666666667,2619521.872768516,241.04,8.477183333333333,1109516.805712109,241.04,8.477133333333333,938196.5109837478,241.03,8.477183333333333,1268070.0,241.04,8.48335,1239058.1593481377,241.03,8.477066666666667,1556534.875,241.03,8.477016666666666,1276692.375,241.03,8.477183333333333,1354076.9282379304,241.03,8.477033333333333,1279465.8883259806,241.04,,,,8.477116666666667,656239.9950717287,241.03,8.4833,580361.5,241.02,8.48345,659360.1520124362,241.05,,,,8.476983333333333,723366.4860490349,241.03,8.477066666666667,895812.875,241.04,,,,8.477133333333333,1556265.125,241.04,,,,,,,8.47705,664650.0158863913,241.04,8.47715,851436.375,241.03,8.458483333333334,3801265.75,241.04,,,,8.464583333333334,857127.0728741367,241.04,8.458233333333334,4523214.5,241.04,8.458216666666667,4607505.5,241.04,8.458283333333334,4230798.5,241.04,8.4583,2353442.0,241.04,8.458366666666667,3068451.25,241.05,8.458433333333334,2437157.25,241.04,8.458400000000001,2030666.1223337203,241.04,8.458416666666666,4111029.0,241.04,8.458366666666667,2767779.75,241.04,8.458366666666667,1512561.625,241.04,8.45835,4123783.25,241.03,8.458400000000001,3620075.0,241.04,8.4583,3703025.75,241.04,8.4582,3832429.5,241.04,8.458216666666667,4201541.860134855,241.04,8.458400000000001,3557692.75,241.03,8.458333333333334,3101960.070432399,241.04,,,,8.458366666666667,3817274.75,241.04,1.0749334749110588
53,#54 180.9900@10.0159 MS1+,1,+,10.015866666666666,1562901.5,44794.69012552596,180.99,,,0.0,154.9716091954023,10.022216666666669,525439.125,180.99,10.022166666666667,667316.3482203069,180.99,,,,10.01595,578922.665001661,180.99,10.016083333333334,682700.4364019011,180.99,10.016033333333333,474940.8526352383,181.0,10.015816666666666,606143.5512955884,180.99,10.022333333333334,728698.0625,180.98,10.022316666666669,700936.9375,181.0,10.015866666666666,651258.3125,180.99,10.0221,506658.78125,154.97,10.0158,632370.2871213511,181.01,10.016033333333333,606239.3125,180.99,10.016083333333334,531275.4101263959,180.98,10.02215,504715.6875,180.99,10.015916666666667,592510.875,181.0,10.015866666666666,565549.0043375302,181.0,10.01605,591398.125,180.98,10.0158,437888.1432125879,180.98,10.015833333333337,590013.5107509026,180.99,10.022266666666669,679870.5,181.0,10.01585,643649.202808046,180.98,10.015783333333331,1141820.4716967891,181.0,10.016083333333334,1539556.833558777,180.99,10.015833333333337,1183206.1392883293,180.99,10.015899999999998,1352315.2751397518,180.99,10.015816666666666,1121070.374015049,181.0,10.015833333333337,1379929.004999271,180.98,10.015916666666667,950109.0428070994,180.99,10.015916666666667,1003530.75,180.99,10.01595,1165453.75,180.99,10.015933333333331,614029.6681711192,154.96,10.015883333333331,1021729.76386456,180.98,10.015883333333331,1165016.25,181.0,10.015916666666667,671307.9375,154.97,10.015833333333337,1060693.0,181.0,10.015883333333331,722733.0550715236,180.98,10.015966666666666,954819.568294076,180.99,10.016,1095383.625,180.99,10.01605,1182831.625,180.98,10.015833333333337,1267182.5,181.0,10.0158,934674.0,180.98,10.01595,905518.0848933884,180.98,10.01605,941490.5,181.0,10.022183333333334,634927.75,154.97,10.022216666666669,2365447.75,181.0,10.0223,2084462.625,180.99,10.015983333333333,2030471.3821159825,180.99,10.022266666666669,2326162.8467064328,181.0,10.022183333333334,2603152.8384200307,180.99,10.0223,2667294.122072032,180.99,10.016066666666667,2206320.2208029944,180.98,10.022316666666669,3518778.235200388,180.99,10.02225,2609105.080095792,180.99,10.022033333333331,2847457.147118001,180.98,10.022066666666666,2690403.7406177525,180.99,10.022183333333334,2538197.7115900666,180.99,10.022,2862663.563964359,180.99,10.015866666666666,2345627.741444709,180.99,10.022166666666667,2264547.895780144,181.0,10.0158,2476173.947411974,180.99,10.015983333333333,2709277.0,180.99,10.02215,3397916.25,181.0,10.022266666666669,2936908.4048448927,181.0,10.01585,2369165.8252333417,180.99,10.02215,3026563.5,180.99,10.016,1172212.875,180.99,10.022216666666669,902995.2791516104,181.0,10.016016666666667,1349811.611478321,180.98,10.022166666666667,1634766.3937082896,180.98,10.015899999999998,1688838.75,180.99,10.01585,1401228.75,180.99,10.016,1528316.125,180.99,10.015866666666666,1562901.5,180.99,10.01605,1397223.066078187,180.98,10.015933333333331,1147909.8457044556,180.98,10.022133333333333,469017.6614363977,180.99,10.016016666666667,710881.8209297035,180.98,10.015966666666666,731515.625,180.99,10.0158,778402.9699591349,180.98,10.015883333333331,1064913.75,180.99,10.022166666666667,389877.568227048,180.98,10.015966666666666,2163092.5,180.99,10.016033333333333,766405.375,180.98,10.0221,257344.2117926033,181.0,10.015883333333331,760458.875,180.99,10.015966666666666,1002433.5277676904,180.99,10.022333333333334,759742.9853732715,181.0,,,,10.022166666666667,670712.1875,299.08,10.022083333333336,334217.39814884943,154.98,10.022066666666666,395978.90625,181.0,10.022133333333333,337094.96875,180.98,10.022133333333333,265880.5465094922,181.0,,,,10.016033333333333,152780.72358956974,154.97,,,,10.022266666666669,236807.03125,180.97,,,,,,,,,,,,,,,,,,,10.022066666666666,187530.2069948949,180.99,,,,,,,,,,,,,1.0752514902590657
19,#20 357.1100@15.9149 MS1+,1,+,15.91485,6196525.464291325,106544.96580872012,357.11,,,0.0,357.1084507042254,,,,,,,15.914716666666669,433332.1990248597,357.1,15.914783333333332,519670.1875,299.08,15.921183333333332,567751.1302060061,357.13,15.921133333333334,396439.84375,357.09,15.9209,631717.125,299.04,15.921166666666666,618779.4059036983,357.11,15.92115,790347.75,299.05,15.920966666666668,848309.625,357.11,15.914683333333333,431975.0323225765,299.09,15.914633333333336,337885.84375,357.11,15.914866666666668,511289.21875,357.11,15.914916666666668,515177.8125,357.12,15.914733333333334,324105.1875,299.09,15.91475,310245.0625,357.1,15.914716666666669,425808.15625,299.09,15.914883333333334,367417.03125,357.1,,,,15.920916666666669,573380.875,357.11,,,,15.92095,476532.75,357.12,15.914616666666666,691489.375,357.1,15.914916666666668,1592184.125,299.05,15.914683333333333,636832.7983529627,357.1,15.914733333333334,756888.3125,299.05,15.914666666666667,1045597.75,299.07,15.914666666666667,1045324.0,357.11,15.91475,872728.375,357.1,15.91475,519857.78125,299.07,15.914783333333332,639382.6314013308,357.1,,,,15.914716666666669,330966.2941077041,357.1,15.914716666666669,1006172.25,357.1,15.9085,230465.3125,357.13,15.914666666666667,603551.875,299.08,15.914716666666669,452594.28125,299.06,15.9148,446130.0625,357.1,15.914833333333332,952729.25,299.06,15.914883333333334,614809.4688797079,357.11,15.914666666666667,522521.1840373939,299.05,,,,15.914783333333332,366667.75,357.11,,,,,,,15.914783333333332,8388096.0,299.08,,,,15.921066666666666,6479916.20269765,357.13,15.91485,4483739.0,299.07,15.921016666666668,6911960.97453348,299.07,15.921133333333334,2591409.737223496,357.11,15.9149,2183413.663406964,299.07,15.9149,7854794.251697851,357.14,15.921083333333334,2906042.0878600115,357.11,15.920866666666663,7325239.5,357.12,15.9209,3881860.75,357.11,15.921016666666668,8027334.5,299.07,15.920833333333333,2964969.045375365,357.12,15.92095,3115517.0606123903,357.11,15.921,1994623.0298730973,73.07,15.9209,8143743.5,299.07,15.921066666666666,8388096.0,299.07,15.920983333333334,8241421.5,357.11,15.91485,6196525.464291325,357.11,15.908433333333331,6119247.37939737,357.1,15.920983333333334,4973541.5,357.11,15.914833333333332,285077.59375,357.12,15.92105,342037.0126828897,357.11,15.91485,424169.65625,357.11,,,,15.920983333333334,216444.90625,299.08,15.914683333333333,301994.625,357.11,15.91485,331682.735901214,299.04,15.92095,456556.5625,299.07,15.914883333333334,471685.7396197384,357.11,,,,15.920966666666668,6431221.5,357.11,15.9211,341510.96875,299.07,15.92105,298288.65625,357.1,15.9209,263584.9709784323,357.11,15.920983333333334,378052.25,357.09,,,,,,,,,,,,,15.920983333333334,349288.94826160587,299.07,,,,15.921166666666666,298025.15625,357.1,15.9209,1599233.625,299.05,15.921,706843.9313057719,299.04,15.920916666666669,405636.807373321,357.1,,,,15.920966666666668,634899.125,299.08,15.920983333333334,380924.750681818,299.08,,,,15.921116666666668,818480.375,299.05,15.921083333333334,1155506.75,357.1,15.91485,405709.09375,357.1,15.92105,504991.1875,357.12,15.92105,459116.25,357.11,15.921033333333332,429477.4375,357.11,15.914833333333332,321761.95777312753,299.05,,,,,,,15.9209,536296.5,299.07,15.921083333333334,455992.5,299.07,15.91475,329369.78125,299.05,,,,15.92105,393279.25,357.1,1.1130176420377071
106,#107 58.0800@23.7842 MS1+,1,+,23.784166666666668,123593.59974901249,3245.180542060813,58.08,,,0.0,58.078,,,,23.784,25601.1627353508,58.07,,,,,,,,,,,,,,,,,,,,,,,,,,,,,,,,,,,,,,,,,,,,,,,,,,,,,,,,,,23.784,28763.867430081307,75.03,,,,,,,,,,,,,,,,,,,,,,,,,,,,,,,,,,,,,,,,,,,,,,,,,,,,,,,,,,,,,,,,,,,,,,23.784,459541.509269449,58.08,23.784166666666668,327705.6270568451,58.08,23.784166666666668,447927.3125,58.08,23.784166666666668,256442.604397656,58.08,23.784,348820.20210354705,58.08,,,,23.784166666666668,123593.59974901249,58.08,23.784166666666668,411041.5769340844,58.08,23.784166666666668,168774.93371368054,58.08,23.78383333333333,234040.265625,58.08,,,,23.777833333333334,199017.2813370108,58.07,23.77766666666667,177296.28092935344,58.07,23.784,165683.3348171885,58.08,,,,,,,23.784166666666668,189263.16037166183,58.08,23.777833333333334,261006.3113547221,58.09,23.784166666666668,243690.14383344437,58.08,23.77766666666667,247926.625,58.08,23.777833333333334,225698.15625,58.08,23.784166666666668,30925.87370873424,58.08,,,,,,,23.784,72395.61912413339,58.07,,,,,,,,,,,,,,,,,,,23.784,33720.537560156925,58.09,,,,,,,,,,,,,,,,,,,,,,,,,,,,,,,,,,,,,,,,,,,,,,,,,,,,,,,,,,,,,,,,,,,,,,,,,,,,,,,,,,,,,,,,,,,,,,,,,1.1162006097051524
38,#39 71.0800@12.4805 MS1+,1,+,12.480483333333332,1058285.6383613695,22174.055306218692,71.08,,,0.0,58.074571428571424,12.480583333333334,434306.09375,72.08,12.480533333333334,1006174.528259282,71.07,12.4805,1097877.75,71.08,12.480566666666666,672129.3240152227,71.09,12.480716666666666,932574.2945363903,71.08,12.480666666666668,607585.9512364732,71.08,12.480433333333334,912269.9682045908,71.09,12.4807,1162475.9792369097,71.08,12.480683333333332,1080009.375,71.08,12.4805,823406.8125,72.09,12.480483333333332,1007558.3125,71.09,12.480433333333334,638935.6930070191,72.09,12.48065,777773.9375,71.09,12.4807,858465.7731439597,71.08,12.480533333333334,617344.25,71.09,12.480533333333334,688375.4375,71.08,12.4805,821586.4375,71.07,12.480666666666668,787741.2655814064,71.07,12.480416666666668,466275.4073031892,71.08,12.48045,949533.9394024572,71.08,12.480633333333332,1011924.3698670014,71.09,12.480483333333332,1058285.6383613695,71.08,12.4804,2330117.5,71.08,12.4807,2490072.182743472,71.08,12.474216666666669,1299789.0122565643,71.08,12.480516666666666,1493322.7979119692,71.08,12.48045,1264145.058042099,71.08,12.48045,1587715.9669252126,71.09,12.474283333333334,866950.1875,71.09,12.480533333333334,1138606.0554994647,71.08,12.480583333333334,1608371.75,71.08,12.4743,719564.9962142683,71.09,12.4805,1224823.6451773387,71.08,12.480516666666666,1309530.7132132244,71.08,12.48055,684540.9397500098,71.09,12.48045,1155506.1476566964,71.08,,,,12.4806,1157606.8645818727,71.08,12.480633333333332,1269749.5,72.08,12.480666666666668,1792004.896955667,71.08,12.480466666666668,2016424.0,71.08,12.474166666666669,951638.1407850194,71.08,12.474316666666663,748004.7222587987,71.08,12.474416666666666,1093711.1884831334,71.08,12.48055,1559934.125,71.08,12.480583333333334,5544988.621304138,71.09,12.480683333333332,3034403.8219072586,71.08,12.4806,3629358.689041195,71.08,12.480633333333332,5019289.0,71.08,12.480566666666666,2817851.730365545,71.08,12.480666666666668,3166206.5,71.09,12.480683333333332,2318245.25,71.09,12.480683333333332,6890660.080392965,71.09,12.480616666666666,3253841.7850530674,71.08,12.4804,3110432.25,71.08,12.48045,2601031.303219391,71.08,12.48055,3192337.380692783,71.08,12.480366666666669,3953254.25,71.09,12.480483333333332,1972785.631653753,71.08,12.480533333333334,3024930.262667286,71.08,12.480433333333334,4244980.0,71.08,12.4806,3457224.75,71.08,12.480516666666666,4492307.648573545,71.09,12.480633333333332,4159996.040955135,71.09,12.480483333333332,3596733.9133219407,71.09,12.480516666666666,3317073.0,71.08,12.480633333333332,2099578.6678694864,71.08,12.480583333333334,2228369.743828238,72.08,12.480633333333332,2237321.3981014434,71.08,12.48055,3872889.0,71.08,12.480516666666666,2105402.5,71.08,12.480466666666668,1291529.5552598652,71.08,12.480633333333332,1845676.1453135435,71.08,12.4805,1887242.75,71.08,12.480683333333332,1734387.5,71.08,12.480566666666666,1124051.199342894,71.07,12.4805,761060.340388539,71.08,12.480633333333332,1145530.0,71.08,12.480583333333334,1038218.5625,71.08,12.480433333333334,1177322.4109914007,71.08,12.480516666666666,1890075.0,71.08,,,,,,,12.48065,1137051.819587327,71.08,,,,12.480516666666666,1060571.7543080775,71.07,12.4806,1831585.456724007,71.08,12.48695,289422.4375,71.07,12.486683333333334,354207.5625,71.07,12.474283333333334,238420.75,72.1,12.48045,378293.0,71.09,,,,12.486766666666666,346459.6875,71.09,,,,12.480583333333334,315262.70841244364,71.07,,,,12.486866666666666,185751.453125,72.07,12.480633333333332,366488.80488799536,71.08,12.480583333333334,316190.0831544241,71.08,12.480583333333334,337247.90625,71.09,12.486833333333331,303837.0625,71.09,,,,12.480516666666666,315087.63401941245,71.09,12.480416666666668,305570.3310773127,71.08,12.480433333333334,461885.28125,71.08,12.480616666666666,404748.21875,71.07,12.48055,330182.78125,71.08,,,,12.480583333333334,312719.36808055354,71.08,1.1209357897768015
43,#44 71.0800@17.9978 MS1+,1,+,17.997833333333332,177137.11282073488,3546.279410407898,71.08,,,3.419486915845482e-14,73.06173913043479,18.004166666666666,207636.55163982947,72.08,18.004,363581.4375,71.07,17.997833333333332,367315.90625,72.09,,,,18.004166666666666,414308.33755554527,71.08,18.004166666666666,216062.127871851,71.08,18.004,279905.7605662095,72.08,17.998,331138.3093769308,72.08,18.004166666666666,416234.9375,72.09,17.997833333333332,249592.87435356,72.09,18.004,453054.84758998535,72.07,,,,18.004166666666666,339559.375,72.08,,,,,,,18.004,189787.42396126277,72.08,,,,17.998,214202.748484567,72.08,18.004,164564.109375,72.08,17.997666666666664,215350.78125,72.08,18.004166666666666,235563.9086973968,71.09,18.004,222002.15625,71.08,18.004,505331.0561836416,72.08,17.998,778102.1875,71.08,17.997666666666664,478067.8125,71.08,17.997833333333332,284801.125,72.09,17.997666666666664,472766.5625,72.08,17.997666666666664,385258.59375,71.09,18.004,142538.18896864995,71.09,17.997833333333332,224372.89775782777,72.08,,,,,,,17.997833333333332,177137.11282073488,71.08,17.997833333333332,539622.6875,71.08,17.997833333333332,140864.5368709554,71.09,18.004,234410.1660542196,71.08,18.004,145799.6875,71.07,17.997833333333332,227134.66311826877,71.08,17.997833333333332,344516.96899786603,72.08,18.004166666666666,213703.890625,71.08,17.997666666666664,303820.0301274526,71.08,,,,18.004,125573.7578125,71.08,17.998,209837.265625,72.08,18.004,324653.10697226465,71.08,18.004166666666666,5114394.0,72.09,18.004166666666666,1616064.5279394626,72.09,18.004166666666666,2852755.25,72.09,18.004166666666666,447910.9375,71.08,18.004,2079431.5,72.09,18.004166666666666,536139.125,71.07,,,,18.004166666666666,4484081.656601911,72.09,,,,18.004,1518093.375,72.09,17.997666666666664,689633.375,72.09,18.004,2408817.25,72.09,18.003833333333333,818019.160118694,72.09,18.004,887599.3125,71.08,18.004,1355202.9690398804,72.08,18.004,1628992.7936619003,71.08,18.004166666666666,1055526.8152581237,71.08,18.004,2473472.406427479,72.09,18.004166666666666,1055111.875,72.08,18.004,1558734.25,72.09,18.004,1201747.9911900845,72.08,,,,18.004166666666666,97317.69346531529,71.09,,,,,,,17.997833333333332,69775.08088681853,71.08,,,,18.004166666666666,147244.12562570375,71.08,18.004,71582.09375,71.08,,,,,,,18.004,952697.21638875,72.08,,,,18.004166666666666,117042.6640625,72.09,,,,,,,,,,,,,18.004166666666666,42193.692499513,71.08,,,,18.004,46820.96192672761,72.09,,,,,,,,,,,,,,,,,,,,,,,,,,,,,,,,,,,,,18.01033333333333,131750.71875,72.07,,,,18.016666666666666,77427.31553573142,72.06,,,,,,,,,,,,,18.004166666666666,168591.421875,71.07,,,,,,,18.004,151449.5702282797,71.08,1.1215458954013369
99,#100 211.0100@14.6324 MS1+,1,+,14.632433333333331,651729.9375,7965.794510923404,211.01,,,5.6621374255882976e-15,210.99814814814812,14.64495,40485.58984375,211.0,,,,,,,,,,,,,14.626266666666668,32513.603673133723,211.03,,,,,,,,,,14.61985,58309.62890625,211.0,,,,,,,14.645016666666669,44700.734375,211.0,,,,,,,,,,,,,,,,,,,,,,,,,,,,14.626,119191.8359375,210.99,14.6263,172749.27854712913,210.99,,,,14.632366666666666,44903.0686630673,283.02,14.62605,94118.5625,211.02,,,,,,,,,,,,,,,,14.61985,48568.066905816326,211.0,,,,,,,14.62605,66513.13932577049,211.01,,,,,,,,,,14.632533333333331,76341.46169452288,211.0,14.638566666666666,75805.42034876496,211.0,,,,,,,,,,,,,14.632433333333331,651729.9375,211.01,14.632533333333331,486197.75,210.99,14.638716666666664,556266.375,211.0,14.63875,182739.24509800764,211.0,14.61365,116206.34685319677,211.0,14.632516666666668,251648.63616427704,211.0,14.63255,137352.38880582145,211.0,14.626283333333332,478492.9829781448,211.0,,,,,,,14.6323,203900.0822922193,210.99,14.62615,257902.9434275783,211.0,14.638483333333332,245025.359375,210.99,,,,14.632383333333332,326320.59375,211.0,14.619783333333334,106593.78939971222,211.0,14.6262,194959.14036509764,210.99,14.632383333333332,427950.5038687138,210.98,14.626233333333332,215578.00533035857,210.99,,,,14.638633333333331,174959.5523809222,283.06,,,,,,,,,,,,,,,,,,,,,,,,,,,,,,,14.6386,93344.01638563108,211.0,,,,,,,,,,,,,,,,,,,,,,,,,,,,,,,,,,,,,,,,,,,,,,,,,,,,,,,,,,,,,,,,,,,,,,,,,,,,,,,,,,,,,,,,,,,,,,,,,1.1255959913239821
49,#50 142.0800@16.5591 MS1+,1,+,16.55905,186311.0890315724,3017.4114738581925,142.08,,,0.0,142.08562500000002,,,,16.55905,144097.109375,73.07,,,,16.559083333333334,162043.69722241847,142.09,,,,16.565433333333335,223841.3125,142.09,,,,,,,16.5592,254798.640625,142.08,,,,,,,,,,,,,,,,16.55905,100687.642172116,142.08,,,,16.565266666666666,139198.34375,142.09,,,,,,,,,,16.55915,158217.578125,142.08,16.559,210944.64908522728,142.08,,,,16.559216666666668,131786.171875,142.04,,,,,,,,,,,,,16.55905,186311.0890315724,142.08,,,,16.5591,251022.328125,142.08,16.559066666666666,116073.515625,142.09,16.552766666666667,144419.3125,142.08,16.55901666666667,100561.3515625,142.11,,,,,,,,,,,,,,,,16.559183333333333,238891.69867462548,142.08,,,,,,,,,,,,,,,,16.565350000000002,1466251.375,142.09,16.565450000000002,1308745.625,142.09,16.565383333333333,1202646.75,142.09,16.55915,1772608.125,142.1,16.559066666666666,1345159.125,142.09,16.565433333333335,3260333.5,142.09,16.565466666666666,991988.2532317862,142.08,16.5592,1458091.625,142.09,16.55913333333333,3915206.977418535,142.09,16.565166666666666,806131.125,142.08,16.55895,1408443.25,142.09,16.559066666666666,846186.0566395499,142.08,16.558883333333334,1856784.875,142.09,16.559,522957.4283817569,142.09,16.55905,1212964.875,142.09,16.55895,1125898.125,142.09,16.559116666666668,1036421.25,142.08,16.5653,1508510.4477211763,142.09,16.5654,2201258.75,142.09,16.56525,1186970.5,142.08,16.5653,1759211.875,142.09,,,,,,,16.55915,169527.234375,73.05,,,,,,,,,,,,,,,,,,,,,,16.565266666666666,678092.2317984902,142.09,,,,,,,,,,16.565283333333333,273492.1515122504,142.08,,,,16.5591,342665.9545868701,142.07,,,,,,,16.565283333333333,319897.8025032266,142.09,,,,16.565466666666666,99789.03442527627,142.08,,,,16.565316666666668,87585.53125,73.05,,,,16.5652,111563.62271403582,142.08,,,,16.559033333333335,108604.37792016169,142.09,16.565350000000002,177575.421875,142.08,16.565433333333335,98667.84077016036,142.08,16.55913333333333,143205.34695417932,142.09,,,,,,,,,,16.565350000000002,106896.48684013216,142.07,,,,,,,16.565183333333334,173792.64676378045,142.08,16.571466666666666,77820.67857887039,142.08,,,,,,,,,,16.5591,114435.0156208108,142.09,1.1274118572373684
26,#27 207.1100@27.5562 MS1+,1,+,27.556166666666662,6520809.0,149651.00481904752,207.11,,,0.0723563896242139,119.06686868686867,27.56233333333333,5361380.5,207.1,27.556,5712490.0,207.11,27.556,6334308.0,207.1,27.556,5117824.0,207.11,27.556166666666662,6849367.071661234,207.1,27.556166666666662,5965049.0,207.11,27.556,7420745.5,207.11,27.556166666666662,6999290.5,207.11,27.556166666666662,6707021.5,207.11,27.556,5895147.0,207.11,27.556,6243882.5,119.07,27.556,5673820.5,207.11,27.556166666666662,6807235.5,207.12,27.556166666666662,5696011.0,207.1,27.556,5023461.5,207.11,27.556,5571905.0,207.1,27.556,4950680.0,207.1,27.556166666666662,5449203.5,207.11,27.556,5460083.0,207.1,27.556,5880949.0,207.1,27.556166666666662,6520809.0,207.11,27.556,6006315.5,207.11,27.55583333333333,4348273.0,119.06,27.55,7035677.5,207.1,27.549666666666667,6481698.550944973,207.1,27.556,6184747.0,207.11,27.549666666666667,6156946.088256352,119.07,27.556,6445142.0,207.11,27.54983333333333,6766482.0,207.11,27.54983333333333,3327572.8780426146,119.07,27.556,6122955.5,207.1,27.54983333333333,5083172.0,207.1,27.549666666666667,5826115.221558076,207.1,27.549666666666667,7439300.906201315,207.12,27.556,8288987.5,207.12,27.556,7085879.0,207.1,27.549666666666667,4954143.629397742,207.11,27.556166666666662,7078093.5,207.11,27.54983333333333,3606039.82956192,119.07,27.556166666666662,6305870.5,207.1,27.549666666666667,4445172.0,207.1,27.556,5753375.080977508,207.11,27.54983333333333,6935987.0,207.11,27.556166666666662,6564839.0,207.11,27.556,4221703.96944484,207.11,27.556,4586249.5,207.1,27.556166666666662,4963821.0,207.1,27.556166666666662,5213536.5,207.1,27.556166666666662,4944956.5,207.11,27.556,6106965.972901565,207.11,27.556166666666662,6478798.588885931,207.11,27.556166666666662,6788257.5,207.11,27.556166666666662,5664553.5,207.11,27.556166666666662,5108608.0,207.1,27.549666666666667,5707025.0,207.11,27.556,6688489.0,119.08,27.556,7481792.5,207.11,27.55583333333333,3576405.501415906,207.11,27.556,6605481.0,207.1,27.556,4532177.282595233,207.11,27.556,6137612.930594922,207.1,27.54983333333333,4258196.5,207.1,27.556,8299525.0,207.11,27.54983333333333,3756340.758287283,207.11,27.549666666666667,4822293.5,207.1,27.556,6447538.0,207.11,27.556166666666662,6364480.0,207.11,27.556,7864341.5,207.11,27.556166666666662,6063987.0,207.1,27.556,6539004.5,207.11,27.556,4899217.0,119.07,27.556,3653997.3840842326,119.07,27.556166666666662,5232438.5,207.1,27.556,4853506.0,207.1,27.556166666666662,5638839.5,207.1,27.556,4535122.5,207.1,27.556,6491741.0,207.1,27.556166666666662,4821785.5,207.1,27.556,3624388.0,207.09,27.556,3708018.0,207.1,27.556,5246638.428283609,207.11,27.556,1293382.5,207.07,27.556,8224497.163140129,207.11,27.556166666666662,4139656.0,207.09,,,,27.556,3435033.75,207.09,27.556166666666662,4676027.5,207.1,27.556166666666662,7304975.0,207.11,27.562166666666663,8388096.0,207.11,27.56233333333333,7219590.976198232,207.11,27.562166666666663,6538023.219777489,207.1,27.562166666666663,6912767.0,207.1,27.56233333333333,6062651.0,207.11,27.56233333333333,6183259.5,207.1,27.56233333333333,5889733.0,207.1,27.5625,3480351.25,133.03,27.56233333333333,6813551.5,207.11,27.56233333333333,4378610.0,119.07,27.56233333333333,8388096.0,207.11,27.556,6503297.5,207.11,27.556,7163409.5,207.11,27.556166666666662,6064215.5,207.1,27.556,3906477.141527088,119.06,27.556,3751037.75,119.06,27.556,5607600.0,207.1,27.556166666666662,8388096.0,207.11,27.556,4600617.5,207.09,,,,27.556,3158477.75,119.06,1.1302167774243046
98,#99 217.1000@15.2956 MS1+,1,+,15.295616666666666,652094.9375,11743.897631550264,217.1,,,1.1102230246251563e-16,73.06190476190476,,,,15.295466666666666,106215.4609375,217.12,,,,,,,,,,15.295583333333331,45665.78846805266,217.09,,,,,,,15.295616666666666,157511.640625,217.1,,,,,,,15.2891,35874.50451554564,217.11,,,,,,,,,,,,,,,,15.2956,76653.28320945035,217.11,,,,,,,,,,,,,,,,,,,,,,,,,15.289116666666668,61903.05832120575,217.12,15.289116666666668,80133.4921875,217.12,15.295466666666666,30849.16938189747,73.06,,,,,,,,,,,,,,,,,,,,,,,,,15.295516666666666,67798.53335924051,217.11,,,,,,,,,,,,,,,,,,,,,,15.301766666666667,538340.3733014887,217.12,15.2956,327242.4656661925,217.11,,,,15.295566666666668,333372.51284737745,217.1,,,,15.30185,281934.0192832225,217.09,15.295616666666666,285137.16235071374,217.11,15.295616666666666,652094.9375,217.1,15.29555,416842.6875,217.11,,,,15.295366666666666,376283.34375,217.1,15.301733333333337,199255.13734104467,217.11,15.2953,133264.9142921354,217.11,,,,15.29545,492825.625,217.1,15.29535,180178.94569242204,217.12,15.295533333333331,152934.06179759192,73.06,15.29545,616304.75,217.11,15.295566666666668,398329.2493259889,217.11,15.2954,164345.21248374385,73.06,15.2892,256591.0263909055,217.11,,,,,,,,,,,,,,,,,,,,,,,,,,,,,,,15.295416666666666,104387.22065191712,217.11,,,,,,,,,,,,,,,,,,,,,,,,,,,,,,,,,,,,,,,,,,,,,,,,,,,,,,,,,,15.29555,209605.19184151024,217.1,,,,,,,,,,,,,,,,,,,,,,,,,,,,,,,,,,,,,1.137071929035128
50,#51 73.0500@20.3810 MS1+,1,+,20.381,160911.7083017337,4470.7404158312365,73.05,,,0.0,227.0265151515152,20.38733333333333,244103.890625,73.03,,,,20.38733333333333,462144.1865402532,73.06,20.381166666666665,157046.9812542104,73.06,20.38133333333333,326643.1206880695,73.06,20.381166666666665,162149.88161534036,73.06,20.381,350772.278624928,73.06,20.38133333333333,275136.1087876443,73.06,20.3875,407118.375,299.05,,,,20.381,378461.5725578971,73.06,,,,20.381166666666665,280203.0,73.06,,,,,,,20.381166666666665,252691.828125,73.06,20.381,353154.0,73.06,20.3875,239121.1896156612,73.06,20.381,163016.375,73.06,20.38733333333333,434548.75,73.06,,,,20.381,300052.8624011849,73.06,20.381,675384.1875,73.06,20.38133333333333,798520.5625,299.05,20.381,283251.8681841598,299.04,20.381,609559.2433400981,73.05,20.381,604360.9375,73.06,20.381,916928.9375,73.05,20.381166666666665,298552.71875,73.06,20.381166666666665,358391.65625,73.06,20.381166666666665,687782.5021997073,73.06,20.37483333333333,88745.59375,227.02,20.381,651490.9437500803,73.06,,,,,,,20.381,365719.1168336609,299.08,20.381,267600.67990046705,73.06,20.37483333333333,543620.1875,73.06,20.381166666666665,658740.6875,73.06,20.381166666666665,897658.625,73.05,20.381,718852.20835495,73.06,20.374666666666663,354719.46875,73.05,20.381166666666665,343097.74895020854,73.06,,,,,,,20.381166666666665,3724649.5,73.06,20.3875,1145924.3579954046,73.06,20.381166666666665,1385536.8985883836,73.06,20.3875,2328348.75,73.06,20.38733333333333,1955143.687705372,73.07,20.381166666666665,1534704.6092359782,73.06,20.38133333333333,1498257.375,73.06,20.38133333333333,3909335.75,73.06,20.381166666666665,1634548.375,73.06,20.3935,1114279.8096133117,299.05,20.38733333333333,1595583.5066443337,73.07,20.381166666666665,3036352.75,73.06,20.381,2528238.75,73.06,20.381,1622236.901072757,73.06,20.381,2152347.5,73.07,,,,20.3875,1365272.766434973,73.06,20.381,3123192.25,73.06,20.375,1283925.4376634096,73.06,20.38733333333333,2596872.75,73.06,20.381,1750021.3403203094,73.07,20.3875,775616.4375,73.06,20.38733333333333,1089896.625,73.05,20.3875,580203.5,73.05,20.381166666666665,473906.4375,73.06,,,,,,,20.381166666666665,851534.8179038895,73.06,20.381,725950.3156537537,73.05,20.3875,772040.625,73.06,20.381166666666665,632653.6154959529,73.06,20.38733333333333,725275.5788425202,73.05,20.3875,717460.8125,73.05,,,,,,,20.381,907786.0420602724,73.06,20.381166666666665,114146.37948182778,73.05,20.37483333333333,1143876.107964937,73.06,20.381166666666665,373420.7935773328,299.06,,,,20.38733333333333,579919.625,73.06,,,,20.3875,184215.484375,73.05,,,,20.38733333333333,327231.6875,73.05,20.38733333333333,240672.99514208772,73.05,20.38733333333333,184249.081192016,73.05,20.38733333333333,204990.20599307283,73.05,20.381,160911.7083017337,73.05,20.38733333333333,202964.3064068953,73.06,,,,20.381166666666665,185777.5272087455,73.06,20.381166666666665,183759.12409735264,73.06,20.38733333333333,192394.265625,73.06,20.38733333333333,146091.37141374734,73.04,20.38733333333333,202359.625,73.05,20.381166666666665,181769.7233295185,73.05,20.38733333333333,183839.1585267713,73.05,20.387166666666666,110640.00051357305,73.06,,,,,,,,,,,,,20.381166666666665,135244.59375,299.04,1.1421224613572996
18,#19 211.0000@14.1194 MS1+,1,+,14.119433333333337,4222610.433612765,50748.92281259958,211.0,,,0.0,210.9980327868853,14.12575,230307.7028443305,211.0,,,,14.119416666666666,306188.8145892862,211.0,,,,14.094600000000002,226112.75417113013,210.99,,,,,,,14.113366666666668,309099.75,211.0,,,,14.119416666666666,296784.7076047108,211.0,,,,,,,,,,14.10085,156419.74649640938,211.01,,,,14.1132,207155.81432553724,211.0,,,,14.125833333333333,192447.41551467704,210.99,,,,14.119366666666668,166417.33758592285,211.0,14.1133,271804.99544352,210.99,,,,14.119316666666666,1146113.625,210.99,14.119616666666667,1600447.75,210.99,14.106866666666669,752935.25,210.99,14.1382,453617.5625,211.0,14.119366666666668,427676.0030281653,210.98,14.1131,876197.0,211.0,14.113183333333334,426078.6781076504,210.99,14.1257,262665.25022067584,210.99,14.106983333333334,281843.1795347418,211.01,,,,14.119416666666666,284502.59193080064,211.0,14.113166666666666,802645.6875,211.01,14.10695,149298.10019197222,211.0,,,,14.113166666666666,219742.43599287627,211.0,14.094483333333333,321283.9375,211.0,14.107033333333334,441898.3561226268,211.01,,,,14.106866666666669,517886.2508552099,211.0,14.125583333333331,212011.578125,211.0,14.100733333333332,199611.2436218352,210.99,14.113333333333332,301339.9699298391,211.0,14.113216666666666,269183.4660951573,211.0,14.113233333333334,8388096.0,211.01,14.100816666666669,4155816.482244432,210.99,14.113266666666668,8388096.0,211.0,14.11955,2124460.846136244,211.0,14.125733333333333,6471458.737905224,211.0,14.107066666666666,2488620.5,211.0,14.11335,1278195.228108028,211.0,14.100833333333332,6629174.904358327,211.0,14.113266666666668,468523.1826661913,211.0,14.113066666666668,6960526.0,211.0,14.1131,3284020.75,210.99,14.1132,8388096.0,211.0,14.119283333333334,3358406.941195057,210.99,14.11315,3598546.7825903664,211.0,14.113183333333334,6225711.0,211.0,14.113083333333332,5189232.697862021,211.0,14.107,3997776.75,210.99,14.113183333333334,8388096.0,211.01,14.107033333333334,4248076.5,210.99,14.113133333333334,6118410.5,211.0,14.119433333333337,4222610.433612765,211.0,14.113283333333332,314269.4718101882,211.0,14.106983333333334,372043.3944317696,211.0,,,,14.125716666666667,516039.96875,211.0,14.13195,286241.9477901917,211.0,,,,,,,,,,,,,,,,14.1194,2236246.75,211.0,14.11955,278551.00465609145,210.99,14.100733333333332,209550.82597082207,211.0,,,,,,,,,,,,,14.09455,181520.203125,210.99,,,,,,,14.11325,255351.6612494624,211.0,,,,14.11935,291403.6875,210.99,,,,,,,,,,,,,,,,,,,,,,,,,,,,,,,,,,,,,,,,,,,,,,,,,,,,,,,,,,14.106983333333334,201435.09491966327,210.99,1.152845798945797
36,#37 211.0000@14.1381 MS1+,1,+,14.138133333333334,491467.2629588549,9866.694751343432,211.0,,,0.0,210.9983333333333,,,,,,,14.144433333333334,276019.09375,211.0,,,,,,,,,,,,,,,,,,,,,,,,,,,,,,,14.119616666666667,218052.71875,211.01,,,,,,,,,,,,,,,,14.138133333333334,195336.7625414068,188.11,14.138316666666666,208245.3125,210.99,14.1319,214437.00961922095,211.01,14.144333333333332,659444.5742810003,210.99,14.10085,1507715.125,210.99,,,,,,,14.138133333333334,672899.1875,210.98,14.138133333333334,491467.2629588549,211.0,14.138216666666668,340159.5,188.11,14.100683333333334,325134.4026060032,210.99,,,,,,,,,,14.14445,358795.313897184,210.96,14.131966666666669,197895.59375,211.0,,,,,,,,,,14.1383,279966.83195729635,211.01,,,,,,,14.1381,181925.0566766964,188.11,,,,,,,,,,14.144516666666668,5067202.834537748,211.01,14.144616666666668,3412272.0,210.99,14.144533333333332,5798523.5,211.0,14.144566666666666,1075046.083119447,211.0,14.15075,2086998.26716944,211.0,14.138333333333332,1607537.2503943555,211.0,,,,14.144616666666668,5187519.388474809,211.0,14.125783333333334,423638.4757049769,211.0,14.138083333333332,5012882.0,211.0,14.138116666666669,1935106.8105614693,210.99,14.138216666666668,6219911.0,211.0,14.1443,2252747.2645172887,210.99,14.150683333333337,1775714.3365707411,211.0,14.1382,3284380.8921910413,211.0,14.144366666666668,3226056.361489687,211.0,14.138283333333334,2712167.878654725,210.99,14.14445,4883587.229611156,211.01,14.150816666666666,1865583.8120523456,210.99,14.144416666666666,2587601.7957837684,211.0,14.14445,3371894.0,211.0,,,,,,,,,,,,,,,,,,,,,,,,,,,,,,,14.138166666666669,474663.1946185403,188.11,,,,14.144516666666668,220922.0748277237,188.11,,,,,,,,,,,,,,,,,,,,,,,,,,,,,,,,,,,,,,,,,,,,,,,,,,,,,,,,,,,,,,,,,,,,,,,,,,,,,,,,,,,,,,,,14.132,190431.78164153645,73.06,1.1564874343992406
82,#83 73.0600@20.4562 MS1+,1,+,20.456166666666665,605772.3345406149,10380.646379130874,73.06,,,0.0,55.066153846153846,,,,,,,,,,,,,,,,,,,,,,,,,20.4625,79824.89851481465,75.07,,,,,,,,,,,,,,,,,,,,,,,,,,,,,,,,,,20.456333333333337,136916.6345116627,73.06,,,,20.456,180998.62198048417,73.06,,,,,,,20.456166666666665,181157.953125,337.26,20.456,136767.16688296353,75.03,20.456,408279.1875,337.25,,,,,,,,,,,,,,,,,,,,,,,,,,,,,,,,,,20.456333333333337,247652.73122873236,73.05,,,,20.456,126932.51182522374,75.04,,,,20.456333333333337,133464.32267078428,75.03,,,,20.456166666666665,661783.375,75.03,,,,20.456166666666665,605772.3345406149,73.06,20.4625,498980.2675202999,73.06,20.456166666666665,1133538.9711894344,337.24,20.456333333333337,1250760.125,337.25,20.456333333333337,535363.9375,73.06,20.456333333333337,1312751.875,337.24,20.4625,561241.875,337.25,20.456,769656.875,337.25,20.456,662725.9011074718,73.07,20.456166666666665,1167045.25,337.25,20.456,646950.8125,73.06,20.456166666666665,621409.1875,337.24,20.456166666666665,322993.875,262.21,,,,20.456166666666665,568867.4375,337.24,20.456166666666665,811180.1875,337.24,20.456333333333337,781591.375,337.25,20.456166666666665,832225.375,73.06,,,,,,,,,,,,,,,,,,,,,,,,,,,,,,,,,,,,,20.456333333333337,105943.20327324772,73.01,,,,,,,,,,,,,,,,,,,,,,,,,,,,20.4625,58720.34503232437,75.02,20.462333333333333,115179.70799033972,73.05,20.4625,104754.58084658584,73.05,20.462333333333333,86287.36882401479,75.04,20.462333333333333,71314.83366932195,73.05,,,,,,,,,,,,,,,,,,,,,,,,,,,,,,,,,,,,,,,,,,,,,,,,,,,,1.1596510421012147
77,#78 58.0800@21.1128 MS1+,1,+,21.11283333333333,611947.0625,15992.761698884422,58.08,,,0.0,58.07617647058823,,,,,,,,,,,,,,,,,,,,,,21.119333333333334,48931.04381965855,58.06,,,,,,,,,,,,,,,,,,,,,,,,,,,,,,,,,,,,,,,,,,,,,,21.113166666666665,227153.59375,58.09,21.11283333333333,91730.12176219064,58.07,21.113,108574.0,58.08,,,,,,,,,,21.10666666666667,74708.765625,58.09,,,,21.113,65222.5546875,58.07,,,,,,,,,,21.11283333333333,48345.092965930686,58.09,,,,,,,21.10683333333333,76468.21844346896,58.08,21.113166666666665,132975.90625,58.08,,,,,,,,,,21.113166666666665,70432.3718317463,58.06,,,,21.113,1570433.327201305,58.08,21.119333333333334,1004380.25,58.08,21.119333333333334,1178399.0,58.08,21.119333333333334,379637.8759285704,58.08,21.113,963256.4375,58.08,21.113166666666665,749469.8600070524,58.09,21.113166666666665,370947.8125,58.08,21.119333333333334,970963.9375,58.08,21.113,434648.8264287325,58.08,21.11283333333333,611947.0625,58.08,21.11283333333333,447880.7801121786,58.08,21.113,718498.5625,58.07,21.11283333333333,657569.25,58.07,21.113,466881.5625,58.08,21.113,610466.875,58.08,21.11283333333333,610259.125,58.09,21.119333333333334,470513.53125,58.08,21.113,810769.125,58.09,21.113,655339.0899198784,58.08,21.113,671067.3154664261,58.08,21.113,640613.8125,58.08,21.113,193685.6875,58.08,,,,21.119333333333334,212110.16574753425,58.08,21.11916666666667,638809.90262013,58.07,21.113,270075.0625,58.08,,,,21.119333333333334,173755.75,58.08,21.113,145717.52983360225,58.09,,,,21.113,93825.00672482488,58.08,,,,,,,,,,,,,,,,,,,21.113,461888.8842978452,58.07,,,,21.11283333333333,36322.18002152333,58.06,21.11916666666667,60962.957782771686,58.09,21.119333333333334,105958.29865358469,58.07,,,,,,,,,,21.10666666666667,16985.03125,58.05,,,,,,,,,,,,,,,,,,,,,,,,,,,,,,,,,,,,,,,,,,,,,,,,,,,,,,,1.1941999335999296
95,#96 58.0800@22.5955 MS1+,1,+,22.5955,175501.69925662328,5068.21402172705,58.08,,,0.0,58.07863636363636,,,,,,,,,,,,,,,,,,,,,,,,,,,,,,,,,,,,,,,,,,,,,,,,,,,,,,,,,,,,,,,,22.5955,49229.35534009312,58.08,,,,,,,,,,,,,22.5955,36865.13591782456,58.04,,,,,,,,,,,,,,,,,,,22.601666666666667,30042.21927616706,58.04,,,,,,,,,,,,,,,,,,,22.589166666666664,71485.0,58.08,,,,,,,,,,,,,22.5955,783856.482607001,58.08,22.595666666666663,535231.3125,58.08,22.5955,578426.575317909,58.08,22.595666666666663,283123.0439402165,58.08,22.5955,409817.88611543085,58.08,22.595666666666663,247488.82479625125,58.09,22.55183333333333,169005.8417646341,58.08,22.595666666666663,542781.4151383116,58.08,22.5955,193960.48529550584,58.08,22.55783333333333,339532.8125,58.08,22.5955,175501.69925662328,58.08,22.5955,311231.4816335193,58.07,22.595333333333333,244391.33035579015,58.07,22.5955,135631.4787402427,58.08,22.558,254489.2844489686,58.08,,,,22.5955,195715.54920664785,58.08,22.5955,396950.6548880296,58.09,22.595666666666663,314599.30630617886,58.08,22.5955,240227.0876341238,58.08,22.558,288313.2818664492,58.08,,,,22.5955,75551.22952429674,58.07,,,,,,,,,,,,,,,,,,,,,,22.5955,34137.808324985206,207.02,22.558,38224.38841305568,58.05,,,,,,,,,,,,,,,,,,,,,,,,,,,,,,,,,,,,,,,,,,,,,,,,,,,,,,,,,,,,,,,,,,,,,,,,,,,,,,,,,,,,,,,,,,,,,,,,,1.196112634408166
