,name,ms_level,polarity,retention_time,height,area,mz,neutral_mass,adducts,p_value,quantitation_mass,H1.CDF retention_time,H1.CDF height,H1.CDF mz,H2.CDF retention_time,H2.CDF height,H2.CDF mz,H21.CDF retention_time,H21.CDF height,H21.CDF mz,H22.CDF retention_time,H22.CDF height,H22.CDF mz,H23.CDF retention_time,H23.CDF height,H23.CDF mz,H24.CDF retention_time,H24.CDF height,H24.CDF mz,H25.CDF retention_time,H25.CDF height,H25.CDF mz,H3.CDF retention_time,H3.CDF height,H3.CDF mz,H31.CDF retention_time,H31.CDF height,H31.CDF mz,H32.CDF retention_time,H32.CDF height,H32.CDF mz,H33.CDF retention_time,H33.CDF height,H33.CDF mz,H34.CDF retention_time,H34.CDF height,H34.CDF mz,H35.CDF retention_time,H35.CDF height,H35.CDF mz,H4.CDF retention_time,H4.CDF height,H4.CDF mz,H41.CDF retention_time,H41.CDF height,H41.CDF mz,H42.CDF retention_time,H42.CDF height,H42.CDF mz,H43.CDF retention_time,H43.CDF height,H43.CDF mz,H44.CDF retention_time,H44.CDF height,H44.CDF mz,H45.CDF retention_time,H45.CDF height,H45.CDF mz,H5.CDF retention_time,H5.CDF height,H5.CDF mz,L1.CDF retention_time,L1.CDF height,L1.CDF mz,L2.CDF retention_time,L2.CDF height,L2.CDF mz,L21.CDF retention_time,L21.CDF height,L21.CDF mz,L22.CDF retention_time,L22.CDF height,L22.CDF mz,L23.CDF retention_time,L23.CDF height,L23.CDF mz,L24.CDF retention_time,L24.CDF height,L24.CDF mz,L25.CDF retention_time,L25.CDF height,L25.CDF mz,L3.CDF retention_time,L3.CDF height,L3.CDF mz,L31.CDF retention_time,L31.CDF height,L31.CDF mz,L32.CDF retention_time,L32.CDF height,L32.CDF mz,L33.CDF retention_time,L33.CDF height,L33.CDF mz,L34.CDF retention_time,L34.CDF height,L34.CDF mz,L35.CDF retention_time,L35.CDF height,L35.CDF mz,L4.CDF retention_time,L4.CDF height,L4.CDF mz,L41.CDF retention_time,L41.CDF height,L41.CDF mz,L42.CDF retention_time,L42.CDF height,L42.CDF mz,L43.CDF retention_time,L43.CDF height,L43.CDF mz,L44.CDF retention_time,L44.CDF height,L44.CDF mz,L45.CDF retention_time,L45.CDF height,L45.CDF mz,L5.CDF retention_time,L5.CDF height,L5.CDF mz,M1.CDF retention_time,M1.CDF height,M1.CDF mz,M2.CDF retention_time,M2.CDF height,M2.CDF mz,M21.CDF retention_time,M21.CDF height,M21.CDF mz,M22.CDF retention_time,M22.CDF height,M22.CDF mz,M23.CDF retention_time,M23.CDF height,M23.CDF mz,M24.CDF retention_time,M24.CDF height,M24.CDF mz,M25.CDF retention_time,M25.CDF height,M25.CDF mz,M3.CDF retention_time,M3.CDF height,M3.CDF mz,M31.CDF retention_time,M31.CDF height,M31.CDF mz,M32.CDF retention_time,M32.CDF height,M32.CDF mz,M33.CDF retention_time,M33.CDF height,M33.CDF mz,M34.CDF retention_time,M34.CDF height,M34.CDF mz,M35.CDF retention_time,M35.CDF height,M35.CDF mz,M4.CDF retention_time,M4.CDF height,M4.CDF mz,M41.CDF retention_time,M41.CDF height,M41.CDF mz,M42.CDF retention_time,M42.CDF height,M42.CDF mz,M43.CDF retention_time,M43.CDF height,M43.CDF mz,M44.CDF retention_time,M44.CDF height,M44.CDF mz,M45.CDF retention_time,M45.CDF height,M45.CDF mz,M5.CDF retention_time,M5.CDF height,M5.CDF mz,S1.CDF retention_time,S1.CDF height,S1.CDF mz,S2.CDF retention_time,S2.CDF height,S2.CDF mz,S21.CDF retention_time,S21.CDF height,S21.CDF mz,S22.CDF retention_time,S22.CDF height,S22.CDF mz,S23.CDF retention_time,S23.CDF height,S23.CDF mz,S24.CDF retention_time,S24.CDF height,S24.CDF mz,S25.CDF retention_time,S25.CDF height,S25.CDF mz,S3.CDF retention_time,S3.CDF height,S3.CDF mz,S31.CDF retention_time,S31.CDF height,S31.CDF mz,S32.CDF retention_time,S32.CDF height,S32.CDF mz,S33.CDF retention_time,S33.CDF height,S33.CDF mz,S34.CDF retention_time,S34.CDF height,S34.CDF mz,S35.CDF retention_time,S35.CDF height,S35.CDF mz,S4.CDF retention_time,S4.CDF height,S4.CDF mz,S41.CDF retention_time,S41.CDF height,S41.CDF mz,S42.CDF retention_time,S42.CDF height,S42.CDF mz,S43.CDF retention_time,S43.CDF height,S43.CDF mz,S44.CDF retention_time,S44.CDF height,S44.CDF mz,S45.CDF retention_time,S45.CDF height,S45.CDF mz,S5.CDF retention_time,S5.CDF height,S5.CDF mz,VIP
79,#80 73.1000@10.1531 MS1+,1,+,10.153066666666666,559287.6299429119,15923.44908935647,73.0999984741211,,,0.0,73.0999984741211,,,,,,,,,,,,,,,,,,,,,,,,,,,,,,,,,,,,,,,,,,,,,,,,,,,,,,,,,,,,,,,,,,,,,,,,,,,,,,,,,,,,,,,,,,,,,,10.146933333333331,26371.70463341105,73.0999984741211,,,,,,,,,,,,,10.153183333333333,40533.04249528164,73.0999984741211,10.153116666666667,41525.22960199913,73.0999984741211,,,,,,,,,,,,,10.165733333333334,15978.085182349198,73.0999984741211,,,,10.140783333333331,27945.576151008245,73.0999984741211,10.184533333333333,32756.41415346669,73.0999984741211,10.1469,32324.168218279592,73.0999984741211,,,,,,,10.1469,72319.44255349817,73.0999984741211,,,,,,,10.153249999999998,91354.18301914111,73.0999984741211,,,,10.1906,33512.1926024734,73.0999984741211,,,,,,,,,,10.146983333333331,44889.04239719381,73.0999984741211,10.146966666666666,48533.95679603357,73.0999984741211,10.153283333333333,265271.4944182446,73.0999984741211,10.1531,454795.97628934594,73.0999984741211,10.178283333333331,218405.39808281595,73.0999984741211,10.17805,395999.8797831848,73.0999984741211,10.1468,282649.26485867094,73.0999984741211,10.146833333333332,212088.38210645568,73.0999984741211,10.153233333333333,191004.69138325995,73.0999984741211,10.147033333333331,444241.2956070554,73.0999984741211,10.159366666666669,525718.1281691286,73.0999984741211,10.146966666666666,679257.1004877473,73.0999984741211,10.14695,268139.4867786825,73.0999984741211,10.146883333333331,342834.1550971256,73.0999984741211,10.1533,319439.2163911378,73.0999984741211,10.153066666666666,559287.6299429119,73.0999984741211,10.165683333333334,233214.549427032,73.0999984741211,10.159466666666669,295675.1686106986,73.0999984741211,10.1595,456678.6508767536,73.0999984741211,10.16575,554793.5682880926,73.0999984741211,,,,10.14695,327062.3644063175,73.0999984741211,1.5108616185267991
46,#47 156.0000@13.1620 MS1+,1,+,13.162016666666666,613996.1067337546,19995.112367755184,156.0,,,0.0,156.0,,,,,,,,,,,,,,,,,,,,,,,,,,,,,,,,,,,,,,,,,,,,,,,,,,,,,,,,,,,,,,,,,,,,,,,,,,,,,,,,,,,,,,,,,,,,,,,,,,,,,,,,,,,,,,,,,,,,,,,,,,,,,,,,,,,,,,,,,,,,,,,,,,,,,,,,,,,,,,,,,,,,,,,,,,,,,,,,,,,,,13.155833333333334,935537.1016742334,156.0,13.1619,514664.1258431432,156.0,13.180816666666669,1311057.5722417473,156.0,13.174333333333331,1291776.0,156.0,13.16185,893800.219902291,156.0,13.161883333333334,605575.1319366426,156.0,13.162033333333332,929834.7709596748,156.0,13.162083333333332,280232.87161590473,156.0,13.168166666666666,628088.4608424441,156.0,13.162016666666666,613996.1067337546,156.0,13.15575,534669.2178058347,156.0,13.16195,499875.6397557146,156.0,13.1621,582528.9857671022,156.0,13.161866666666668,500491.4773927932,156.0,13.180733333333333,867659.9485953222,156.0,13.162016666666666,1135922.054921887,156.0,13.16205,1463312.0175981473,156.0,13.162033333333332,1316864.0,156.0,,,,13.15575,491546.2148103544,156.0,1.513756717649642
26,#27 73.1000@18.9107 MS1+,1,+,18.91065,919513.2629786988,2331.2304583987425,73.0999984741211,,,0.0,76.0,18.916933333333336,603335.0668133711,73.0999984741211,18.91068333333333,598132.8951021164,73.0999984741211,18.92305,358381.4991954102,73.0999984741211,18.916866666666667,630162.0555878759,73.0999984741211,18.90425,466717.8748625178,73.0999984741211,18.90445,413621.2252915157,73.0999984741211,18.910616666666662,582164.6198974038,73.0999984741211,18.9106,621186.5392277371,73.0999984741211,18.929466666666663,552607.4636896201,73.0999984741211,18.92296666666667,558260.3051561073,73.0999984741211,18.923016666666665,442842.95200093824,73.0999984741211,18.9232,620458.2337030296,73.0999984741211,18.923066666666667,492882.7212988767,73.0999984741211,18.910633333333333,645850.6994456663,73.0999984741211,18.9419,186991.5378048141,73.0,18.9294,500514.4220701748,73.0999984741211,18.923016666666665,604577.2929176284,73.0999984741211,18.923033333333333,600844.9037559994,73.0999984741211,18.923016666666665,517193.431922353,73.0999984741211,18.91055,515420.064157708,73.0999984741211,18.90438333333333,563611.3360643697,313.29998779296875,18.898016666666667,546514.2303529754,313.29998779296875,18.91065,728064.0,313.29998779296875,18.904366666666668,704743.0154277566,313.29998779296875,18.898116666666667,681792.6312394709,313.29998779296875,18.89795,555987.876758724,73.0999984741211,18.89795,715579.9281247716,313.29998779296875,18.898,836832.90451303,313.29998779296875,18.91058333333334,422086.29919408273,313.29998779296875,18.910616666666662,475427.2062015782,73.0999984741211,18.910466666666668,718227.6886395129,73.0999984741211,18.8981,619197.9170781602,73.0999984741211,18.910533333333333,687398.4285689006,313.29998779296875,18.89806666666667,621315.244554369,313.29998779296875,18.92295,615178.5621127214,313.29998779296875,18.9106,563815.4242141384,313.29998779296875,18.910616666666662,463054.0344329688,313.29998779296875,18.90428333333333,466273.8103584086,313.29998779296875,18.90428333333333,559887.5534540867,73.0999984741211,18.904333333333334,1049196.1178114435,313.29998779296875,18.91675,502807.0678937838,73.0999984741211,18.904366666666668,604887.6042814114,73.0999984741211,18.92941666666667,578268.4540840719,73.0999984741211,18.916933333333336,669204.049029859,73.0999984741211,18.8982,569472.0,73.0999984741211,18.904433333333333,660207.9878027355,73.0999984741211,18.904333333333334,755591.7151927612,73.0999984741211,18.904466666666668,796646.091193883,73.0999984741211,18.91065,919513.2629786988,73.0999984741211,18.91058333333334,578308.3703962694,73.0999984741211,18.9105,825192.8313322631,73.0999984741211,18.910516666666663,691040.8524331586,73.0999984741211,18.91068333333333,810048.4098279952,73.0999984741211,18.9042,682618.9583173494,73.0999984741211,18.929266666666667,848486.4116473085,73.0999984741211,18.9106,694100.409967218,73.0999984741211,18.9105,525444.2181471984,73.0999984741211,18.910433333333334,607086.2230813999,73.0999984741211,18.916916666666665,444639.0618028759,73.0999984741211,18.90438333333333,715883.5711059457,73.0999984741211,18.90445,1961472.0,73.0999984741211,18.90426666666667,1948672.0,73.0999984741211,18.916933333333336,1440768.0,73.0999984741211,18.9042,1736853.472259358,73.0999984741211,18.90423333333333,1792379.871225807,117.0999984741211,18.90425,1790425.305964896,73.0999984741211,18.910666666666668,2162141.274907236,73.0999984741211,18.90445,1990144.708408557,73.0999984741211,18.910533333333333,1547441.317821467,73.0999984741211,18.9044,1782579.2914062757,73.0999984741211,18.910633333333333,2107392.0,73.0999984741211,18.904316666666663,1477205.847993628,73.0999984741211,18.904466666666668,1985806.3555228245,73.0999984741211,18.90423333333333,1936799.2511054296,73.0999984741211,18.935616666666668,2210816.0,313.20001220703125,18.89813333333333,2036369.2847842516,73.0999984741211,18.89816666666667,1511424.0,73.0999984741211,18.89815,1719080.637119243,73.0999984741211,,,,18.90438333333333,1998619.1184636976,73.0999984741211,1.5151348882343485
200,#201 73.1000@15.2451 MS1+,1,+,15.245116666666666,41380.05201398104,1417.6006388082822,73.0999984741211,,,0.0,73.0999984741211,,,,,,,,,,,,,,,,,,,,,,,,,,,,,,,,,,,,,,,,,,,,,,,,,,,,,,,,,,,,,,,,,,,,,,,,,,,,,,,,,,,,,,,,,,,,,,,,,,,,,,,,,,,,,,,,,,,,,,,,,,,,,,,,,,,,,,,,,,,,,,,,,,,,,,,,,,,,,,,,,,,,,,,,,,,,,,,,,,,,,15.2451,22756.924384189595,73.0999984741211,15.244916666666668,53177.21008601872,73.0999984741211,15.263833333333332,40988.07588837226,73.0999984741211,15.24485,31571.77541591681,73.0999984741211,15.244866666666669,49038.638514030026,73.0999984741211,15.2449,62516.25188355334,73.0999984741211,15.24505,59890.40816388739,73.0999984741211,15.2451,25879.0951923253,75.0,15.257433333333331,33314.42536645738,73.0999984741211,15.245033333333334,21656.734200676787,73.0999984741211,15.245033333333334,28132.48064960784,73.0999984741211,15.251216666666666,16491.50649532536,73.0999984741211,15.245116666666666,41380.05201398104,73.0999984741211,15.244883333333332,44994.2427066426,75.0,15.27,36902.565602507326,73.0999984741211,15.245033333333334,45026.27474260842,73.0999984741211,15.245066666666666,16908.2623656956,73.0999984741211,15.24505,21725.90730111886,73.0999984741211,,,,15.245033333333334,54720.82442233479,73.0999984741211,1.5157782698496118
219,#220 103.1000@11.7043 MS1+,1,+,11.704333333333333,24139.657202543945,593.7684008579769,103.0999984741211,,,0.0,73.0999984741211,,,,,,,,,,,,,,,,,,,,,,,,,,,,,,,,,,,,,,,,,,,,,,,,,,,,,,,,,,,,,,,,,,,,,,,,,,,,,,,,,,,,,,,,,,,,,,,,,,,,,,,,,,,,,,,,,,,,,,,,,,,,,,,,,,,,,,,,,,,,,,,,,,,,,,,,,,,,,,,,,,,,,,,,,,,,,,,,,,,,,11.69835,11200.61551046172,73.0999984741211,11.704416666666669,34014.54505188549,103.0999984741211,11.723333333333333,21592.89559315036,103.0,11.704333333333333,24139.657202543945,103.0999984741211,11.704366666666669,28574.686731236816,103.0999984741211,11.7044,19591.145004984664,103.0999984741211,11.70455,22272.64635318009,103.0999984741211,11.69835,38673.08662582761,103.0999984741211,11.710683333333334,37824.0,103.0,11.704533333333334,25853.551671604637,103.0,11.698266666666669,30053.31676868805,103.0,11.704466666666669,24543.64933955312,103.0,11.704616666666668,47928.18636654831,103.0,11.704366666666669,33433.547227319075,103.0999984741211,11.717,18721.480964218947,103.0999984741211,11.704533333333334,21594.02538986832,103.0,11.704566666666668,14132.0,103.0999984741211,11.6983,14018.98104531302,103.0,,,,11.698266666666669,40000.81056596401,103.0999984741211,1.530441187623644
52,#53 75.1000@20.5119 MS1+,1,+,20.51185,22281.307530579277,72.3747686178265,75.0999984741211,,,0.0,123.0999984741211,20.51203333333334,29632.229129181596,73.0999984741211,20.49953333333333,25202.97131763576,75.0,20.51815,15544.324859400032,75.0,20.511966666666662,31236.764095273567,73.0999984741211,,,,20.499566666666663,19016.67602869647,75.0,20.499466666666667,22684.292710600566,75.0,20.49943333333333,46465.7748161956,73.0999984741211,20.5183,21548.23448017565,73.0999984741211,20.518083333333333,30646.827001235917,73.0999984741211,20.511866666666663,34709.41827876301,73.0999984741211,20.5183,19155.199090108945,75.0,20.518166666666666,16401.49987432582,75.0,20.50575,31719.6234216388,73.0999984741211,20.537,18185.2902741843,73.0,20.51825,20952.484576264706,75.0,20.518116666666668,28939.414789185656,75.0,20.511883333333333,25981.38007545963,75.0,20.51185,38491.28530983508,73.0999984741211,20.50565,34888.7278585023,73.0999984741211,,,,,,,,,,20.49948333333333,25624.811502537457,75.0,,,,20.4868,28083.882108214893,75.0,20.493066666666667,71409.18491609767,73.0999984741211,,,,,,,20.505716666666668,15157.046234468811,75.0,20.511816666666668,21418.20037413537,117.0999984741211,,,,20.49938333333333,46373.97221752253,73.0999984741211,20.486916666666666,21172.86506405007,73.0999984741211,20.51805,19938.09911228416,339.3999938964844,20.5057,26925.33267457504,73.0999984741211,20.505716666666668,30152.770403150644,75.0,,,,,,,20.49943333333333,63631.13778959401,73.0999984741211,20.51185,22281.307530579277,75.0999984741211,,,,20.524516666666667,24996.25476974994,73.0999984741211,20.51203333333334,9682.542880072106,117.0999984741211,20.493316666666665,65900.6923173347,73.0999984741211,20.49953333333333,20209.23483202016,73.0999984741211,20.49943333333333,16282.785215615077,117.0999984741211,20.499566666666663,15379.6099016933,75.0,,,,20.51195,11487.618965133326,73.0999984741211,20.5056,20925.213772499235,73.0999984741211,20.511883333333333,9225.586711025768,117.0999984741211,20.51203333333334,12271.867060331104,75.0,20.4993,10277.35814053801,117.0999984741211,20.524366666666666,30820.175287952414,73.0999984741211,20.5057,13950.18373951313,75.0,20.511866666666663,12038.901316124977,75.0,20.50553333333333,8990.270826390484,339.3999938964844,20.505766666666663,29577.03967955627,73.0999984741211,20.49948333333333,15188.194298689254,75.0,20.49955,990063.325254036,73.0999984741211,20.49938333333333,990340.2040611668,73.0999984741211,20.505783333333333,542808.2409638884,73.0999984741211,20.4993,788652.2389967665,75.0,20.493066666666667,779488.2741405233,73.0999984741211,20.493099999999995,686805.0287903189,75.0,20.4995,931927.7325607572,73.0999984741211,20.4933,803160.5569614966,75.0,20.49938333333333,529694.3254144283,75.0,20.493233333333333,703885.0708169299,73.0999984741211,20.493233333333333,134586.22147005695,73.0999984741211,20.486916666666666,370868.4920875083,73.0999984741211,20.493316666666665,688259.8957112359,75.0,20.49308333333333,721390.0547518986,73.0999984741211,20.524466666666665,1257730.5455108653,73.0999984741211,20.493233333333333,856474.0000659018,73.0999984741211,20.487016666666666,545616.4462978027,73.0999984741211,20.49325,611437.6486503393,75.0,,,,20.493233333333333,744554.6683764486,75.0,1.5342591136887331
192,#193 73.1000@21.9882 MS1+,1,+,21.98815,47029.27370844316,3366.6061940511054,73.0999984741211,,,0.0,73.0999984741211,,,,,,,,,,,,,,,,,,,,,,,,,,,,,,,,,,,,,,,,,,,,,,,,,,,,,,,,,,,,,,,,,,,,,,,,,,,,,,,,,,,,,,,,,,,,,,,,,,,,,,,,,,21.9882,11653.995419722489,73.0999984741211,,,,,,,,,,,,,,,,,,,,,,,,,,,,,,,,,,,,,,,,,,,,,,,,,,,,,,,,,,,,,,,,,,,,,,,,,21.982066666666665,25281.668667561786,73.0999984741211,22.00065,34459.84919806532,73.0999984741211,22.00705,25656.34603710838,217.0,21.994316666666663,29824.39560446516,73.0999984741211,21.99435,33245.60634460731,73.0999984741211,21.981866666666665,19632.65478007228,75.0,21.975766666666665,41388.740385719546,73.0999984741211,21.99458333333333,42352.430957723904,73.0999984741211,21.98815,47029.27370844316,73.0999984741211,21.98825,62708.95446418732,73.0999984741211,21.982000000000003,48264.949441465,73.0999984741211,21.98193333333333,40978.47621036007,73.0999984741211,21.98208333333333,24171.38180430685,73.0999984741211,21.98183333333333,31112.628824486863,73.0999984741211,22.000716666666666,70909.37281277572,73.0999984741211,21.97573333333333,45304.21672568983,73.0999984741211,21.982033333333334,23220.976473264083,73.0999984741211,21.982016666666667,39894.26363131663,73.0999984741211,,,,21.97573333333333,37618.934905130736,73.0999984741211,1.5343832701465363
218,#219 73.1000@26.8487 MS1+,1,+,26.8487,34448.03292301466,1865.2745373424168,73.0999984741211,,,0.0,73.0999984741211,,,,,,,,,,,,,,,,,,,,,,,,,,,,,,,,,,,,,,,,,,,,,,,,,,,,,,,,,,,,,,,,,,,,,,,,,,,,,,,,,,,,,,,,,,,,,,,,,,,,,,,,,,,,,,,,,,,,,,,,,,,,,,,,,,,,,,,,,,,,,,,,,,,,,,,,,,,,,,,,,,,,,,,,,,,,,,,,,,,,,26.848683333333334,24985.52156536118,73.0999984741211,26.84225,37973.1615155614,73.0999984741211,26.854916666666668,31865.727009540744,117.0999984741211,26.84218333333333,29395.350973933004,117.0999984741211,26.8422,48337.84343572508,73.0999984741211,26.842233333333333,31217.17994734971,73.0999984741211,26.84238333333333,48784.54282706714,73.0999984741211,26.84243333333333,36649.69425903814,73.0999984741211,26.854766666666663,29439.79492457013,73.0999984741211,26.84863333333333,23152.888064462342,73.0999984741211,26.84861666666667,19956.362294811755,117.0999984741211,26.84855,18797.4443766482,117.0999984741211,26.8487,34448.03292301466,73.0999984741211,26.842216666666666,23991.91344150284,73.0999984741211,26.86733333333333,35286.62687044992,73.0999984741211,26.836116666666666,22295.328249298156,73.0999984741211,26.84865,12544.656645687444,73.0999984741211,26.84863333333333,15084.305247011042,117.0999984741211,,,,26.842366666666667,26548.66730341618,73.0999984741211,1.5463067394151373
183,#184 79.0000@22.5387 MS1+,1,+,22.538716666666662,27743.229435023604,840.2057943571292,79.0,,,0.0,67.0,,,,,,,,,,,,,,,,,,,,,,,,,,,,,,,,,,,,,,,,,,,,,,,,,,,,,,,,,,,,,,,,,,,,,,,,,,,,,,,,,,,,,,,,,,,,,,,,,,,,,,,,,,,,,,,,,,,,,,,,,,,,,,,,,,,,,,,,,,,,,,,,,,,,,,,,,,,,,,,,,,,,,,,,,,,,,,,,,,,,,22.532533333333333,6835.90844227536,79.0,22.53235,19349.90143001176,79.0,22.545016666666665,23920.75136164849,79.0999984741211,22.53226666666667,44286.13810642189,79.0,22.5323,41583.06661865533,79.0,22.532333333333334,38972.00093957453,79.0,22.53248333333333,31193.86570056764,79.0,22.52628333333333,28650.15782529459,79.0,22.544866666666667,18956.298273246703,79.0,22.538716666666662,15891.536209608415,79.0,22.538716666666662,27743.229435023604,79.0,22.5449,15026.720080901448,79.0,22.54505,18176.70606379323,79.0,22.538566666666668,30880.0,79.0,22.55743333333333,25573.646619288334,79.0,22.532466666666668,49367.494949265485,79.0,,,,22.538733333333333,47152.0,58.0,22.532416666666663,44574.68853886073,79.0,22.53245,32288.4691414574,79.0999984741211,1.5464005596133261
118,#119 73.1000@21.8255 MS1+,1,+,21.825516666666665,18168.02828402733,148.83428544103987,73.0999984741211,,,0.0,107.0999984741211,21.82565,11771.279960598127,73.0999984741211,21.819400000000005,12914.677874413828,73.0999984741211,21.838016666666668,12509.996078245902,73.0999984741211,21.82558333333333,14856.844557704026,73.0999984741211,21.819233333333333,5104.441645506944,73.0999984741211,21.813166666666667,12373.484473971068,73.0999984741211,21.81933333333333,13340.80241429669,73.0999984741211,21.819316666666666,16405.814231912853,73.0999984741211,21.84443333333333,12869.046703589993,73.0999984741211,21.83795,9659.82582448543,73.0999984741211,21.83173333333333,9993.056570812536,73.0999984741211,21.831916666666668,7530.468943703208,79.0999984741211,21.825533333333333,9913.584512062254,73.0999984741211,21.81935,16845.396427309606,73.0999984741211,21.856866666666665,9950.78295034792,73.0,21.838116666666668,15221.297382244324,73.0999984741211,21.83173333333333,19573.39771755386,73.0999984741211,21.83175,12389.775507988015,73.0999984741211,21.83173333333333,25058.025599663408,73.0999984741211,21.825516666666665,18168.02828402733,73.0999984741211,21.81935,4695.806153921934,75.0,21.813,11869.452494794969,73.0999984741211,21.819366666666667,11842.153976995614,73.0999984741211,21.806833333333334,20502.13822920161,73.0999984741211,21.806833333333334,22404.41187970189,73.0999984741211,21.812933333333334,7259.002810442354,73.0999984741211,21.812933333333334,25119.66367171344,73.0999984741211,21.806716666666667,5711.062656493508,73.0999984741211,21.82555,12341.085016889614,73.0999984741211,21.81933333333333,7267.24352958778,73.0999984741211,21.81918333333333,25945.010644675232,73.0999984741211,21.813066666666668,11851.594376506577,73.0999984741211,21.81925,24047.228961007408,73.0999984741211,21.80678333333333,17014.98096586595,73.0999984741211,21.831666666666667,5604.890586643451,79.0999984741211,21.825566666666667,13455.325975440091,73.0999984741211,21.82558333333333,8686.890153025626,73.0999984741211,21.825516666666665,7734.062998551701,75.0,21.813,8466.284440493619,73.0999984741211,21.80678333333333,22909.768767859787,73.0999984741211,21.825466666666667,2258.3685023481994,79.0999984741211,21.8256,3038.524284104468,73.0999984741211,21.838116666666668,1878.324947980058,75.0,21.8319,6064.931583984231,73.0999984741211,21.81318333333333,5061.872912058141,73.0999984741211,21.819400000000005,4671.504279083587,73.0999984741211,21.8193,8892.705672163225,73.0999984741211,21.819433333333333,7125.943159248796,75.0,21.825616666666665,6649.389695772436,73.0999984741211,21.83181666666667,3011.79157050886,75.0,21.82548333333333,3066.579196959025,79.0999984741211,21.83175,8215.941056855605,73.0999984741211,21.82565,15291.657558395294,73.0999984741211,21.819166666666668,5246.024215145008,73.0999984741211,21.837983333333334,16841.35047722305,73.0999984741211,21.825566666666667,12420.92012101777,73.0999984741211,21.83173333333333,1933.0950685854405,75.0,21.825416666666666,8528.558388490696,73.0999984741211,21.82563333333333,21619.04022742498,73.0999984741211,21.81935,2923.548253786052,79.0999984741211,21.806916666666663,142306.42003004852,73.0999984741211,21.806733333333334,131941.44326142577,73.0999984741211,21.819400000000005,84172.88338013372,73.0999984741211,21.81291666666667,89239.80422532564,73.0999984741211,21.80043333333333,175190.92642748286,73.0999984741211,21.806716666666667,138030.24311996455,73.0999984741211,21.806866666666668,224876.15163915168,73.0999984741211,21.7944,216448.0928553888,73.0999984741211,21.813,160602.217393705,73.0999984741211,21.80685,221612.7708182977,73.0999984741211,21.80685,262155.84177884,73.0999984741211,21.80678333333333,123324.70813777256,73.0999984741211,21.806933333333333,183811.38925000315,73.0999984741211,21.80043333333333,181625.154561573,73.0999984741211,21.825566666666667,235744.71176425728,73.0999984741211,21.80058333333333,135119.3728120134,73.0999984741211,21.800633333333334,146413.08278465015,73.0999984741211,21.800616666666667,165415.30408913334,73.0999984741211,,,,21.80058333333333,153975.45430097124,73.0999984741211,1.5488552216160578
36,#37 73.1000@17.9661 MS1+,1,+,17.96605,1171177.797441206,31310.85086383387,73.0999984741211,,,0.0,73.0999984741211,,,,,,,,,,,,,,,,,,,,,,,,,,,,,,,,,,,,,,,,,,,,,,,,,,,,,,,,,,,,,,,,,,,,,,,,,,,,,,,17.984683333333333,40880.32715166517,73.0999984741211,,,,,,,,,,,,,,,,,,,,,,,,,,,,,,,,,,,,,17.991050000000005,53858.78243559862,73.0999984741211,,,,,,,,,,,,,,,,,,,,,,,,,,,,,,,,,,,,,,,,,,,,,,,,,,,,,,,,,,,,,17.947383333333335,1074688.0,73.0999984741211,17.947216666666666,1339568.3676283977,73.0999984741211,17.959883333333334,1004723.2777837605,73.0999984741211,17.947133333333333,1159475.6855563892,73.0999984741211,17.947166666666668,1234809.4411385937,73.0999984741211,17.947183333333335,1162599.163490396,73.0999984741211,17.947349999999997,1439585.0793430354,73.0999984741211,17.9474,1523499.3034969964,73.0999984741211,17.953466666666667,1454286.0700939023,73.0999984741211,17.941083333333335,1228084.3112300057,73.0999984741211,17.947316666666666,1252491.178446454,73.0999984741211,17.941,1120970.9962696603,73.0999984741211,17.9474,1553537.621415154,73.0999984741211,17.953416666666666,1869144.2966990955,73.0999984741211,17.96605,1171177.797441206,73.0999984741211,17.941066666666668,1240730.3427166191,73.0999984741211,17.9411,796078.5227954198,73.0999984741211,17.941083333333335,687344.3039026204,73.0999984741211,,,,,,,1.5495440440051826
177,#178 73.1000@11.0914 MS1+,1,+,11.09135,56237.50371458012,1767.0671568664095,73.0999984741211,,,0.0,73.0999984741211,,,,,,,,,,,,,,,,,,,,,,,,,,,,,,,,,,,,,,,,,,,,,,,,,,,,,,,,,,,,,,,,,,,,,,,,,,,,,,,,,,,,,,,,,,,,,,,,,,,,,,,,,,,,,,,,,,,,,,,,,,,,,,,,,,,,,,,,,,,,,,,,,,,,,,,,,,,,,,,,,,,,,,,,,,,,,,,,,,,,,11.09158333333333,18489.462513327788,73.0999984741211,11.0914,50098.72178986456,73.0999984741211,11.116566666666667,61270.13522728579,73.0999984741211,11.097583333333334,61530.10314959822,75.0,11.09135,76791.49095762993,73.0999984741211,11.091383333333331,48782.10806860216,73.0999984741211,11.091533333333333,82205.1514665451,73.0999984741211,11.09158333333333,35919.859885655875,73.0999984741211,11.09765,49672.52704903521,73.0999984741211,11.091516666666667,36161.77987032384,73.0999984741211,11.0915,47681.22621133293,73.0999984741211,11.09145,26484.379087156245,73.0999984741211,11.09785,48421.17727338945,75.0,11.09135,56237.50371458012,73.0999984741211,11.110233333333332,47010.49284824444,73.0999984741211,11.091516666666667,45114.84370484331,73.0999984741211,11.09155,34362.24503142215,73.0999984741211,11.091533333333333,41522.38132606924,73.0999984741211,,,,11.0915,40978.51793086875,73.0999984741211,1.554202195417181
80,#81 73.1000@15.8831 MS1+,1,+,15.883083333333332,408887.2236358798,12283.699948277968,73.0999984741211,,,0.0,73.0999984741211,,,,,,,,,,,,,,,,,,,,,,,,,,,,,,,,,,,,,,,,,,,,,,,,,,,,,,,,,,,,,,,,,,,,,,,,,,,,,,,,,,,,,,,,,,,,,,,,,,,,,,,,,,,,,,,,,,,,,,,,,,,,,,,,,,,,,,,,,,,,,,,,,,,,,,,,,,,,,,,,,,,,,,,,,,,,,,,,,,,,,15.883133333333337,340157.7580440857,73.0999984741211,15.895466666666668,238845.956100232,73.0999984741211,15.908133333333334,143969.62070027622,73.0999984741211,15.889133333333332,256212.9150117021,73.0999984741211,15.895416666666666,382403.1722738668,73.0999984741211,15.89545,267404.3963640636,73.0999984741211,15.8831,440022.09322597226,73.0999984741211,15.8894,397524.1519483371,73.0999984741211,15.889216666666666,314893.45587758,73.0999984741211,15.883083333333332,408887.2236358798,73.0999984741211,15.883066666666666,480582.6034412119,73.0999984741211,15.883,471914.6830087599,73.0999984741211,15.88315,576607.6540756259,73.0999984741211,15.889166666666666,298181.8971007698,73.0999984741211,15.90805,500460.5844429663,73.0999984741211,15.883066666666666,518029.4623297675,73.0999984741211,15.87685,581259.187334207,73.0999984741211,15.876833333333334,666780.2489903505,73.0999984741211,,,,15.889316666666666,393165.17210966593,73.0999984741211,1.5547007502305543
246,#247 427.3000@26.3044 MS1+,1,+,26.30443333333333,24871.24657955425,458.2665120032046,427.2999877929688,,,0.0,73.0999984741211,,,,,,,,,,,,,,,,,,,,,,,,,,,,,,,,,,,,,,,,,,,,,,,,,,,,,,,,,,,,,,,,,,,,,,,,,,,,,,,,,,,,,,,,,,,,,,,,,,,,,,,,,,,,,,,,,,,,,,,,,,,,,,,,,,,,,,,,,,,,,,,,,,,,,,,,,,,,,,,,,,,,,,,,,,,,,,,,,,,,,26.304483333333334,12607.0,427.2999877929688,26.3043,12148.298881596978,427.2999877929688,26.316966666666666,18578.104022799125,427.2000122070313,26.304216666666665,17550.01134335551,427.2999877929688,26.30425,24646.77583576481,427.2999877929688,26.30428333333333,18786.26778455644,427.2999877929688,26.30443333333333,24871.24657955425,427.2999877929688,26.304483333333334,14622.962565904038,427.2999877929688,26.31055,20459.670837649264,427.2999877929688,26.30441666666667,14936.012673784844,427.2999877929688,26.3044,16452.120719254104,427.2999877929688,26.30435,10472.699556432812,427.2999877929688,26.3045,12600.438553638702,427.2999877929688,26.298,15356.00376781579,427.2999877929688,26.32938333333333,12880.40338203736,427.2999877929688,26.30441666666667,34269.81290412424,427.2999877929688,26.30445,20940.13318315779,427.2999877929688,26.30443333333333,23544.538739232237,427.2999877929688,,,,26.29815,14103.0,427.2000122070313,1.5550840027670338
35,#36 73.1000@20.4431 MS1+,1,+,20.443050000000003,932694.3809138988,11656.333169643176,73.0999984741211,,,0.0,95.0999984741211,20.462,61829.53021682706,73.0999984741211,20.449483333333333,41653.41225619998,73.0999984741211,,,,20.46191666666667,67811.91498419922,73.0999984741211,20.449316666666668,13873.126050138611,73.0999984741211,20.449516666666668,40520.81380909437,73.0999984741211,20.44943333333333,37609.3307442338,73.0999984741211,20.4494,105569.29979260812,73.0999984741211,20.474516666666663,78547.15299238602,73.0999984741211,20.46803333333333,61983.8287325264,73.0999984741211,20.46183333333333,31171.90346827824,73.0999984741211,20.462,54541.00659348571,73.0999984741211,20.461883333333333,40870.4751071675,73.0999984741211,20.44945,80107.67679651,73.0999984741211,20.486966666666667,23331.319052303937,73.0,20.4682,41928.91149081773,73.0999984741211,20.461816666666667,74674.30305260254,73.0999984741211,20.46183333333333,61500.30500449659,73.0999984741211,20.461816666666667,53968.2034614438,73.0999984741211,,,,20.443183333333334,20640.108331547577,67.0999984741211,,,,20.461966666666665,62782.7936346475,73.0999984741211,,,,,,,,,,,,,,,,,,,,,,,,,,,,,,,,,,,,,20.455666666666666,27198.68760020472,73.0999984741211,,,,,,,,,,,,,20.4618,26938.46535534208,73.0999984741211,,,,20.474466666666668,32877.41399449145,73.0999984741211,20.45573333333333,29589.618206501476,73.0999984741211,20.43701666666667,91524.95203876356,73.0999984741211,20.449483333333333,13766.696743878943,73.0999984741211,20.44313333333333,45366.56408669724,73.0999984741211,20.449516666666668,18383.28688802774,73.0999984741211,20.4557,27571.59030948102,73.0999984741211,,,,20.455566666666662,31901.469727696796,73.0999984741211,20.455583333333333,24257.356835518964,73.0999984741211,,,,,,,20.468066666666665,39067.35443541012,73.0999984741211,20.4494,22885.30832151114,73.0999984741211,20.455566666666662,12193.484899698233,73.0999984741211,20.4555,36718.25039289618,73.0999984741211,20.455716666666667,34308.50129360444,73.0999984741211,20.44945,42663.2172070751,73.0999984741211,20.449516666666668,1343818.852253087,73.0999984741211,20.44933333333333,1220011.3241818517,73.0999984741211,20.44323333333333,339177.8272852355,75.0,20.44925,913899.0948221168,75.0,20.449283333333334,1316821.504814166,73.0999984741211,20.443050000000003,932694.3809138988,73.0999984741211,20.449466666666662,907854.7942926752,73.0999984741211,20.449516666666668,1400167.8243413367,73.0999984741211,20.44308333333333,1911296.0,202.0,20.4432,1850890.23090654,202.0,20.44945,1651868.400959311,73.0999984741211,20.443116666666665,1771227.9788279545,202.0,20.443266666666663,1053102.7735773255,202.0,20.44303333333333,1431095.9198685791,73.0999984741211,20.474416666666663,1588369.5862644948,73.0999984741211,20.443183333333334,952836.1236687988,73.0999984741211,20.436966666666667,1036811.8641249726,73.0999984741211,20.4432,1133622.703022248,73.0999984741211,,,,20.443183333333334,1288459.068328712,73.0999984741211,1.555235407062944
144,#145 73.1000@12.9806 MS1+,1,+,12.980616666666666,109757.29295978475,3332.663345091528,73.0999984741211,,,0.0,73.0999984741211,,,,,,,,,,,,,,,,,,,,,,,,,,,,,,,,,,,,,,,,,,,,,,,,,,,,,,,,,,,,,,,,,,,,,,,,,,,,,,,,,,,,,,,,,,,,,,,,,,,,,,,,,,,,,,,,,,,,,,,,,,,,,,,,,,,,,,,,,,,,,,,,,,,,,,,,,,,,,,,,,,,,,,,,,,,,,,,,,,,,,12.980683333333332,74365.46329515686,73.0999984741211,12.98675,106405.7392948395,73.0999984741211,12.999416666666669,154821.8344198144,73.0999984741211,12.986683333333334,129237.13651076535,73.0999984741211,12.9867,170413.46207407644,73.0999984741211,12.986733333333332,102868.17909104994,73.0999984741211,12.980633333333332,172605.3108583651,73.0999984741211,12.980683333333332,98417.70516081616,73.0999984741211,12.993016666666668,128486.98306454095,73.0999984741211,12.980616666666666,109757.29295978475,73.0999984741211,12.980616666666666,95923.97226723278,73.0999984741211,12.9868,67435.73719915096,73.0999984741211,12.98695,145731.79039280093,73.0999984741211,12.986716666666666,140236.28095810316,73.0999984741211,13.005583333333334,90154.92235320258,73.0999984741211,12.980616666666666,79017.51142905239,73.0999984741211,12.98065,81719.3052663423,73.0999984741211,12.974366666666668,72110.94026435628,73.0999984741211,,,,12.9806,117289.23802089808,73.0999984741211,1.5716577427170986
76,#77 73.1000@19.2360 MS1+,1,+,19.235983333333333,549744.7632764978,17910.47611155921,73.0999984741211,,,0.0,73.0999984741211,,,,,,,,,,,,,,,,,,,,,,,,,,,,,,,,,,,,,,,,,,,,,,,,,,,,,,,,,,,,,,,,,,,,,,,,,,,,,,,,,,,,,,,,,,,,,,,,,,,,,,,,,,,,,,,,,,,,,,,,,,,,,,,,,,,,,,,,,,,,,,,,,,,,,,,,,,,,,,,,,,,,,,,,,,,,,,,,,,,,,19.235983333333333,455241.96933670365,73.0999984741211,19.2358,719490.7672450179,73.0999984741211,19.248466666666666,396131.2927988511,73.0999984741211,19.23573333333333,433203.20425235375,73.0999984741211,19.23575,694768.0355005431,73.0999984741211,19.23578333333333,408001.8747403781,73.0999984741211,19.23593333333333,341485.14488856413,73.0999984741211,19.235983333333333,549744.7632764978,73.0999984741211,19.242066666666663,640771.9087039407,73.0999984741211,19.229666666666667,477378.3013995773,73.0999984741211,19.23591666666667,379846.68460924085,73.0999984741211,19.23585,383198.51591017074,73.0999984741211,19.236,610342.1959067653,73.0999984741211,19.235766666666667,558541.2008553422,73.0999984741211,19.2609,354947.0662907636,73.0999984741211,19.229666666666667,347404.7169211272,73.0999984741211,19.2297,347981.1898672087,73.0999984741211,19.23593333333333,275550.1241128077,73.0999984741211,,,,19.23591666666667,403622.1926149986,73.0999984741211,1.5774261871887698
41,#42 73.1000@16.3398 MS1+,1,+,16.339783333333333,1013432.1540366422,35288.08855380544,73.0999984741211,,,0.0,73.0999984741211,,,,,,,,,,,,,,,,,,,,,,,,,,,,,,,,,,,,,,,,,,,,,,,,,,,,,,,,,,,,,,,,,,,,,,,,,,,,,,,,,,,,,,,,,,,,,,,,,,,,,,,,,,,,,,,,,,,,,,,,,,,,,,,,,,,,,,,,,,,,,,,,,,,,,,,,,,,,,,,,,,,,,,,,,,,,,,,,,,,,,16.339783333333333,429856.7004733241,73.0999984741211,16.34585,1132244.982240796,73.0999984741211,16.358516666666667,1206756.185121103,73.0999984741211,16.345783333333333,1223917.3665353293,73.0999984741211,16.3458,1309266.883084197,73.0999984741211,16.345833333333335,1090010.8159434828,73.0999984741211,16.345983333333333,1692672.0,73.0999984741211,16.339783333333333,1013432.1540366422,73.0999984741211,16.34585,1067915.5597685347,73.0999984741211,16.339716666666668,840112.1036185416,73.0999984741211,16.3397,1099776.0,73.0999984741211,16.33965,662099.7875207359,73.0999984741211,16.3398,1377292.413424767,73.0999984741211,16.33955,868650.8768218941,73.0999984741211,16.364683333333332,1154560.0,73.0999984741211,16.339716666666668,1013859.0861438288,73.0999984741211,16.33975,742033.7967234583,73.0999984741211,16.339733333333335,789318.0629011092,73.0999984741211,,,,16.3397,1032879.7176900865,73.0999984741211,1.581721120936053
237,#238 75.0000@12.3676 MS1+,1,+,12.367583333333334,26078.617567356465,933.7571461386976,75.0,,,0.0,75.0,,,,,,,,,,,,,,,,,,,,,,,,,,,,,,,,,,,,,,,,,,,,,,,,,,,,,,,,,,,,,,,,,,,,,,,,,,,,,,,,,,,,,,,,,,,,,,,,,,,,,,,,,,,,,,,,,,,,,,,,,,,,,,,,,,,,,,,,,,,,,,,,,,,,,,,,,,,,,,,,,,,,,,,,,,,,,,,,,,,,,12.3614,16432.633899052496,75.0,12.367483333333332,25955.570234273764,75.0,12.3864,34928.53376849742,75.0,12.3674,28949.55820289989,75.0,12.367433333333333,38688.493618248365,75.0,12.367466666666669,27152.067595092813,73.0999984741211,12.367616666666668,37379.27141136392,75.0,12.367666666666668,21053.993628573957,75.0,12.373733333333332,32136.62738520988,75.0,12.3676,25361.87145732239,75.0,12.367583333333334,26078.617567356465,75.0,12.367516666666669,17250.820783118557,75.0,12.367666666666668,36557.74852453258,75.0,12.367433333333333,28412.330475475057,75.0,12.386316666666668,22615.34213597549,75.0,12.3676,23085.547942895224,75.0,12.367633333333334,18024.384227956776,75.0,12.36135,16845.68705697128,75.0,,,,12.367583333333334,25081.41151966693,75.0,1.5844410736988297
205,#206 70.0000@19.4611 MS1+,1,+,19.4611,32944.01545203472,1161.8496919325148,70.0,,,0.0,70.0,,,,,,,,,,,,,,,,,,,,,,,,,,,,,,,,,,,,,,,,,,,,,,,,,,,,,,,,,,,,,,,,,,,,,,,,,,,,,,,,,,,,,,,,,,,,,,,,,,,,,,,,,,,,,,,,,,,,,,,,,,,,,,,,,,,,,,,,,,,,,,,,,,,,,,,,,,,,,,,,,,,,,,,,,,,,,,,,,,,,,19.448666666666668,25556.883182877675,55.0,19.461,17391.596405935787,70.0,19.473666666666663,29168.509070357264,55.0,19.460916666666662,30024.25552506477,55.0,19.4547,48641.74280567872,70.0,19.460966666666668,30659.068283734203,55.09999847412109,19.454866666666668,24172.24787590932,55.0,19.454916666666666,58865.19886727139,70.0,19.461,34102.12177617353,70.0,19.461116666666666,41558.683467477895,70.0,19.4611,32944.01545203472,70.0,19.461033333333333,29087.384723124746,70.0,19.46118333333333,45834.00110672924,70.0,,,,19.486083333333333,45314.442528248255,70.0,19.45485,45243.052900577866,55.09999847412109,19.45488333333333,33431.35144398897,55.0,19.454866666666668,25227.319646266755,55.0,19.461066666666667,29823.70487579098,55.0,19.45485,42898.185189361335,70.0,1.5869620763971282
98,#99 73.1000@14.7447 MS1+,1,+,14.74465,238578.6448336912,8425.399933570046,73.0999984741211,,,0.0,73.0999984741211,,,,,,,,,,,,,,,,,,,,,,,,,,,,,,,,,,,,,,,,,,,,,,,,,,,,,,,,,,,,,,,,,,,,,,,,,,,,,,,,,,14.744466666666666,14653.495747278675,73.0999984741211,,,,,,,,,,,,,,,,,,,,,,,,,14.76335,9441.09540938487,73.0999984741211,14.757016666666669,9395.38590069578,73.0999984741211,,,,,,,,,,,,,,,,,,,,,,14.757166666666668,5707.304503477251,73.0999984741211,,,,,,,,,,,,,,,,14.76325,7811.119762175629,73.0999984741211,14.769666666666666,6526.636015983473,73.0999984741211,,,,,,,,,,14.756983333333332,13313.8181321906,73.0999984741211,,,,,,,,,,14.744683333333333,135974.0768511293,73.0999984741211,14.7445,197287.25418812665,73.0999984741211,14.763416666666666,299213.1396116293,73.0999984741211,14.744416666666666,263758.7264530116,73.0999984741211,14.74445,312169.4116951654,73.0999984741211,14.750733333333333,186108.9886703775,73.0999984741211,14.744633333333333,367486.2957366216,73.0999984741211,14.744683333333333,246679.37787550868,73.0999984741211,14.75075,286064.1750046994,73.0999984741211,14.744616666666667,213481.6099014484,73.0999984741211,14.7446,206540.60451826733,73.0999984741211,14.744533333333331,165072.54262475984,73.0999984741211,14.744683333333333,359680.4830966764,73.0999984741211,14.74445,251207.9529693083,73.0999984741211,14.769583333333332,256225.1978386524,73.0999984741211,14.7446,285335.8486534604,73.0999984741211,14.74465,238578.6448336912,73.0999984741211,14.744633333333333,184245.13566376624,73.0999984741211,,,,14.7446,214994.9025482816,73.0999984741211,1.5883231871467887
165,#166 73.1000@15.5389 MS1+,1,+,15.538883333333333,76328.8430139182,3140.77093568968,73.0999984741211,,,0.0,73.0999984741211,,,,,,,,,,,,,,,,,,,,,,,,,,,,,,,,,,,,,,,,,,,,,,,,,,,,,,,,,,,,,,,,,,,,,,,,,,,,,,,,,,,,,,,,,,,,,,,,,,,,,,,,,,,,,,,,,,,,,,,,,,,,,,,,,,,,,,,,,,,,,,,,,,,,,,,,,,,,,,,,,,,,,,,,,,,,,,,,,,,,,15.5391,51128.189814719386,73.0999984741211,15.538916666666667,73998.81446125792,73.0999984741211,15.551583333333332,91233.1829630066,73.0999984741211,15.53885,75966.07149710314,73.0999984741211,15.538866666666667,111993.66234517812,73.0999984741211,15.5389,67399.76282717835,73.0999984741211,15.53905,108401.67339384824,73.0999984741211,15.5391,64711.51746014986,73.0999984741211,15.545183333333334,81902.81536407696,73.0999984741211,15.539033333333334,69249.44017387301,73.0999984741211,15.539033333333334,70672.583005394,73.0999984741211,15.538966666666663,53353.561370117226,73.0999984741211,15.539116666666668,113735.8991606757,73.0999984741211,15.538883333333333,76328.8430139182,73.0999984741211,15.55775,64030.80616646426,73.0999984741211,15.532783333333333,64220.76160479142,73.0999984741211,15.539066666666669,59853.15830825541,73.0999984741211,15.53905,50079.03795294424,73.0999984741211,,,,15.539033333333334,70610.13080906155,73.0999984741211,1.5887453506169391
24,#25 299.0000@9.9155 MS1+,1,+,9.915516666666669,1620649.4433871214,71770.74631982694,299.0,,,0.0,299.0,,,,,,,,,,,,,,,,,,,,,,,,,,,,,,,,,,,,,,,,,,,,,,,,,,,,,,,,,,,,,,,,,,,,,,,,,,,,,,,,,,,,,,,,,,,,,,,,,,,,,,,,,,,,,,,,,,,,,,,,,,,,,,,,,,,,,,,,,,,,,,,,,,,,,,,,,,,,,,,,,,,,,,,,,,,,,,,,,,,,,9.921833333333334,1650176.0,299.0,9.927916666666668,1787175.5911500764,299.0,9.940583333333333,2487324.6714714807,299.0,9.9466,2400892.406904269,299.0,9.91535,373776.5292891412,299.0,9.909133333333331,1872548.648093163,299.0,9.903016666666666,2149295.2144699977,299.0,9.946866666666669,2075680.5469716724,299.0,9.940433333333331,1783076.8129792744,299.0,9.915516666666669,1620649.4433871214,299.0,9.909250000000002,1958700.157417507,299.0,9.896683333333334,1684735.0776776755,299.0,9.934366666666667,898608.6571565375,299.0,9.940383333333331,1850707.920816638,299.0,9.8967,2187032.231021832,299.0,9.903,1796443.3520679236,299.0,9.884266666666669,1927440.4453513208,299.0,9.88425,2330989.683015605,299.0,,,,9.921766666666668,1876275.030656564,299.0,1.5937398432984027
59,#60 371.2000@23.5084 MS1+,1,+,23.508366666666667,559920.3353808696,2951.4548255469504,371.2000122070313,,,0.0,75.0,,,,,,,,,,,,,,,,,,,,,,,,,,,,,,,,,,,,,,,,,,,23.558316666666663,190720.0,371.2999877929688,,,,,,,,,,,,,,,,,,,,,,,,,,,,,,,,,,,,,,,,,,,,,,,,,,,,,,,,,,,,,,,,,,,,,,,,,,,,,,,,,,,,,,,,,,,,,,,,,,,,,,,,,,,,,,,,,,,,,,,,,,,,,,,,,,,,,,,,23.50835,538944.0,371.2000122070313,23.50818333333333,528704.0,371.2000122070313,23.5271,761161.1487562312,371.2000122070313,23.51435,702551.3671706785,371.2000122070313,23.508133333333333,820672.0,371.2000122070313,23.514416666666666,674212.0152596306,371.2000122070313,23.5083,875584.0,371.2000122070313,23.508366666666667,559920.3353808696,371.2000122070313,23.514433333333333,743222.3481319341,371.2000122070313,23.51455,602464.1209336327,371.2000122070313,23.50828333333333,629696.0,371.2000122070313,23.508216666666662,440896.0,371.2000122070313,23.508366666666667,494464.0,371.2000122070313,23.508133333333333,568987.2246781968,371.2000122070313,23.533266666666663,648407.8101442568,371.2000122070313,23.50828333333333,1113088.0,371.2000122070313,23.508316666666666,755840.0,371.2000122070313,23.5083,770202.2494690145,371.2000122070313,,,,23.50828333333333,535814.5547726443,371.2000122070313,1.5951763608542633
31,#32 73.1000@16.8838 MS1+,1,+,16.883816666666668,1457886.6833499458,743.5578555759622,73.0999984741211,,,0.0,159.10000610351562,16.902716666666667,48161.71747598937,73.0999984741211,16.890216666666667,48820.41562584246,73.0999984741211,16.902583333333332,27187.8278317574,73.0999984741211,16.8964,58816.9981852338,73.0999984741211,16.89005,29401.560094949644,73.0999984741211,16.89025,48975.272013465816,73.0999984741211,16.890166666666666,46040.56035626275,73.0999984741211,16.890133333333335,56414.07956823299,73.0999984741211,16.909,74043.61981120525,73.0999984741211,16.908766666666665,66449.43994072924,73.0999984741211,16.902566666666665,60512.33260333783,73.0999984741211,16.902733333333334,71153.35356345394,73.0999984741211,16.9026,82721.71027743065,73.0999984741211,16.890183333333333,52133.44992504682,73.0999984741211,16.8839,37544.12119973128,73.0,16.908933333333334,89128.61367532914,73.0999984741211,16.90255,67083.92440765403,73.0999984741211,16.902566666666665,68980.23285019596,73.0999984741211,16.90255,37164.5562166654,73.0999984741211,16.890083333333333,50976.07730696356,73.0999984741211,,,,,,,,,,,,,,,,,,,,,,,,,,,,,,,,,,,,,,,,,,,,,,,,,,,,,,,,,,,,,16.896283333333333,56790.80354547064,73.0999984741211,16.8839,57618.683055875736,73.0999984741211,16.90895,47855.067895685264,73.0999984741211,16.896466666666665,68847.73783587269,73.0999984741211,16.87775,48337.20082048376,73.0999984741211,16.883966666666666,48698.03444183554,73.0999984741211,16.883866666666666,90214.0250118286,73.0999984741211,16.884,70651.52371928099,73.0999984741211,16.890183333333333,75028.11922518315,73.0999984741211,16.890116666666668,75320.8899357965,73.0999984741211,16.89005,76021.52788635087,73.0999984741211,16.896316666666667,71374.49411005579,73.0999984741211,16.890216666666667,91116.71842217252,73.0999984741211,16.883733333333332,63867.45944611894,73.0999984741211,16.90255,83668.14673522976,73.0999984741211,16.883883333333333,102017.45134647848,73.0999984741211,16.89005,45523.40547013484,73.0999984741211,16.889966666666666,75046.16950200815,73.0999984741211,16.8902,50159.00728229247,73.0999984741211,16.883916666666668,80079.80689114169,73.0999984741211,16.87773333333333,946661.537538401,73.0999984741211,16.883816666666668,1457886.6833499458,73.0999984741211,16.896466666666665,897485.2460669281,73.0999984741211,16.889983333333333,1300252.3562185045,73.0999984741211,16.883766666666666,1689824.9430707537,73.0999984741211,16.883783333333334,1484201.9028019258,73.0999984741211,16.883933333333335,1779950.5800581947,73.0999984741211,16.884,1522493.356819549,73.0999984741211,16.890066666666666,1552140.308865557,73.0999984741211,16.877666666666666,1537941.1898337768,73.0999984741211,16.877666666666666,1490552.2589843078,73.0999984741211,16.8776,1275716.1750888685,73.0999984741211,16.884,2016336.916995644,73.0999984741211,16.883766666666666,1377229.037578115,73.0999984741211,16.90265,1648159.1682015643,73.0999984741211,16.877666666666666,1828259.517723537,73.0999984741211,16.8777,1224577.676167115,73.0999984741211,16.877683333333334,1153353.9733332708,73.0999984741211,,,,16.883916666666668,1442266.154235978,73.0999984741211,1.60793338953996
124,#125 263.1000@13.3997 MS1+,1,+,13.399716666666666,161035.50032629358,6274.106679191617,263.1000061035156,,,0.0,263.1000061035156,,,,,,,,,,,,,,,,,,,,,,,,,,,,,,,,,,,,,,,,,,,,,,,,,,,,,,,,,,,,,,,,,,,,,,,,,,,,,,,,,,,,,,,,,,,,,,,,,,,,,,,,,,,,,,,,,,,,,,,,,,,,,,,,,,,,,,,,,,,,,,,,,,,,,,,,,,,,,,,,,,,,,,,,,,,,,,,,,,,,,13.399783333333334,149685.4731094451,263.1000061035156,13.405866666666666,139154.66671430625,263.1000061035156,13.418516666666669,168256.0,263.1000061035156,13.405783333333334,111304.0,263.1000061035156,13.405816666666665,165603.41557633784,263.1000061035156,13.405833333333334,107681.40387926542,263.1000061035156,13.399733333333334,244429.80978776785,263.1000061035156,13.399783333333334,165603.52632432617,263.1000061035156,13.405866666666666,132733.81705356378,263.1000061035156,13.399716666666666,146019.30482312315,263.1000061035156,13.399716666666666,158555.21875276955,263.1000061035156,13.39965,101155.7466027478,263.1000061035156,13.3998,152803.40274121403,263.1000061035156,13.399566666666669,130272.56160008968,263.1000061035156,13.4247,174221.59673917526,263.1000061035156,13.399716666666666,178920.67193380994,263.1000061035156,13.39975,141084.09710124508,263.1000061035156,13.399733333333334,137723.80113982473,263.1000061035156,,,,13.399716666666666,161035.50032629358,263.1000061035156,1.6097194039491634
89,#90 312.3000@16.7025 MS1+,1,+,16.702533333333335,344051.1089512207,11868.80225918972,312.29998779296875,,,0.0,312.29998779296875,,,,,,,,,,,,,,,,,,,,,,,,,,,,,,,,,,,,,,,,,,,,,,,,,,,,,,,,,,,,,,,,,,,,,,,,,,,,,,,,,,,,,,,,,,,,,,,,,,,,,,,,,,,,,,,,,,,,,,,,,,,,,,,,,,,,,,,,,,,,,,,,,,,,,,,,,,,,,,,,,,,,,,,,,,,,,,,,,,,,,16.702583333333333,321881.2216178337,312.29998779296875,16.7024,444042.8301991336,312.29998779296875,16.715066666666665,434033.82432854566,312.29998779296875,16.702333333333332,430399.93448445736,312.29998779296875,16.70235,495325.62070075417,312.29998779296875,16.702383333333334,395920.3916051314,312.29998779296875,16.702533333333335,412075.7199213493,312.29998779296875,16.702583333333333,447625.3191128729,312.29998779296875,16.702416666666668,420433.8906540614,312.29998779296875,16.702533333333335,344051.1089512207,312.29998779296875,16.696266666666666,348992.0,312.29998779296875,16.70245,282697.67607906787,312.29998779296875,16.7026,437285.395752671,312.29998779296875,16.702366666666666,502520.70925978734,312.29998779296875,16.721233333333334,379550.0950981939,312.29998779296875,16.696266666666666,405820.9073427484,312.29998779296875,16.6963,274191.879832025,312.29998779296875,16.702533333333335,197877.3606143747,73.0999984741211,,,,16.702516666666668,479855.8838785528,312.29998779296875,1.611340743766772
155,#156 73.1000@10.6035 MS1+,1,+,10.603483333333331,93793.84693448032,3001.911657070425,73.0999984741211,,,0.0,73.0999984741211,,,,,,,,,,,,,,,,,,,,,,,,,,,,,,,,,,,,,,,,,,,,,,10.597333333333331,7315.959711518124,73.0999984741211,10.59095,9819.33604263056,73.0999984741211,,,,,,,,,,,,,,,,,,,,,,,,,,,,,,,,,,,,,,,,,,,,,,,,,,,,,,,,,,,,,,,,,,,,,,,,,,,,,,,,,,,,,,,,,,,,,,,,,,,,,,,,,,,,,,,,,,,,,,,,,,,,,,,,,,10.603666666666667,71050.41219401339,73.0999984741211,10.603483333333331,93793.84693448032,73.0999984741211,10.628666666666666,105156.39274344666,73.0999984741211,10.615916666666667,120786.12391476944,73.0999984741211,10.603433333333331,136761.12786444928,73.0999984741211,10.603466666666666,110884.64545118807,73.0999984741211,10.60361666666667,102333.69839834832,73.0999984741211,10.603666666666667,87982.5531754311,73.0999984741211,10.60975,84482.26744492957,73.0999984741211,10.6036,87289.35107497429,73.0999984741211,10.597333333333331,81909.45984959533,73.0999984741211,10.603533333333331,74262.4742036445,73.0999984741211,10.603683333333333,112890.59622814984,73.0999984741211,10.603433333333331,94490.45972976196,73.0999984741211,10.616066666666669,94443.53952778674,73.0999984741211,10.6036,106689.13567373494,73.0999984741211,10.603633333333333,76638.34848813027,73.0999984741211,10.60361666666667,73283.04585351863,73.0999984741211,,,,10.603583333333331,109520.90876482124,73.0999984741211,1.6178828793990374
72,#73 74.0000@19.6926 MS1+,1,+,19.69258333333333,545727.5709292041,13579.213596363265,74.0,,,0.0,87.0,,,,,,,,,,,,,,,,,,,,,,,,,,,,,,,,,,,,,,,,,,,,,,,,,,,,,,,,,,,,,,,,,,,,,,,,,,,,,,,,,,,,,,,,,,,,,,,,,,,,,,,,,,,,,,,,,,,,,,,,,,,,,,,,,,,,,,,,,,,,,,,,,,,,,,,,,,,,,,,,,,,,,,,,,,,,,,,,,,,,,19.692616666666662,335114.7782570465,74.0999984741211,19.68618333333333,186757.7301630079,74.0999984741211,19.7051,509763.6643785263,74.0,19.69236666666667,487132.97547435673,74.0,19.6924,383292.5708495823,74.0999984741211,19.692416666666663,468321.3323687391,74.0999984741211,19.692566666666668,520457.6605269242,74.0,19.686366666666668,269505.1054013025,74.0999984741211,19.6987,216896.0,74.0999984741211,19.692566666666668,214198.4916203389,74.0999984741211,19.69255,268807.0829964921,74.0999984741211,19.69248333333333,211974.4866579008,74.0999984741211,19.692633333333333,199215.1205706103,74.0999984741211,19.68615,296523.2224848852,74.0999984741211,19.711266666666667,166624.74772981554,74.0999984741211,19.6863,744330.2795336593,74.0,19.69258333333333,545727.5709292041,74.0,19.686316666666663,508098.9688186362,74.0,19.692516666666663,509345.53958241816,74.0,19.6863,311645.9243643463,74.0999984741211,1.6209982739843616
297,#298 147.1000@26.0417 MS1+,1,+,26.0417,4821.128567941309,245.9053659774211,147.10000610351562,,,0.0,368.2999877929688,,,,,,,,,,,,,,,,,,,,,,,,,,,,,,,,,,,,,,,,,,,,,,,,,,,,,,,,,,,,,,,,,,,,,,,,,,,,,,,,,,,,,,,,,,,,,,,,,,,,,,,,,,,,,,,,,,,,,,,,,,,,,,,,,,,,,,,,,,,,,,,,,,,,,,,,,,,,,,,,,,,,,,,,,,,,,,,,,,,,,26.04175,5475.975159682248,368.2999877929688,26.04158333333333,3288.662150138849,368.2999877929688,26.0605,2624.561317422311,147.10000610351562,26.0415,3639.555738509208,368.2999877929688,26.041533333333334,5034.398811412091,368.2999877929688,26.04155,4069.0,368.2999877929688,26.03545,4574.6314178695375,368.2999877929688,26.04175,4806.987217834965,368.2999877929688,26.047833333333333,4460.816227105081,368.2999877929688,26.0417,4821.128567941309,147.10000610351562,26.04168333333333,5524.587933690414,368.2999877929688,26.041616666666663,4650.439630582561,147.0,26.041766666666668,6921.825460234126,147.0,26.041533333333334,2797.0219618502297,368.2999877929688,26.066666666666663,8584.717371926115,368.2999877929688,26.04168333333333,4136.654469894747,368.2999877929688,26.041716666666662,6027.350123744112,147.0,26.0417,5506.991314423845,147.0,26.04165,3728.2578026836272,147.0,26.035433333333334,3935.031769082713,368.2999877929688,1.6432327698311981
23,#24 399.3000@24.9658 MS1+,1,+,24.96578333333333,2538109.6102196863,77369.17522394306,399.2999877929688,,,0.0,399.2999877929688,,,,,,,,,,,,,,,,,,,,,,,,,,,,,,,,,,,,,,,,,,,,,,,,,,,,,,,,,,,,,,,,,,,,,,,,,,,,,,,,,,,,,,,,,,,,,,,,,,,,,,,,,,,,,,,,,,,,,,,,,,,,,,,,,,,,,,,,,,,,,,,,,,,,,,,,,,,,,,,,,,,,,,,,,,,,,,,,,,,,,24.95958333333333,2150400.0,399.2999877929688,24.965666666666667,2092605.0136688296,399.2999877929688,24.972066666666667,2268672.0,399.2999877929688,24.96558333333333,2407895.4377571,399.2999877929688,24.959366666666668,2378687.445780577,399.2999877929688,24.96565,2665984.0,399.2999877929688,24.959533333333333,2588160.0,399.2999877929688,24.95958333333333,2380288.0,399.2999877929688,24.971916666666665,2810368.0,399.2999877929688,24.96578333333333,2538109.6102196863,399.2999877929688,24.965766666666664,2757120.0,399.2999877929688,24.971966666666667,1917419.321834911,399.2999877929688,24.96585,2141913.853718467,399.2999877929688,24.959366666666668,2345207.6782102487,399.2999877929688,24.99075,2309288.855443112,399.2999877929688,24.978283333333334,2505724.2266364098,399.2999877929688,24.972066666666667,2806184.9894352797,399.2999877929688,24.9658,2726941.802220457,399.2999877929688,,,,24.959516666666666,2492928.0,399.2999877929688,1.6448008816672326
187,#188 79.0000@20.9061 MS1+,1,+,20.906116666666662,48264.0,1835.735553302719,79.0,,,0.0,67.0,,,,,,,,,,,,,,,,,,,,,,,,,,,,,,,,,,,,,,,,,,,,,,,,,,,,,,,,,,,,,,,,,,,,,,,,,,,,,,,,,,,,,,,,,,,,,,,,,,,,,,,,,,,,,,,,,,,,,,,,,,,,,,,,,,,,,,,,,,,,,,,,,,,,,,,,,,,,,,,,,,,,,,,,,,,,,,,,,,,,,20.8999,48850.39262810024,79.0,20.899716666666663,30989.557776675167,79.0,20.91863333333333,67016.54152554096,79.0999984741211,20.89963333333333,65079.43918116084,79.0,20.89966666666667,65188.93714211362,79.0,20.8997,63867.40256449187,79.0,20.89985,70926.67317209931,79.0,20.8999,43354.26529949168,79.0,20.912233333333333,29056.89156973893,79.0,20.90608333333333,30653.555381193648,79.0,20.90608333333333,39365.294704498185,79.0,20.912266666666667,21306.148319254036,79.0,20.912416666666665,28642.297788400465,79.0,20.89966666666667,46368.0,79.0,20.9248,41371.3155772405,79.0,20.899833333333333,74780.20547617841,79.0,20.906116666666662,48264.0,79.0,20.9061,48164.54291925221,79.0,20.90605,61052.88448783516,79.0,20.899816666666663,45652.9976504501,79.0999984741211,1.655569838236953
69,#70 74.1000@17.7597 MS1+,1,+,17.759666666666668,371756.5977781302,6414.504552947762,74.0999984741211,,,0.0,87.0,,,,,,,,,,,,,,,,,,,,,,,,,,,,,,,,,,,,,,,,,,,,,,,,,,,,,,,,,,,,,,,,,,,,,,,,,,,,,,,,,,,,,,,,,,,,,,,,,,,,,,,,,,,,,,,,,,,,,,,,,,,,,,,,,,,,,,,,,,,,,,,,,,,,,,,,,,,,,,,,,,,,,,,,,,,,,,,,,,,,,17.759733333333333,504310.5330082587,74.0999984741211,17.76581666666667,241051.73508837825,74.0999984741211,17.778466666666667,631290.7549381733,74.0,17.765733333333333,557614.5695967063,74.0,17.7595,531073.1648775735,74.0999984741211,17.759533333333334,510376.9765702613,74.0999984741211,17.765933333333333,582216.3337623077,74.0,17.765983333333335,391270.2535523483,74.0999984741211,17.76581666666667,303538.23565058503,74.0999984741211,17.759666666666668,304915.9058529319,74.0999984741211,17.759666666666668,371756.5977781302,74.0999984741211,17.7596,290202.86200582056,74.0999984741211,17.766,316462.0035733803,74.0999984741211,17.772016666666666,423067.5451140436,74.0999984741211,17.784633333333332,436563.35723252245,74.0999984741211,17.753416666666666,802110.7304822854,74.0,17.75345,566656.6525243314,74.0,17.753433333333337,523965.8100096271,74.0,17.747116666666667,420730.0478771213,74.0,17.772166666666667,494336.689376562,74.0999984741211,1.6661748940659946
142,#143 67.0000@19.3986 MS1+,1,+,19.39855,72683.78059513023,2373.698932622432,67.0,,,0.0,67.0,,,,,,,,,,,,,,,,,,,,,,,,,,,,,,,,,,,,,,,,,,,,,,,,,,,,,,,,,,,,,,,,,,,,,,,,,,,,,,,,,,,,,,,,,,,,,,,,,,,,,,,,,,,,,,,,,,,,,,,,,,,,,,,,,,,,,,,,,,,,,,,,,,,,,,,,,,,,,,,,,,,,,,,,,,,,,,,,,,,,,19.398616666666666,114081.20284971884,67.0,19.39845,49328.29830165468,67.0,19.4111,113308.73097460793,67.0,19.398366666666668,114253.76384539556,67.0,19.3984,103038.8582901968,67.0,19.398416666666662,101837.16317188702,67.0,19.398566666666667,109240.76162481184,67.0,19.392366666666668,90737.0787427381,67.0,19.4047,67996.47269797177,67.0,19.404816666666665,60001.90820646414,67.0,19.39855,72683.78059513023,67.0,19.40475,62230.33725931752,67.0,19.4049,65023.41493723463,67.0,19.3984,77725.19410964749,67.0,19.42353333333333,97682.40469186158,67.0,19.39855,175561.595735514,67.0,19.39858333333333,109751.8390851719,67.0,19.398566666666667,118011.10982415856,67.0,19.404766666666667,109803.99570649324,67.0,19.39855,81504.0,67.0,1.6774230551703142
