	m/z	retention_time	p-value	f-score
0	215.0342	0.4142	3.442260195381254e-20	58.62424706682931
1	217.0362	0.4162	0.3699836229372699	1.0000000000000002
2	804.571	5.5718	0.3699836229372699	0.9999999999999997
3	830.5906	5.7476	0.002371690056514122	6.259052876436587
4	596.5256	6.0223	1.53566712325808e-119	1932.268166567945
5	803.5632	5.0897	2.4166601155287137e-91	870.3957326537259
6	747.5602	4.7732	0.08630086155896681	2.484736532637874
7	246.9529	0.4212	0.0023755558557620794	6.257307073005935
8	187.0088	0.4146	6.721874509160402e-11	26.879263651387877
9	217.0529	0.4126	0.14382339560264001	1.9609419796770386
10	805.5797	5.5828	9.551620991956438e-105	1278.0562587243066
11	540.3304	1.4608	3.0843441481016964e-70	460.6390299414569
12	831.5944	5.7374	1.406602347364982e-99	1103.548708593496
13	827.5631	4.9986	7.256785293053425e-109	1435.296340954312
14	112.9862	0.4482	0.19052109282621077	1.673891704582771
15	850.559	4.8246	4.37499466260413e-05	10.638918252917538
16	854.5846	5.6289	0.31871829785592587	1.1509948834288017
17	828.5707	5.2668	0.3699836229372699	1.0000000000000007
18	748.5676	4.7853	1.8199567998002276e-14	38.15539782880386
19	258.2521	3.1364	0.08614625025323654	2.486580909314244
20	586.507	6.0321	0.3699836229372699	1.0000000000000004
21	112.9851	12.6352	0.0001751211637092449	9.094663055287517
22	857.6746	6.8166	3.614888476873433e-91	865.9747202298385
23	694.6259	8.3972	0.3699836229372699	1.0000000000000004
24	465.2987	3.1286	0.12114230176299513	2.1366036520213347
25	89.0229	0.4893	6.397255693612712e-05	10.213419877693887
26	367.1077	0.4168	4.6858151733267905e-33	117.70074499807927
27	186.0431	0.4752	0.13741665505295442	2.0075498188377017
28	172.9919	0.4176	4.5537703433003096e-07	15.899091065987463
29	828.5672	4.9986	5.140990937334564e-87	766.7806356136488
30	586.5196	6.0134	0.3699836229372699	1.0000000000000004
31	201.057	0.4737	4.930909552875842e-13	33.498006312660216
32	134.8664	12.8531	0.3699836229372699	1.0000000000000002
33	804.5674	5.0814	1.0433909530748257e-41	170.37809683002232
34	855.5926	5.6289	1.44853480761731e-06	14.53949800228924
35	832.6072	6.2626	9.312567738181137e-80	617.5644936788804
36	115.0225	0.4744	3.1864600207970007e-23	70.79815237364929
37	718.5386	6.3678	3.0700603241306708e-52	253.11126157191896
38	851.5633	4.8275	1.8758441914043964e-84	710.8041688087162
39	829.5787	5.2655	4.753070292717499e-102	1184.0180925684847
40	505.3446	4.8772	0.018894900752996557	4.060783659263329
41	856.602	5.9064	0.23513783921365894	1.4596935502801192
42	832.621	6.2669	0.01500325919600743	4.302493073324222
43	824.5432	4.6031	0.00019857981367704346	8.95590874334711
44	325.1843	3.1424	2.4852065122110948e-120	1974.9835729040565
45	465.2848	3.1286	0.8644890161979175	0.14573861065677932
46	775.5857	5.4488	0.3699836229372699	0.9999999999999993
47	311.1701	3.1438	0.0002312687774864375	8.787979192016063
48	684.6078	8.3991	0.36858692028759416	1.0038257390829337
49	92.9292	0.4256	8.6028009116077e-14	35.940735167250885
50	465.3227	3.1286	0.21570794964261097	1.547430566882692
51	858.6828	6.8067	0.060532869526626676	2.8502630806623954
52	858.6679	6.8067	0.3699836229372699	0.9999999999999998
53	878.5913	5.4718	4.039079965488904e-63	366.6160576557697
54	852.5685	4.8352	1.1872075142528827e-05	12.113745632134728
55	831.6625	6.8532	0.08027155656343765	2.559260235212039
56	806.5767	5.5718	0.3699836229372699	0.9999999999999998
57	878.5761	5.4488	0.3699836229372699	0.9999999999999996
58	855.6581	6.2295	1.3103158319785877e-37	143.917825741019
59	588.4958	6.0221	2.7100143645433096e-28	93.46028881933017
60	179.0572	0.4303	2.939393441820846e-58	311.84453586473967
61	159.0265	0.4752	7.542406923182618e-07	15.304020439529342
62	806.5906	5.5718	0.43201966312933393	0.8433454884670134
63	745.5491	4.2707	1.1732554591258474e-90	853.1656838277498
64	832.5933	5.7322	0.02234807242065395	3.8852706152865712
65	692.6156	7.7258	0.3699836229372699	0.9999999999999997
66	541.3338	1.4608	8.37001695811681e-73	499.1296113148554
67	828.567	4.9926	0.05640901540394618	2.923161739903881
68	695.6393	8.4161	0.00689264558372009	5.12243125393534
69	132.8678	0.631	0.3113867059436424	1.1745779894516306
70	832.606	5.7322	0.3699836229372699	1.0000000000000013
71	311.17	0.7648	1.117862842912566e-33	121.1006360204441
72	134.8677	0.5156	0.3699836229372699	1.0
73	695.6293	8.3972	0.11932684472084902	2.152075399911277
74	205.0352	0.4824	8.214686578503538e-42	171.08652677589393
75	339.226	2.5857	0.13804752387482006	2.0028638343240566
76	832.6378	6.2478	0.00026314658208794416	8.645910352399513
77	684.6257	8.3972	1.1264742785589557e-13	35.56036410653983
78	554.3463	1.8082	1.9702887537151664e-37	142.83766879978427
79	134.8662	0.5149	0.00074055305682438	7.5151364171477955
80	564.3313	1.2042	6.534708258174885e-05	10.189668510022866
81	751.5397	5.6393	4.964753702345553e-106	1325.2488604764198
82	829.5776	5.1664	9.61999120051348e-77	563.5427864493356
83	859.6918	7.5208	0.9177259466157298	0.08589884395038425
84	803.6266	6.1534	1.3624120196515572e-21	64.1314285525664
85	566.3453	1.6097	6.29092159146513e-08	18.267098316115714
86	833.6151	6.2478	0.4345386400646636	0.8374755611199544
87	666.602	7.7618	7.063042914000042e-21	61.299619251333766
88	248.9632	0.4425	3.1260760722924856e-07	16.344976972012905
89	749.5709	4.7853	9.755805248539983e-97	1017.3098371713501
90	465.3356	3.1286	0.3699836229372699	1.0000000000000007
91	878.5626	5.4488	7.322697195632098e-09	20.90182258711649
92	488.3121	3.1281	2.6929036720175217e-13	34.33873783306927
93	277.076	0.4561	0.2138671144007949	1.5561539834817542
94	870.5466	5.0848	6.144239617161842e-10	24.019413611544117
95	719.5372	4.1654	0.10107072508390613	2.3223910721765377
96	94.9274	0.4253	0.3699836229372699	0.9999999999999997
97	680.6184	8.0867	1.4658935585016702e-53	265.21304054824174
98	311.1803	0.7731	0.01700978073091053	4.170859484896113
99	886.5518	4.9903	5.225432886932775e-45	193.8706458581998
100	826.5506	4.6026	9.865962398365139e-08	17.724039376246697
101	778.5614	5.5149	7.309507154138168e-07	15.340910041203038
102	136.8627	12.8124	1.7021753369229365e-19	55.97326513889571
103	852.5701	5.2227	0.1338577688197733	2.0343991367169565
104	825.5477	4.5943	7.6032917996332e-48	215.77285406785134
105	776.5443	4.9527	1.1223562299395174e-42	177.0594157969054
106	136.8626	12.8928	0.0001772007700593196	9.081624572921225
107	829.5638	5.1519	0.19230262688590563	1.6644057354380903
108	872.5629	5.5745	3.3073017698809083e-106	1331.858524364743
109	719.5384	6.3741	0.38904670934150487	0.949196521910739
110	598.5307	6.0206	1.3734464784909511e-94	956.2658216873824
111	100.9475	0.4154	0.36613038199827974	1.0105902106355809
112	857.6098	5.9205	1.7829686960437979e-78	594.0582644661573
113	803.6078	6.1575	0.04803744664350233	3.089360993953389
114	832.6622	6.8395	1.9531356574250666e-89	823.2611481726451
115	711.6254	8.4244	2.8387085124691212e-64	380.6739194274779
116	829.6432	6.2605	3.6356863549451215e-89	816.7831422180974
117	879.5845	5.4488	0.3699836229372699	0.9999999999999996
118	776.5976	5.4569	0.3701451653093121	0.9995584585380948
119	845.6738	7.1794	1.6308522929040306e-67	422.5568540875072
120	1175.7749	5.4909	1.720630946437963e-23	71.91980165442975
121	1175.7616	5.417	0.3699836229372699	0.999999999999999
122	248.9684	12.6285	0.04816644894917491	3.0865839507880746
123	464.2793	1.327	0.32838011895737	1.1207407753059726
124	856.6618	6.2378	1.0245707783856914e-91	879.8855996512777
125	853.5785	5.0337	9.054381963005959e-103	1208.4746570784619
126	158.0287	0.4752	0.0011556224509742749	7.032934321523859
127	1561.1229	5.0897	1.5557275523839855e-45	197.80951828089889
128	188.0464	0.4742	8.646629286625349e-20	57.09070146772662
129	311.1899	3.1426	0.6073233474783251	0.5001259522332869
130	1560.1201	5.0897	6.423668907964066e-85	720.6921892908238
131	486.3107	3.1287	1.6572841494327594e-118	1877.8042432123952
132	598.5157	6.0134	2.607185295252176e-13	34.38386308172112
133	750.5432	6.1276	3.0857416707702626e-17	47.678021859433564
134	161.0253	0.4893	2.027527715599285e-08	19.646086117752763
135	898.5785	5.7447	1.4014136070687474e-120	1988.6060455817283
136	686.6124	8.3972	0.3699836229372699	1.0000000000000009
137	747.512	4.798	0.3699836229372699	0.999999999999999
138	225.7949	12.7018	0.13387289025404747	2.0342835352958972
139	812.5723	5.3658	1.5042067042390635e-06	14.495491820795698
140	155.8759	0.4976	0.2267852072872667	1.4964765805757883
141	693.614	7.7451	0.3699836229372699	1.0000000000000002
142	776.5615	4.9574	0.13664927204151753	2.0132792279712888
143	100.9415	0.4126	0.12729089124992418	2.085893158931352
144	201.0404	0.524	4.26705104138067e-07	15.97603697513834
145	746.5527	4.279	5.923870783691362e-93	912.0891577828851
146	832.6445	6.8532	0.05158888261518896	3.015533154543788
147	852.5675	4.8328	4.351723008388089e-40	159.5746547585876
148	778.5799	5.5075	0.011200235072054598	4.609798775080639
149	297.1525	3.1427	1.4532022334845252e-31	109.77742581412765
150	845.6566	7.0736	0.003424264995454857	5.866175147290774
151	766.5391	5.8276	7.745870573079158e-35	127.58477498720522
152	609.557	6.6242	4.29972375067505e-43	179.98766692345345
153	326.2343	3.1426	0.31443135038502423	1.164716971115965
154	582.5084	5.6725	0.19231008207278272	1.6643662265454375
155	856.5979	5.6453	2.6850311577190153e-70	461.5124653718354
156	316.9531	0.4386	0.4352694624305471	0.8357789790312867
157	804.6301	6.1617	1.9982654310940553e-46	204.60777633554227
158	114.0261	0.4727	0.054169993760624875	2.965034189242639
159	656.5707	7.7656	0.3699836229372699	0.9999999999999992
160	860.692	7.5296	0.06824454624825552	2.726508895921207
161	1176.7683	5.4232	0.052705191865508615	2.9933860862722708
162	829.6433	6.1533	1.1972070289722997e-88	804.4869871962663
163	205.052	0.4557	0.05095482205689247	3.028329511274342
164	203.0324	0.4746	2.502242306750526e-06	13.903509465150522
165	1176.7803	5.4897	3.06970430438481e-06	13.666729432069019
166	614.519	6.0304	3.735480521138067e-57	300.3583938048815
167	815.5531	4.7853	7.493238428836912e-78	582.911300397098
168	506.3525	4.8765	1.3072101323253617e-39	156.47692668055362
169	589.4984	6.0228	0.7461334937705479	0.2933441847452376
170	809.5944	3.1341	1.5351242405071196e-141	3527.6755957027226
171	894.5516	4.9918	0.604056574700844	0.5055506118505039
172	838.5858	5.408	0.3699836229372699	1.0000000000000007
173	856.5805	5.6289	0.3699836229372699	1.0000000000000002
174	804.6179	6.1575	0.3699836229372699	0.9999999999999999
175	830.585	5.2562	0.005160007896881348	5.429505108755484
176	722.5134	5.4629	0.6590305895317184	0.4179862176225024
177	733.5505	4.4719	0.0002322701352681656	8.78322239383835
178	810.5639	5.2488	3.0529182819074274e-17	47.69457758216326
179	670.5985	8.0868	0.28027305033720795	1.2813350810793744
180	692.6174	7.8289	0.5063169108096948	0.6832615595006749
181	225.0632	0.4308	5.674369109404664e-38	146.14985112320622
182	858.6855	6.9408	0.3699836229372699	1.0000000000000007
183	311.1894	0.7731	0.3699836229372699	1.0000000000000002
184	827.5628	4.6868	3.1577226706044496e-51	244.1206136930269
185	136.8636	0.6227	1.1015103958683266e-10	26.234600906106778
186	879.5646	5.4488	0.13532104570982723	2.023273334007671
187	421.2259	3.1498	9.722132748365039e-76	546.4741391523578
188	685.5893	8.3972	0.3699836229372699	1.0000000000000004
189	205.019	0.4569	0.0021302198396127604	6.374226639297608
190	859.6813	6.8083	4.3232755567763084e-85	724.3767380043886
191	805.5675	5.0853	0.004277615668456603	5.628966521399546
192	667.5993	7.7644	1.4019262713827593e-05	11.92453573155775
193	686.6239	8.3972	0.10968192697250359	2.238483800347053
194	200.0623	0.4837	2.618225526432102e-34	124.60170929175554
195	505.3317	3.9074	0.05712794393956601	2.910072785053689
196	581.5248	5.9124	0.24434423364358332	1.4206516543624432
197	113.0227	0.4334	0.0022457840412139192	6.317543678870277
198	762.5084	4.9903	1.0499030102180054e-32	115.81134749190473
199	684.5921	7.7369	3.2894363927866145e-18	51.188492501428534
200	779.5623	5.5158	0.13846087240494226	1.9998052837955191
201	325.1851	0.7709	2.380940601352454e-09	22.30425921346995
202	265.1479	3.1525	1.924638260734086e-106	1340.7155069666637
203	367.2619	3.0688	1.3969385121246413e-15	41.9033906887972
204	843.6522	6.6007	0.5570548768824517	0.5870633653371987
205	861.5484	5.0741	8.578973662070135e-60	328.37971427207026
206	817.523	5.6708	0.00043596050127404055	8.092506944390674
207	683.5744	7.747	0.179870045963414	1.7325462356155925
208	103.0416	0.4754	3.164695688508337e-06	13.631472558103734
209	805.5792	5.0976	0.00013356471510244465	9.394339405925093
210	125.9006	12.668	0.04734856619824156	3.1043194584281575
211	853.5785	5.2162	8.614400638961675e-15	39.236031272108775
212	637.5881	7.3449	1.7973857231708504e-38	149.25116047651417
213	180.9762	0.4352	0.009903683813257926	4.739437175717935
214	859.6946	6.8067	0.3699836229372699	0.9999999999999994
215	89.0049	4.8781	0.3699836229372699	1.0000000000000004
216	157.012	0.4634	0.5767524651183433	0.5520864531236772
217	720.5397	4.1699	0.9847462045674983	0.015372689346263046
218	255.233	3.1612	9.948279033284378e-13	32.52979444253838
219	762.4912	4.9918	0.4096981087845035	0.8969266103866905
220	846.677	7.1897	3.4307044330860697e-84	705.2872424952643
221	786.5646	5.374	2.4176565211081355e-43	181.76040799002055
222	681.6222	8.0867	1.8432477093147726e-78	593.7980302198945
223	761.5728	5.1174	0.6050165353872605	0.5039534704852322
224	161.04	0.4893	0.3699836229372699	0.9999999999999998
225	854.5836	5.4488	0.14054571596509255	1.984518025792529
226	777.5401	4.9574	0.3699836229372699	1.0000000000000002
227	873.5648	5.5789	0.017141552086076216	4.1627729392714325
228	201.0898	0.5056	0.3699836229372699	1.0000000000000002
229	817.6421	6.5182	1.4834752980624045e-77	577.6729190911171
230	886.5126	4.9918	0.04751074649206786	3.1007781288092877
231	862.6827	9.5008	0.0009796265071074718	7.211683364536043
232	830.648	6.1335	0.1807898027334285	1.727344394352727
233	712.6396	8.3972	0.5966901503827928	0.5178926742921329
234	555.3491	1.8099	1.0819026402639936e-120	1994.788618544593
235	549.3573	4.8847	6.936063079314418e-63	363.80551222566373
236	786.553	5.3658	0.3733477056211574	0.9908450070733057
237	230.7666	12.8201	3.5821239930951015e-26	83.60839406405478
238	853.5903	5.1995	0.3699836229372699	1.0
239	899.5814	5.7311	6.742393618554708e-40	158.33684086161173
240	813.5866	5.3658	0.006587348606310066	5.170415236115707
241	925.6623	6.8166	1.1604754699202412e-104	1275.0047097353736
242	565.3323	1.2117	0.00021499602506248248	8.868343804190172
243	834.6133	6.2626	1.0020008061427397e-86	760.256719603965
244	539.4914	3.1448	1.548613029785656e-102	1200.5075780208322
245	684.6085	7.747	0.3699836229372699	0.9999999999999997
246	384.9319	0.4352	0.13919242372578566	1.994414776758459
247	202.0441	0.4809	2.5927915554108935e-06	13.862289103479059
248	1564.1516	5.5911	4.733358034643161e-50	233.97508976464545
249	1562.1281	5.093	2.4884442703069517e-10	25.17882473851304
250	139.0072	3.1521	7.228089287563317e-21	61.26025048679919
251	247.9571	0.4221	0.3699836229372699	1.0000000000000007
252	742.5393	5.9228	2.4001798260190774e-08	19.439458739687215
253	839.5997	5.4072	9.032092897549302e-88	784.0186056405585
254	748.5311	5.5076	1.7073673991982168e-11	28.687279708957984
255	880.6059	5.6722	6.916717062246115e-88	786.6942597785504
256	588.3304	1.1716	4.102092503687153e-66	404.01403113026583
257	854.6703	7.0739	4.148516988654129e-06	13.318851831147738
258	856.6867	7.7546	4.561634221451185e-05	10.592045272668972
259	610.5375	6.3767	0.01395005493139132	4.378908500968495
260	880.5899	5.4669	0.3699836229372699	1.0000000000000007
261	816.5751	5.4131	3.1603524756016327e-86	749.1436834409966
262	850.5598	4.5864	1.926282990634854e-66	408.29882483943334
263	682.5969	7.8623	0.27346714841839753	1.3062834695702397
264	1565.1543	5.5911	3.450854474035048e-64	379.6253961547853
265	567.3427	1.6142	0.3699836229372699	0.9999999999999999
266	467.3061	3.1354	1.512123454536155e-29	99.54704100699956
267	776.5626	5.4669	3.2825998095666274e-05	10.961849843787082
268	862.696	9.4823	0.3699836229372699	0.9999999999999989
269	801.6087	5.5557	0.0012173312399448015	6.97672393355429
270	179.0435	0.4352	0.3699836229372699	0.9999999999999996
271	690.6026	7.1509	1.1029769954880217e-13	35.59006360707634
272	696.6411	8.4002	4.2940088429144396e-86	746.2027854302183
273	452.9237	0.442	6.537945233140588e-23	69.4999418287198
274	807.5846	5.5828	5.548644770876991e-109	1439.9996699006542
275	833.6007	5.7385	1.1242209964001122e-70	467.02894080759097
276	744.5615	5.0589	1.1643105347424083e-44	191.2960019653596
277	230.767	13.1932	0.13389170866305183	2.034139689423004
278	817.5411	5.6696	0.1462400764615365	1.9439045202096201
279	880.6038	5.6536	0.16009465748813437	1.8514145666509196
280	749.5735	4.9985	0.9630115261651213	0.03769806337235446
281	918.5463	4.8192	1.2528467777562597e-15	42.06479080437405
282	749.5835	5.0334	0.4685291355668664	0.7614700669747912
283	854.5814	5.2079	2.0683028749021894e-08	19.62168138830937
284	599.528	6.6247	2.3638378989230308e-23	71.34071893371612
285	204.0245	0.4683	9.13533754565882e-05	9.816127049832428
286	326.1911	3.1437	0.3699836229372699	1.0000000000000002
287	922.5703	5.6289	0.3699836229372699	1.0000000000000016
288	846.6583	7.0819	1.29497546938301e-13	35.36414427942533
289	180.9741	12.6373	0.047340092205573434	3.1045048316176618
290	1173.7572	5.4662	0.1009211770175903	2.3239113455929736
291	816.5582	5.4264	1.1826949368722571e-06	14.776415723248938
292	767.5422	5.8276	1.0133836084110213e-34	126.92300174624805
293	134.8937	12.7693	0.0005803969148264161	7.780242328349824
294	293.1768	3.1454	0.13639393030474897	2.015192870339416
295	896.5628	5.2587	4.0731169990929505e-115	1709.1709958546069
296	816.5556	4.7936	2.622044248523198e-118	1867.4705798272964
297	751.539	6.1154	0.801278056080739	0.2218295828498756
298	895.5503	4.9858	6.54854531380119e-139	3284.6262538951864
299	687.6072	8.4161	1.460629276736368e-25	80.8743368412226
300	696.6284	8.3972	0.03965012394952197	3.2882809321025963
301	610.5497	6.3741	0.3699836229372699	1.0000000000000002
302	966.5655	5.7321	2.47965438986501e-142	3604.2199890081074
303	828.6558	7.1068	2.031569245064177e-22	67.4736901194816
304	542.3364	1.4525	6.2319384224917e-76	549.7205569000301
305	697.6105	8.095	2.2971457239784556e-06	14.002745093118289
306	887.5554	4.9926	1.6278119040886377e-38	149.52041339645376
307	340.2346	2.5965	0.0018656268417524668	6.516680533057584
308	520.9093	12.6283	1.6062122957685717e-17	48.69254885949104
309	840.6005	6.0571	0.13533803328082789	2.0231448873894387
310	505.3319	3.9125	6.603705129468012e-12	29.957328653326666
311	202.0599	0.4837	0.052061451629908315	3.006098999990638
312	189.8373	12.7034	3.056775742138177e-27	88.50372471346198
313	657.5699	7.7656	0.3233827651055544	1.136274877092658
314	858.6139	5.914	5.33091049964101e-05	10.417387353765324
315	155.8745	13.913	4.7776726913341366e-65	390.351843823636
316	746.5086	5.2654	2.8266594754292182e-31	108.27832445839758
317	938.5345	5.1179	1.8883935063552208e-185	11468.335442564568
318	869.5959	3.1249	2.3582993938968428e-17	48.09485360843031
319	858.6016	5.9064	0.3699836229372699	0.9999999999999997
320	160.0277	0.4752	0.00137801474319279	6.8428939325725455
321	671.5939	8.0867	3.450799516285804e-28	92.95973612730236
322	687.6214	8.3972	0.3699836229372699	0.9999999999999999
323	833.6689	6.8325	0.3699836229372699	1.0000000000000007
324	672.5915	8.0936	1.0060139113337794e-06	14.965872319477878
325	259.0404	0.4243	0.00786072323849698	4.983374650493605
326	816.5378	4.798	0.0003092328425978205	8.468653506103049
327	265.1483	0.7238	1.4215677376622046e-08	20.082210229025602
328	829.5623	4.9918	0.3699836229372699	1.0000000000000004
329	723.5193	5.456	0.3699836229372699	0.9999999999999994
330	810.595	3.1364	0.04349536323873477	3.192273308317923
331	129.0548	0.4718	1.4113993761264637e-07	17.293900188993685
332	801.5442	4.761	4.38687338956849e-06	13.254454150297462
333	790.5374	5.6122	0.3699836229372699	0.9999999999999994
334	465.2823	1.3341	0.004690191831724306	5.530983166594283
335	1616.1821	5.7374	1.8115577589461538e-66	408.64853310292216
336	341.27	3.1355	2.322243312124487e-05	11.352336375974126
337	696.6567	8.3972	0.3699836229372699	0.9999999999999999
338	693.6154	7.7583	0.31258730785496325	1.1706778728536946
339	627.559	7.3141	1.1032014574860784e-14	38.8776155011198
340	1177.7713	5.4328	0.6073829740332731	0.5000272134883375
341	204.0572	0.4752	0.3699836229372699	1.0000000000000016
342	505.3312	3.1581	1.1117694323967742e-16	45.70839405155468
343	720.5411	6.3741	0.6066043503129687	0.5013173500122574
344	682.6121	7.8623	0.5999079710094857	0.5124825314418245
345	658.574	7.7535	4.388775085651069e-18	50.73126862518085
346	698.6165	8.5966	0.5384155427414886	0.6213328292444759
347	788.5805	5.4834	1.2922375948290065e-27	90.24919964174474
348	880.5714	5.3574	5.907281461585466e-50	233.15874686661917
349	139.0072	4.8847	4.337548200589019e-12	30.523749770231014
350	738.507	5.1561	2.222378420638341e-47	212.0630263068801
351	165.0422	5.7107	0.4976832276062818	0.7005973403861093
352	134.8932	0.4237	4.432629397764288e-18	50.7155289190592
353	734.5524	4.4769	1.2063885145683423e-52	256.7825017140607
354	489.3038	3.1263	0.7043758666227893	0.35114991944416546
355	830.5541	5.1519	0.006203730658746448	5.234003071505049
356	541.3336	1.3282	1.776747022492181e-68	435.70804971465157
357	962.5345	4.9922	4.638175931164681e-159	5660.0674746789155
358	477.2806	3.1363	6.7638325467633496e-09	21.000329867136013
359	187.8395	12.7105	4.042429932792802e-105	1291.6146905406863
360	421.2264	0.7733	5.852693777128053e-68	428.59448864418823
361	818.525	5.6738	5.2339359156529425e-15	39.961092337461636
362	554.3472	1.6523	0.008271149325949008	4.929580263416396
363	638.5723	7.0903	1.680493526446763e-18	52.2594181394366
364	773.5735	4.8933	0.3699836229372699	1.0
365	887.5587	5.231	0.00010158821292816814	9.698025287267422
366	710.6131	7.7369	1.0691830017347238e-22	68.61766131612625
367	844.6629	6.6094	3.2444994941055338e-15	40.66086555780161
368	841.6182	6.0208	4.2659473829739444e-73	503.68800932136367
369	752.543	5.6552	9.783792807593588e-26	81.64935577397766
370	857.6579	6.2478	0.007317459588983423	5.059123365498635
371	311.1695	4.8847	2.149722600196105e-34	125.08178143503906
372	1617.1774	5.7537	9.862847223754486e-05	9.730894339677805
373	1617.1889	5.7374	0.00012698940288847889	9.45028925748445
374	520.9107	0.442	3.2435614299594982e-15	40.66128987132178
375	762.4746	4.9918	0.3699836229372699	0.9999999999999991
376	863.6886	9.4955	3.8860971270716126e-26	83.44874517768017
377	778.6113	5.6973	1.1994399146734844e-06	14.759970181235932
378	790.5856	5.973	0.3699836229372699	1.0
379	790.5534	5.6122	0.03563908442284139	3.3990309853735723
380	698.6279	8.5828	3.2368573647820056e-06	13.6053973394594
381	746.4934	5.2736	0.0004859400753233975	7.973951729601722
382	774.5291	4.4772	2.4445541745666082e-20	59.198273844864765
383	851.5631	4.5947	3.552320709900224e-77	571.0350061316874
384	514.893	3.1521	4.025668150652024e-113	1616.7962841153376
385	520.9085	3.1431	0.09050716041515323	2.435801368958574
386	854.581	5.0337	5.376524633507992e-28	92.04482069263493
387	325.1844	1.0635	0.00027903678255220823	8.581472895441518
388	900.595	6.2543	8.111041175060472e-49	223.66225264109065
389	777.6025	5.4651	2.375755328810041e-87	774.3897362859059
390	926.6611	6.8067	0.1447049666123122	1.954693634623607
391	343.2276	3.1594	0.7124587528180865	0.33969471335203905
392	227.7934	12.7045	6.107408181269662e-32	111.74788058468702
393	855.5932	5.4414	1.7082444161771908e-75	542.3833207500998
394	897.5661	5.2655	1.032167054507818e-116	1786.676199017912
395	627.5437	7.3214	0.3699836229372699	0.9999999999999997
396	883.5391	4.7853	2.1062157364459343e-123	2149.628901277607
397	788.5694	5.4669	0.8550354091194179	0.15675344366531802
398	421.2254	4.8766	2.8164618034151936e-102	1191.686369640823
399	844.649	6.4912	0.0183523875917839	4.091280943878157
400	189.055	0.4741	5.759628840302029e-06	12.941210006213714
401	694.6281	7.8537	4.310714313549319e-06	13.27463744595678
402	790.5547	5.2668	0.3699836229372699	1.0000000000000002
403	763.5107	4.9903	1.2666177174392883e-07	17.423726787794696
404	664.5133	6.0359	1.417859586655102e-21	64.06214680652919
405	790.6035	5.973	0.3699836229372699	1.000000000000001
406	818.6451	6.5099	1.5479443986282403e-41	169.21380394529857
407	899.6467	6.8395	7.931367787222465e-109	1433.7417933459803
408	239.0604	6.2529	2.314418807191299e-10	25.27234492297533
409	293.1763	0.6989	3.8279823203751733e-28	92.74529426321523
410	421.215	0.7731	0.3699836229372699	0.9999999999999998
411	855.6753	7.0736	2.8961556434394814e-56	291.34597302941006
412	161.0469	0.4334	1.0134568750562052e-39	157.19028818610494
413	671.6103	8.0868	0.06958677526196291	2.706423734243722
414	664.5871	7.1814	9.48027467495397e-20	56.93833788958161
415	817.559	5.6696	0.0003298757597363652	8.397767948440391
416	858.6125	6.3318	0.010784983221842154	4.64958927716313
417	259.0385	0.4259	0.14631123014054795	1.9434072172474095
418	325.1845	4.8766	6.812448345114733e-07	15.423785926761688
419	750.5747	4.7859	8.452647735019618e-20	57.12828561010992
420	806.5906	6.1851	0.1941175735761914	1.6548328282142548
421	896.5629	5.1664	1.7583005871498578e-86	754.7978989091553
422	774.5446	5.9286	1.9769729571778103e-10	25.4758992686808
423	817.5785	5.4131	2.7708467337418256e-87	772.8679318889032
424	165.042	3.6895	0.16211009178445515	1.8386388216235805
425	871.6832	7.0327	0.03631766320641471	3.3794349114808644
426	842.6684	7.4373	0.3699836229372699	0.9999999999999999
427	236.7585	12.818	1.2124744687262018e-06	14.747328662440472
428	626.5264	6.4681	0.22547825166797644	1.5023558274653528
429	841.6357	5.8872	2.2022750797745423e-22	67.33050005522809
430	520.9098	10.5302	2.035289305502979e-31	109.01696685265611
431	787.5674	5.374	7.716047167379135e-38	145.32766133601154
432	668.6195	8.0093	3.3077102752754367e-25	79.30449753578137
433	818.6276	6.5106	5.6066097098099015e-12	30.1775831587053
434	919.5502	4.8275	3.378298577033048e-87	770.9110542200424
435	672.6077	8.0868	0.34951626444430756	1.057581598428049
436	709.6053	7.8623	0.3699836229372699	0.9999999999999994
437	924.5934	5.9205	9.532966547239223e-92	880.6872566972035
438	805.6302	6.1534	1.601225972043966e-34	125.80107627347374
439	638.5884	7.338	7.168289182270996e-29	96.23997492939003
440	828.6029	5.4669	0.13378412611445326	2.0349623146089195
441	774.5328	5.9308	0.14799927949139113	1.9316804041143423
442	685.5885	7.8349	0.3699836229372699	0.9999999999999997
443	818.592	5.9188	3.90406498785976e-11	27.59270937804001
444	638.5903	7.2968	0.1344504259106316	2.0298782065072856
445	708.625	8.5966	0.3699836229372699	1.000000000000001
446	686.6113	8.4177	0.36764296205329866	1.0064196692040404
447	215.0335	0.4171	0.3358184216796028	1.0980563873354827
448	600.531	6.6252	1.0508817127405047e-13	35.65825863011457
449	726.5478	6.2669	0.5732302421232249	0.5582512593342505
450	686.623	8.6323	0.45267083826778587	0.7962113716023643
451	923.6464	6.228	3.707699808257326e-102	1187.6519477653767
452	855.5926	5.3302	3.6148123506578747e-09	21.78092555495977
453	857.691	7.77	4.146592728795521e-72	488.44730249284464
454	1628.1037	5.0922	1.717998256998567e-06	14.34057387460941
455	861.6969	7.5219	2.331501250607501e-70	462.40329104435165
456	654.5679	7.3214	0.3699836229372699	1.0000000000000004
457	843.5856	5.4569	6.007545368916064e-104	1249.5063008951422
458	668.6089	7.9468	0.0010261216140933901	7.161482818599111
459	927.6739	7.5367	0.22838920008806865	1.4893077963445656
460	858.6284	6.344	1.7769669204204449e-06	14.301270529064425
461	818.5775	5.9308	0.13417694330041718	2.031961887412689
462	680.5742	7.1509	0.00831184931594226	4.924393626129476
463	129.9752	11.8327	0.3699836229372699	0.9999999999999996
464	588.9036	0.441	8.165091189798913e-05	9.941158659301585
465	129.0556	0.4812	1.1797473432254572e-05	12.120927222218448
466	694.6249	7.7369	6.5800123910462005e-15	39.627531573284905
467	946.5778	5.4635	8.373813163740585e-81	637.344925518601
468	550.5164	6.0134	0.3699836229372699	0.9999999999999996
469	165.0418	5.1675	1.0599763181968904e-06	14.904651799557326
470	239.0615	6.7674	2.6365103115753142e-21	62.98890816595039
471	685.6032	7.747	0.0035405740292736186	5.830527762392113
472	856.6114	6.1194	0.3699836229372699	0.9999999999999998
473	710.6288	7.7095	0.13503376361939026	2.025448008310554
474	801.5465	4.669	8.375158272233697e-13	32.766518378958345
475	709.6517	8.5841	1.2989374823834789e-43	183.6864485579733
476	311.1695	3.6987	0.22422516124622344	1.5080252240151824
477	854.5811	5.0523	0.0024315343347790144	6.232344236202748
478	696.6111	8.3972	0.3699836229372699	1.0000000000000004
479	745.5644	5.0589	2.0983318576514987e-38	148.8311445045792
480	180.0584	0.4335	0.3699836229372699	1.0000000000000002
481	762.5841	5.1337	6.635374371382167e-05	10.172592124672212
482	788.5804	5.8797	1.3468204154900223e-50	238.64587254942302
483	654.5809	7.3136	0.5175154024459565	0.6612160137129548
484	506.3356	3.9073	6.347146301405774e-19	53.826704645739795
485	853.5715	4.8278	1.306597020209307e-63	372.53883827752765
486	743.542	5.9311	2.809343992830285e-30	103.1912183222335
487	993.6497	6.8248	2.4888580155085826e-111	1537.9110649485635
488	599.532	6.0283	6.82872176414472e-05	10.140516596603744
489	882.6208	6.1047	4.3937230106494375e-42	172.94950333051295
490	1008.5375	5.564	7.211870038363987e-52	249.78891020105723
491	923.5819	5.6453	1.8779598295272114e-103	1232.1114166087027
492	964.5498	5.2587	3.481396605007093e-119	1913.3606042871033
493	857.6082	5.7719	1.3017097112969061e-18	52.66884759443708
494	747.5123	5.2629	0.0003293173465900954	8.399625736923086
495	681.5784	7.1731	1.3444097928465114e-27	90.16858015817245
496	885.5074	5.6628	0.0005031819177718063	7.935897228105103
497	588.8991	3.1364	0.6196875822588888	0.4798583379478015
498	316.8299	13.1509	0.3699836229372699	1.0000000000000004
499	829.6596	7.0984	1.0845016007749305e-71	482.1231634314413
500	564.347	4.0815	6.74351389575957e-12	29.929167826996746
501	802.6121	5.5544	7.212909826605406e-06	12.683075966682651
502	582.8803	3.1507	7.943114750478774e-62	351.3471714689896
503	790.568	5.6122	0.1416263146689251	1.9766844746963894
504	817.5784	5.3146	2.1212828261856493e-63	369.9862963061829
505	750.5809	5.0251	1.6223891275802873e-16	45.133130240563894
506	790.615	5.8115	6.658335603120609e-05	10.168733830625593
507	788.5489	4.7777	0.3699836229372699	1.0000000000000007
508	939.538	5.084	1.0033418654675603e-208	21307.749006604157
509	698.6129	8.0784	1.9616856585857259e-19	55.74026565756966
510	682.6262	8.1093	3.251282212093946e-09	21.913532116157594
511	967.5676	5.7545	3.221155129127841e-10	24.846543466035293
512	788.5689	5.91	0.5779426036094082	0.5500120056530413
513	857.5907	5.6289	0.005610586268215139	5.34060615344121
514	585.3256	4.9761	0.07952540629766004	2.568874265447033
515	872.5565	5.0825	2.2975881832458847e-07	16.711393312430406
516	187.9418	12.6046	1.45266840725299e-129	2545.775880617874
517	762.5708	5.1174	0.3699836229372699	0.9999999999999998
518	690.5323	6.0297	0.35123557651602044	1.05261502814343
519	405.2639	3.1414	2.3504370628057867e-14	37.787969090273315
520	745.5508	5.0542	0.005635397100120842	5.335923014474412
521	870.596	3.1257	0.8510598638433813	0.1614223765388259
522	239.0612	5.714	6.885769096670865e-36	133.63820652554685
523	747.5576	4.2707	3.2515266747653273e-10	24.834479344304146
524	180.9739	3.1532	0.9729576748838799	0.027419017144167463
525	1034.5528	5.754	3.8722587211303715e-107	1367.2735286991667
526	880.6069	5.8969	9.668001240528465e-59	316.9749752310877
527	712.6409	8.0582	0.3010462025942134	1.208812400691751
528	860.6748	6.9403	1.4772461620211869e-08	20.034932980028792
529	1560.1202	5.6481	0.018772473427654195	4.067587793859844
530	801.5712	3.1371	7.001526278551272e-16	42.93089790443691
531	829.6462	7.0984	0.3699836229372699	0.9999999999999994
532	473.286	3.1347	2.426610818289116e-12	31.3109654284138
533	806.6227	6.1377	0.0009534848893551607	7.2409777959505774
534	189.0493	0.4825	0.00010293443782201915	9.683394153978167
535	239.0613	4.6445	2.1748185157314776e-15	41.24918684659738
536	684.5959	7.853	0.04609760699043285	3.1320546237213103
537	610.538	6.4263	0.41660690946757406	0.8800332872716177
538	840.5991	5.3989	8.870460484425274e-45	192.16739818114434
539	840.598	5.3982	0.00021691633697469163	8.858545683680079
540	831.5829	5.2655	1.416824486798505e-42	176.35320514741267
541	847.6796	7.1814	7.538596497117754e-41	164.5937345210706
542	165.0411	6.2695	3.233909022371312e-23	70.77134521664034
543	1006.5225	5.1056	1.3072241983826815e-27	90.2257092186865
544	1560.1333	5.6462	0.01701760923865941	4.1703772973395425
545	311.1697	0.8983	1.421254689837746e-13	35.233343236198586
546	835.5307	4.9439	0.005737710200985462	5.316828863288378
547	682.615	8.101	8.893060756891639e-17	46.04939874626924
548	685.605	7.9694	1.2240989353985917e-10	26.097341415379955
549	802.6001	5.5654	0.06235543381987924	2.819632148558552
550	828.5668	4.6855	1.0750440934917217e-21	64.54350978038045
551	571.4967	5.8874	1.4958544875925615e-20	60.025981632684456
552	831.6464	6.2522	2.391136784654307e-72	492.10015952131755
553	860.687	6.8001	0.0007679777019100756	7.4756401502881
554	684.6082	7.9759	0.0452041836684279	3.1523328850983363
555	514.8931	10.9786	9.003286094441997e-43	177.72929261109422
556	696.6105	7.962	5.8786138800271915e-34	122.64360042456609
557	794.5477	5.5911	1.1658662788474169e-97	1044.6072047445302
558	747.5271	5.1019	9.025936767959657e-05	9.82953516908303
559	129.042	0.4833	0.3699836229372699	1.0000000000000002
560	791.5384	5.6122	0.13378946113604215	2.034921504837444
561	858.6487	6.3156	0.05491609584489207	2.950889741308035
562	774.5822	4.9257	1.1265322840963698e-12	32.359099216816986
563	901.5947	6.26	0.13390435485925709	2.0340430347621985
564	668.6073	7.7716	9.498706535399585e-19	53.17563578339383
565	527.4457	7.1462	1.1090451200004336e-10	26.225728518761706
566	818.6275	7.1067	5.722241705425891e-67	415.2576238487115
567	658.5898	7.9856	9.363281347189182e-36	132.86014808280385
568	900.5788	5.7311	0.138788614572664	1.9973867304472126
569	953.5355	4.9761	3.936028725533353e-64	378.9203573811884
570	473.3001	3.0001	0.03163999909331879	3.5227864785363656
571	379.2691	3.1421	0.008755390233361653	4.869480019282547
572	90.0283	0.5	0.005471696372291471	5.36721525431175
573	229.0874	0.4748	6.583426034720409e-10	23.931347268059916
574	682.6284	8.1008	0.6616895428331138	0.4139404401714586
575	900.5915	5.7322	0.13834192457624894	2.0006844844767553
576	963.5332	4.9834	0.24763367014909377	1.4070618420232528
577	566.3288	1.4776	0.3699836229372699	0.9999999999999998
578	792.5582	5.0976	0.0020881828128575504	6.395620336494279
579	627.5473	6.6082	0.14238991086823066	1.9711853294114403
580	871.6127	6.1694	0.04754429489463115	3.100047100439645
581	778.5512	4.9527	7.470508578196871e-26	82.17310470015308
582	806.5742	5.0824	1.7342717364397984e-28	94.3885462478991
583	710.6289	7.3803	4.570275713252354e-73	503.2203340226455
584	599.518	5.9034	1.117054124946671e-10	26.216364251063183
585	750.5308	4.8765	1.6777450109598585e-31	109.45271479285958
586	664.5876	7.0669	3.098042712604794e-20	58.800706127514935
587	746.5055	5.0764	0.46562121810873214	0.7677506052531182
588	682.5813	7.1567	0.00676480495721741	5.1422572402250575
589	710.6129	7.853	1.979532501376773e-10	25.4742265692364
590	896.5513	4.9938	5.428540545957919e-06	13.009242241087989
591	777.6051	5.7117	0.00019178486754900585	8.99431736643897
592	897.5651	5.1747	4.484891906509686e-100	1119.2939172758618
593	564.3629	4.0797	0.3699836229372699	1.000000000000001
594	654.5697	7.187	0.3699836229372699	1.0000000000000002
595	894.5504	4.6859	0.023272784533492453	3.842925272789987
596	712.6247	8.0628	0.26316541982075137	1.345267310848423
597	859.6265	6.3337	1.2694440407364022e-80	633.889204713797
598	812.5764	5.5309	0.4234745964459834	0.8635190359328917
599	812.5436	4.6843	1.3282957663350884e-46	205.97981695006976
600	514.8931	10.5454	2.925476983105366e-100	1125.232595184009
601	161.0103	0.454	0.3699836229372699	0.9999999999999989
602	682.568	7.1646	0.3699836229372699	0.9999999999999997
603	791.6013	5.9958	6.2485086944573454e-58	308.40218450530375
604	506.3362	3.7416	0.0002453314844807852	8.723008848672482
605	709.6525	8.7085	1.2237322356778116e-24	76.82245577574963
606	695.6264	7.7545	1.1740463833620898e-06	14.785002095726806
607	844.6382	7.0549	0.3699836229372699	0.9999999999999997
608	846.6594	7.7617	8.210308923052737e-61	339.73552498108637
609	696.6259	7.9761	0.9885534692703725	0.011513308264209949
610	856.5986	5.6296	0.00421956691891625	5.643514958457061
611	762.5699	4.9918	0.3699836229372699	1.0000000000000002
612	695.64	7.9691	0.030734868146927052	3.552991097957109
613	658.5749	7.9759	0.13477117278840492	2.0274398718070543
614	179.0555	13.9063	1.0213553460253438e-09	23.372796730984767
615	752.5484	6.1191	0.0004351680396740261	8.094495591324948
616	860.6574	6.8906	1.830911440799301e-15	41.50318173298317
617	685.5908	7.8507	0.08507844239329422	2.4994110712499413
618	843.6678	7.4373	0.3699836229372699	0.9999999999999998
619	746.4901	4.9566	0.17142171422414074	1.78162577879501
620	830.5396	4.999	0.3699836229372699	1.0000000000000002
621	710.6137	7.3658	0.3699836229372699	1.0000000000000009
622	697.61	8.0853	2.268398699965848e-06	14.017366239024241
623	1616.1751	5.6077	1.0570209010339336e-21	64.5729629413071
624	871.6935	7.149	0.14846104931581053	1.9284960688904529
625	811.594	3.1367	0.005612597288299155	5.340225786366732
626	744.5576	6.4531	0.013164317066480184	4.43982026269927
627	886.5119	5.6793	9.462491792684167e-52	248.73912005141315
628	744.5466	6.4659	0.15405665718701309	1.8906861836943634
629	844.6524	6.8966	1.5156501837472805e-16	45.2365311686144
630	747.6381	8.4231	0.346746929183652	1.0656335608582836
631	817.558	4.7853	1.4156586841535116e-124	2220.1267418182474
632	747.626	8.4599	0.3699836229372699	0.9999999999999991
633	709.5751	3.0162	1.1207683056551214e-21	64.47097306141163
634	568.3537	1.6175	4.154681860908411e-24	74.5368805738307
635	807.5986	6.1783	7.50847505832206e-33	116.59437939434206
636	215.0324	13.9068	9.70227145026386e-08	17.744180423694825
637	746.5539	5.0673	0.017424084429891892	4.14564438324069
638	776.5468	5.9364	0.24444906559495447	1.4202157092462577
639	421.2263	3.1442	9.637684484761707e-12	29.450204626980344
640	683.6357	8.2939	1.949065550275934e-14	38.05684111920562
641	818.5304	4.9986	6.178043033431481e-39	152.16899253158067
642	246.9507	13.9382	3.5292094436742603e-06	13.505453366042259
643	710.6295	8.0839	3.0690493859235523e-55	281.21833929143526
644	752.5597	6.2363	1.3848782004167813e-05	11.93844868928059
645	656.5566	7.1749	3.704397304460665e-08	18.909835177156303
646	840.5706	5.3128	0.3699836229372699	0.9999999999999998
647	775.5529	5.9294	0.3699836229372699	1.0000000000000009
648	473.2884	3.0174	0.05809133064773715	2.8927920191236964
649	711.6252	7.969	1.2299688566598057e-26	85.71758688329793
650	761.5573	4.8757	0.00026388273583686795	8.642839179895233
651	698.628	7.7213	1.3842033237694574e-45	198.19220086368082
652	927.6706	6.7986	1.0494874491450122e-44	191.6283231351793
653	589.5133	3.1522	5.084436995937074e-06	13.08454882028329
654	179.0558	10.5981	0.00020116609629435182	8.941637947910406
655	858.6629	6.2378	5.255522256997859e-16	43.360001698059364
656	762.5833	5.1264	0.00019084948845488956	8.999712137673294
657	710.616	8.0685	0.0003419422260378919	8.35838261960894
658	711.6133	7.8613	0.11185606262376245	2.218352755976678
659	568.342	1.5965	0.3699836229372699	0.9999999999999993
660	589.5002	3.1426	0.06666042193547463	2.7507343213660564
661	839.5994	5.9227	6.258563582672383e-74	516.863922918975
662	311.15	0.4916	0.3699836229372699	0.9999999999999993
663	656.5696	7.0892	0.6034541656328725	0.5065541857771801
664	761.5727	4.8772	0.3699836229372699	1.0000000000000009
665	746.538	5.0581	0.3699836229372699	0.9999999999999993
666	871.5951	3.1189	0.016392502606123	4.209604268013471
667	137.0097	11.7973	0.0061622910475377345	5.241108754407458
668	694.595	7.747	0.3699836229372699	0.9999999999999992
669	564.3765	4.0712	0.07450001960217482	2.6361040997566656
670	569.3654	2.2246	3.86374738146911e-17	47.330405194831876
671	788.5498	6.0605	0.3699836229372699	1.0000000000000004
672	685.647	7.3956	4.892579155123229e-09	21.40312597385952
673	887.5607	5.2506	0.009681589861456874	4.763356512253152
674	806.6248	9.6694	0.3699836229372699	0.9999999999999998
675	817.5415	4.7732	0.0019051028741750708	6.494175921294885
676	230.0474	0.4834	0.007552477809157921	5.02567867080556
677	818.5298	6.111	0.05262426517216212	2.9949756107011645
678	845.6558	6.6007	0.3699836229372699	0.9999999999999996
679	742.5393	5.093	3.7721411780348516e-16	43.85787123717126
680	858.6995	7.9496	0.09797685572113854	2.3543159121603066
681	788.9736	3.1109	0.7635969181304346	0.2701337376831359
682	565.3469	4.0739	2.6117547513680183e-08	19.33615416770634
683	751.5228	4.8742	0.0504601133639743	3.0384258835168025
684	656.541	7.0736	0.0026546569714036967	6.13830956646101
685	684.6089	7.4052	1.3213225534404757e-08	20.172255137257626
686	805.6408	6.3854	0.03047983648005414	3.561664214948213
687	598.5152	5.8874	0.19061748749112745	1.6733761491769794
688	555.3493	1.6686	5.401908589600123e-49	225.11709801999334
689	698.6145	8.1094	0.01655646318722888	4.199170823275503
690	473.3019	2.9945	0.1648111901040241	1.82176635893321
691	695.594	7.5072	1.3534319159035846e-24	76.63287397534994
692	711.6122	7.7121	0.5144772093515537	0.6671489948692634
693	683.618	8.1022	0.0009970535600935424	7.192590534007969
694	201.0416	0.5327	0.001955851823881059	6.4659279638621365
695	687.619	8.5966	0.13591636535362242	2.0187816968503474
696	672.6071	8.2939	1.6335031420804604e-16	45.12276192883372
697	872.6137	6.1528	0.017305826799614295	4.152779331661669
698	898.5645	5.2656	0.0007778996289068726	7.4617013463592095
699	802.5662	3.1346	0.06959353615608432	2.7063235590075423
700	695.6139	7.9504	0.6008229009959178	0.5109496124245458
701	566.3412	1.1867	0.14067774746410494	1.9835576330150833
702	845.6687	6.6016	1.131154589758437e-09	23.24333266370931
703	834.6504	6.8657	0.14272242325489895	1.9688000112362947
704	883.5381	4.454	0.1267117673781587	2.090562601308449
705	747.5263	5.0916	0.13428156660426616	2.031164249077998
706	811.5736	3.1597	0.5240135079867021	0.6486439041895746
707	778.5152	4.2533	6.414299998919988e-07	15.494708573953336
708	827.6247	5.5741	4.175932503155575e-54	270.33356354423904
709	841.6336	5.8789	0.01701593263066863	4.1704805471170765
710	711.6248	7.3658	0.3699836229372699	1.0000000000000002
711	816.6079	6.0624	0.13509569140850064	2.0249788305616394
712	405.2653	3.1431	0.00021129086032668385	8.887501613426766
713	746.5543	5.0666	0.003942317930925243	5.715915537929154
714	751.5359	4.8669	7.057363743301094e-06	12.70805816031543
715	860.6915	7.057	2.4121867146106973e-42	174.74738135123792
716	878.5761	5.2331	1.1372697197473403e-05	12.162714806840574
717	686.6087	7.9872	9.321459560976198e-09	20.60291462157039
718	843.5983	3.1531	0.09065167566366486	2.434161261105592
719	843.5852	3.1257	6.0426220102317476e-05	10.27716704365591
720	898.5767	5.1751	0.3699836229372699	1.0000000000000004
721	856.666	7.0549	0.13437780782762768	2.0304310698340964
722	711.6376	7.3797	0.3699836229372699	0.9999999999999996
723	747.5102	5.2551	0.008245554695893536	4.932855174957719
724	790.6137	5.8117	2.7102735327436103e-05	11.17781324284934
725	882.6145	5.6722	0.0018578734760856465	6.521157147789235
726	711.6235	7.9257	0.5937485725913123	0.5228642505638339
727	712.6373	8.9904	1.0011109421184129e-66	412.0388994533935
728	697.6284	8.4191	0.3699836229372699	1.0000000000000002
729	711.6293	8.1077	0.0007818373401055553	7.45621924171292
730	565.3577	4.0719	0.3699836229372699	0.9999999999999997
731	718.6143	7.7955	0.8014562719136946	0.22160662635514583
732	686.5954	7.8613	0.03630732418534884	3.379730695311083
733	750.543	5.9309	0.011243040671329422	4.60578218035048
734	818.5471	5.2572	4.1430749338887826e-35	129.13367548040983
735	924.5774	5.6228	0.3699836229372699	1.0
736	852.6515	6.4933	0.3699836229372699	1.0000000000000002
737	89.0046	4.1644	0.05092552678892702	3.0289246228991114
738	856.6813	7.0742	4.162791482864577e-17	47.215349795024146
739	598.5028	5.8643	0.13740645305679652	2.0076257761664684
740	827.6102	5.5501	0.3699836229372699	1.0000000000000004
741	421.2256	1.0304	9.043235470256277e-11	26.49162285765145
742	745.5491	6.4586	0.411551157537452	0.8923674406897992
743	745.5643	6.4457	0.3699836229372699	1.0000000000000004
744	817.5422	5.0009	1.228248024586578e-13	35.43857410781532
745	834.5993	5.7397	5.994681607988977e-09	21.150289921574725
746	709.5748	7.0549	0.05216112060793782	3.0041203168266297
747	898.6309	6.2508	2.6682804193056746e-20	59.0511893001921
748	895.5507	4.6938	5.471203151008512e-44	186.39002722472492
749	790.5976	5.9884	0.0001269702913614816	9.450456114797868
750	802.5807	3.1439	0.3699836229372699	1.0000000000000002
751	816.5569	5.0103	0.3699836229372699	0.9999999999999999
752	792.5596	5.8525	0.00025464597104934126	8.6820174413581
753	598.5037	5.3574	0.03628371577988327	3.3804064157599214
754	752.5578	6.2372	1.5711595841738443e-07	17.165431442066787
755	599.4997	5.6808	1.6330520581571202e-42	175.92361635642044
756	925.6801	7.7783	7.050346394434476e-05	10.10486113459675
757	565.332	4.0751	0.3699836229372699	0.9999999999999994
758	744.5463	5.9304	4.941673592544501e-08	18.55959413702378
759	830.6538	7.1045	0.00035386991436843685	8.320808322278252
760	744.5484	5.5818	0.3699836229372699	0.9999999999999998
761	718.6014	7.7866	0.3699836229372699	1.0000000000000004
762	626.5403	5.8194	0.45201464570314986	0.7976753136959136
763	940.5422	5.1073	8.102621610887316e-42	171.12727780144508
764	818.5786	5.4131	3.10096841456596e-24	75.0809325714535
765	871.6091	3.1201	0.13574750369889604	2.020053719098115
766	179.0561	10.9448	0.0018060717513368374	6.551560073942113
767	860.6751	6.9751	0.05628785537267991	2.9253842071288743
768	879.5682	5.2497	0.3699836229372699	0.9999999999999993
769	818.5141	4.9918	0.3699836229372699	0.9999999999999993
770	826.6344	6.5173	0.17120013293162695	1.7829457217573275
771	692.6124	7.1553	0.23213391546236786	1.4727677050939771
772	878.5922	5.2248	6.415084573165743e-06	12.817475420818969
773	670.5817	7.4129	0.48268151340169696	0.7314559812902864
774	670.5684	7.5272	0.3699836229372699	0.9999999999999997
775	1561.1315	5.6564	1.7423687723192601e-09	22.69726592627132
776	862.6978	7.5384	9.090833030481791e-13	32.65369289131074
777	744.5598	5.5902	0.016918195991071305	4.176517270374399
778	778.5804	6.8086	0.3699836229372699	0.9999999999999999
779	752.5589	6.433	0.0001357728273593385	9.376173572198713
780	165.0375	8.1108	0.10545880497191291	2.2787673476659873
781	778.5672	6.8234	0.13688449179077236	2.0115195864577387
782	815.5895	5.3574	0.016849850242548745	4.180759654697375
783	585.3103	3.1429	0.3699836229372699	0.9999999999999989
784	898.6324	6.2534	6.91947087797419e-27	86.8633606746827
785	585.3244	3.1364	0.002150932533999125	6.3638419642810256
786	231.9301	3.1497	0.0165595992034155	4.198972286591058
787	993.6501	6.9486	6.953844892428618e-63	363.79224529435066
788	581.4961	5.0846	2.5316702662693942e-12	31.253342020978085
789	817.5576	5.0155	4.195532043763419e-06	13.305858219962786
790	748.6322	8.4423	0.6846455807863099	0.3796800605759768
791	747.5611	5.1336	0.3699836229372699	1.0000000000000002
792	1561.1175	5.6492	0.3699836229372699	0.9999999999999998
793	746.5094	5.9968	0.5563544347714997	0.5883300581470002
794	824.542	4.4718	1.6689204883341325e-06	14.374339661452993
795	778.6116	5.7151	0.0008888599470702796	7.317033743062975
796	718.5208	3.7221	1.8856761460008505e-05	11.588039041882137
797	596.4969	3.8064	6.272191605941806e-09	21.094050046227043
798	801.6214	5.9628	0.006138236713120587	5.2452555742907645
799	801.6202	6.4513	0.0007898697277235291	7.445122572946093
800	790.6139	5.8051	0.13377337348456003	2.0350445708940637
801	922.5725	5.3403	2.342781298032989e-05	11.342382776399418
802	777.5687	6.0452	0.3699836229372699	0.9999999999999999
803	862.6796	7.5477	7.211635683367038e-06	12.683278384497143
804	692.5998	7.2857	0.05008455260076369	3.0461576811785003
805	885.6364	6.5094	0.3699836229372699	1.0000000000000002
806	586.4909	3.2336	4.807195975124061e-12	30.384958297677393
807	683.5755	7.1388	0.008395610121176254	4.913799855696916
808	883.5394	4.5192	0.3699836229372699	1.0000000000000004
809	654.5811	6.3705	1.4731941396196758e-21	63.99568622651648
810	924.5924	5.6376	0.0012596846897251395	6.939788091503904
811	838.5992	5.7373	0.00020057675468768984	8.94487347061427
812	923.6673	7.2062	0.3699836229372699	1.0000000000000004
813	477.2805	1.2362	3.5834639282668996e-22	66.46930153000021
814	104.9555	3.1529	0.13512822495248983	2.024732436853073
815	626.5519	5.6642	0.12475615087636648	2.1064916972832655
816	803.6091	5.5565	1.3753738861343667e-13	35.27945561565242
817	805.529	4.786	0.3699836229372699	1.0000000000000002
818	857.5722	3.1363	0.04775689147545236	3.0954266606614405
819	940.5552	4.9754	0.3699836229372699	1.0000000000000018
820	656.5528	3.1366	0.006375688027938245	5.2050215732198755
821	885.5516	4.976	0.16838414130013668	1.799872544045413
822	656.5816	7.3312	0.08519643880529619	2.497985313481636
823	686.6081	7.9253	0.6009530516020156	0.510731743501801
824	824.574	5.563	0.13908143038877718	1.9952307952762038
825	682.5814	7.4541	0.6071276595800471	0.5004500710157657
826	709.6157	7.4124	0.00066900010471485	7.625591398687892
827	541.3064	3.1584	0.047417315378795614	3.1028167721258306
828	918.5467	4.6107	2.587479801563432e-32	113.7195304248666
829	862.6969	6.014	1.9128424006975378e-06	14.215512393039623
830	896.5629	5.4481	9.99190369942452e-05	9.716441107710086
831	923.5804	5.4653	7.387629976417325e-40	158.07925411968876
832	542.3358	1.3365	5.663973995851308e-61	341.5604721231738
833	817.6221	6.0456	0.3699836229372699	1.0000000000000007
834	792.5395	5.6227	0.006220746321433655	5.231099276272191
835	766.5401	4.9998	0.0511035007885139	3.0253145385313855
836	680.6159	7.5456	0.000346041355740104	8.345322155741737
837	844.6699	7.397	0.3699836229372699	0.9999999999999999
838	680.6022	7.505	3.9757031054783897e-10	24.576302644073902
839	834.6462	7.4218	0.3699836229372699	0.9999999999999999
840	664.5242	6.5105	0.0002624660456046794	8.648757234462517
841	687.6069	7.9773	2.947629354278343e-10	24.960683588682013
842	886.5312	5.2657	0.3699836229372699	1.0
843	862.6814	6.0356	0.3699836229372699	1.0000000000000009
