,position,name,ms_level,polarity,retention_time,height,mz,neutral_mass,adducts,p_value,quantitation_mass,140111dlvsa01_1.cdf retention_time,140111dlvsa01_1.cdf height,140111dlvsa01_1.cdf mz,140111dlvsa02_1.cdf retention_time,140111dlvsa02_1.cdf height,140111dlvsa02_1.cdf mz,140111dlvsa03_1.cdf retention_time,140111dlvsa03_1.cdf height,140111dlvsa03_1.cdf mz,140111dlvsa04_1.cdf retention_time,140111dlvsa04_1.cdf height,140111dlvsa04_1.cdf mz,140111dlvsa05_1.cdf retention_time,140111dlvsa05_1.cdf height,140111dlvsa05_1.cdf mz,140111dlvsa06_1.cdf retention_time,140111dlvsa06_1.cdf height,140111dlvsa06_1.cdf mz,140111dlvsa08_1.cdf retention_time,140111dlvsa08_1.cdf height,140111dlvsa08_1.cdf mz,140111dlvsa09_1.cdf retention_time,140111dlvsa09_1.cdf height,140111dlvsa09_1.cdf mz,140111dlvsa11_1.cdf retention_time,140111dlvsa11_1.cdf height,140111dlvsa11_1.cdf mz,140111dlvsa12_1.cdf retention_time,140111dlvsa12_1.cdf height,140111dlvsa12_1.cdf mz,140111dlvsa13_1.cdf retention_time,140111dlvsa13_1.cdf height,140111dlvsa13_1.cdf mz,140111dlvsa14_1.cdf retention_time,140111dlvsa14_1.cdf height,140111dlvsa14_1.cdf mz,140111dlvsa15_1.cdf retention_time,140111dlvsa15_1.cdf height,140111dlvsa15_1.cdf mz,140111dlvsa16_1.cdf retention_time,140111dlvsa16_1.cdf height,140111dlvsa16_1.cdf mz,140111dlvsa17_1.cdf retention_time,140111dlvsa17_1.cdf height,140111dlvsa17_1.cdf mz,140111dlvsa18_1.cdf retention_time,140111dlvsa18_1.cdf height,140111dlvsa18_1.cdf mz,140111dlvsa19_1.cdf retention_time,140111dlvsa19_1.cdf height,140111dlvsa19_1.cdf mz,140111dlvsa20_1.cdf retention_time,140111dlvsa20_1.cdf height,140111dlvsa20_1.cdf mz,140111dlvsa21_1.cdf retention_time,140111dlvsa21_1.cdf height,140111dlvsa21_1.cdf mz,140111dlvsa22_1.cdf retention_time,140111dlvsa22_1.cdf height,140111dlvsa22_1.cdf mz,140111dlvsa23_1.cdf retention_time,140111dlvsa23_1.cdf height,140111dlvsa23_1.cdf mz,140111dlvsa24_1.cdf retention_time,140111dlvsa24_1.cdf height,140111dlvsa24_1.cdf mz,140111dlvsa25_1.cdf retention_time,140111dlvsa25_1.cdf height,140111dlvsa25_1.cdf mz,140111dlvsa26_1.cdf retention_time,140111dlvsa26_1.cdf height,140111dlvsa26_1.cdf mz,140111dlvsa27_1.cdf retention_time,140111dlvsa27_1.cdf height,140111dlvsa27_1.cdf mz,140111dlvsa28_1.cdf retention_time,140111dlvsa28_1.cdf height,140111dlvsa28_1.cdf mz,140111dlvsa29_1.cdf retention_time,140111dlvsa29_1.cdf height,140111dlvsa29_1.cdf mz,140111dlvsa30_1.cdf retention_time,140111dlvsa30_1.cdf height,140111dlvsa30_1.cdf mz,VIP
70,71,#71 160.0000@8.2999 MS1+,1,+,8.29986,14985.0,160.0,,,0.1131218063329981,160.0,,,,8.29888,22290.671348237687,160.0,8.29986,15991.230691275712,160.0,8.30084,12513.865183549404,160.0,8.29986,14985.0,160.0,,,,,,,8.29986,8452.0,160.0,,,,,,,8.30084,8612.061228533086,160.0,8.29888,17319.531589771217,160.0,8.29986,22439.28953716162,160.0,8.29986,18727.336089723965,160.0,8.29888,21029.58380256037,160.0,8.29888,10789.116253058544,160.0,8.29888,15316.5858028842,160.0,8.29888,20469.32902769195,160.0,8.29986,8067.0,160.0,8.30084,8509.739373733746,160.0,8.2979,19978.0,160.0,8.2979,11802.452196494824,160.0,8.29888,11567.70639620817,160.0,8.29986,10809.0,160.0,8.29692,13877.58263875483,160.0,8.29986,8524.0,160.0,,,,8.29692,24451.685829402584,160.0,0.8182407440696566
61,62,#62 87.0000@17.1453 MS1+,1,+,17.14534,32763.0,87.0,,,0.2689266912183501,87.0,17.14436,31121.485009256077,87.0,17.142400000000002,31349.0,87.0,17.142400000000002,36177.03720010251,87.0,17.151220000000002,31719.3230728222,87.0,17.147300000000005,34108.0,87.0,17.14534,32763.0,87.0,17.14142,33399.0,87.0,17.14436,30547.0,87.0,17.14632,29986.0,87.0,17.14534,30808.73545020476,87.0,17.151220000000002,38582.47827285361,87.0,17.1522,39371.0,87.0,17.149260000000005,32957.91882961443,87.0,17.14632,38682.0,87.0,17.14436,38991.0,87.0,17.14534,33725.0,87.0,17.14534,31832.0,87.0,17.14828,34641.0,87.0,17.14632,34244.0,87.0,17.14436,36973.06179161283,87.0,17.14534,35383.57868843472,87.0,17.13946,36423.0,87.0,17.14632,36746.81127777267,87.0,17.14338,35200.0,87.0,17.14338,38214.998792529,87.0,17.14338,36796.0,87.0,17.13848,36692.82577166912,87.0,17.13848,36591.0,87.0,0.8202900270806298
7,8,#8 156.0000@8.9535 MS1+,1,+,8.95352,445013.7242822687,156.0,,,0.4624640871221374,156.0,8.9545,836524.5103853559,156.0,8.9545,584416.0496440704,156.0,8.9545,639217.430464945,156.0,8.95352,441008.0587150258,156.0,8.95646,1229331.1290039625,156.0,8.95352,422435.4403400502,156.0,,,,8.9545,437454.25976151886,156.0,,,,8.95352,445013.7242822687,156.0,8.95352,511443.9087218554,156.0,8.9545,469725.8560585167,156.0,8.95548,884748.1860095194,156.0,8.95352,672162.1811512709,156.0,,,,8.9545,462371.8276191859,156.0,8.95352,627919.0257980534,156.0,8.95352,613092.0888419384,156.0,8.95352,367908.1482268124,156.0,8.95254,440695.07100522856,156.0,,,,,,,8.95352,511078.7682039622,156.0,8.95352,398264.4990224977,156.0,,,,8.9545,805103.6174928719,156.0,8.95254,539005.0,156.0,,,,0.8302102833333254
29,30,#30 87.0000@6.9671 MS1+,1,+,6.96706,184022.63492388072,87.0,,,0.3440015911062778,87.0,6.96804,175100.4929177391,87.0,6.96804,185769.9853009913,87.0,6.96804,187259.4549773703,87.0,6.966080000000001,180125.90101135595,87.0,6.96804,192466.7620277489,87.0,6.96706,176326.56127852417,87.0,6.96706,191028.64049798145,87.0,6.96706,184022.63492388072,87.0,6.96706,174874.70014860752,87.0,6.96706,176624.0,87.0,6.96902,202185.14451505744,87.0,6.96804,185594.96212131917,87.0,6.966080000000001,196176.35717708225,87.0,6.96902,204973.3416355808,87.0,6.966080000000001,178465.4454149779,87.0,6.96706,199551.0,87.0,6.966080000000001,176289.2458354866,87.0,6.966080000000001,191473.5576992055,87.0,6.96706,183308.0,87.0,6.96706,193309.74066378412,87.0,6.966080000000001,187074.3903513425,87.0,6.96804,197372.7950335894,87.0,6.966080000000001,192485.6176096993,87.0,6.9651000000000005,183238.19141474547,87.0,6.96706,199568.1978680491,87.0,6.96804,186416.97501857183,87.0,6.96706,192221.5845937443,87.0,6.96804,196820.0,87.0,0.8325762743016786
52,53,#53 169.0000@15.0658 MS1+,1,+,15.06578,40630.11113485639,169.0,,,0.0074951853802431,169.0,,,,15.06284,28755.877873698708,169.0,15.06186,26945.46590902956,169.0,15.06578,29783.0,169.0,15.0648,53105.69570058923,169.0,15.06382,36120.38370808023,169.0,15.06284,18162.89455534664,169.0,15.06284,34518.957645352915,169.0,15.22356,5318.708925885518,169.0,15.22356,7298.0,169.0,15.06578,29413.47390280958,169.0,15.067740000000002,27385.21822432876,169.0,15.0648,43795.27616334865,169.0,15.06382,37603.0,169.0,15.06578,40630.11113485639,169.0,15.0648,39240.89107643532,169.0,15.06578,58918.12644912118,169.0,15.06578,61347.74119893355,169.0,15.22356,9717.0,169.0,15.22454,9076.624237252368,169.0,,,,15.06088,22379.0,169.0,15.0648,35958.0,169.0,15.06284,33607.0,169.0,15.06284,35365.29135333541,169.0,15.06284,52203.0,169.0,15.06088,46340.44597422598,169.0,15.06088,47758.0,169.0,0.8349770579078861
50,51,#51 87.0000@15.4166 MS1+,1,+,15.41662,54442.0,87.0,,,0.1409916478013733,87.0,15.41662,49913.0,87.0,15.41662,56313.86583073309,87.0,15.41466,58485.0,87.0,15.42054,54524.0,87.0,15.4176,55440.0,87.0,15.4176,55312.89262545598,87.0,15.41564,55042.0,87.0,15.4176,52692.10576628668,87.0,15.41662,48493.0,87.0,15.4176,49983.0,87.0,15.41956,64583.0,87.0,15.41956,61870.0,87.0,15.41956,52996.6807838039,87.0,15.41662,64176.0,87.0,15.4176,61700.0,87.0,15.41662,55902.0,87.0,15.4176,53936.0,87.0,15.41858,56445.24444676692,87.0,15.41662,54442.0,87.0,15.41662,59195.0,87.0,15.4176,57036.0,87.0,15.41466,61555.0,87.0,15.4176,57850.0,87.0,15.41662,58711.0,87.0,15.41466,61367.0,87.0,15.41564,59911.4051673205,87.0,15.41466,60493.0,87.0,15.41368,58844.0,87.0,0.8525627103023133
4,5,#5 147.0000@6.3085 MS1+,1,+,6.3085,1769945.6024088415,147.0,,,0.4616399178895147,147.0,6.30752,1670470.183489431,147.0,6.3085,1619724.3699416418,147.0,6.310460000000001,1801045.792211376,147.0,6.30654,1692065.915285024,147.0,6.310460000000001,2398642.7593980148,147.0,6.30654,1640587.7955842994,147.0,6.3085,1956434.790869217,147.0,6.3085,1769945.6024088415,147.0,6.30752,1334308.426894629,147.0,6.30556,1450417.345610886,147.0,6.31242,1422293.3378789455,147.0,6.310460000000001,1374714.349327253,147.0,6.3085,1564649.6632372567,147.0,6.31438,1691654.675254465,147.0,6.30752,1651089.625884479,147.0,6.3085,1728783.5728383765,147.0,6.30752,1665510.4215903818,147.0,6.3085,1698738.991855375,147.0,6.30654,1423998.4924104712,147.0,6.30948,1518557.4767817657,147.0,6.30752,1390423.8680775135,147.0,6.31144,1612062.165150942,147.0,6.30752,1535344.0158258078,147.0,6.30654,1374671.329021186,147.0,6.30948,1460881.6634539547,147.0,6.30948,1363340.3811458033,147.0,6.30948,1374480.0834466647,147.0,6.310460000000001,1519369.6273293672,147.0,0.8935796522658855
17,18,#18 129.0000@16.4672 MS1+,1,+,16.467180000000003,220185.0,129.0,,,0.119867837264067,129.0,16.47012,455768.1998136621,129.0,16.46424,219371.7354578,129.0,16.46424,227008.0,129.0,16.4711,216161.0,129.0,16.4662,222179.147094038,129.0,16.467180000000003,220185.0,129.0,16.46424,200263.0,129.0,16.465220000000002,200074.0,129.0,16.465220000000002,169873.76987315755,129.0,16.467180000000003,197573.5619398657,129.0,16.4711,229172.0,129.0,16.47306,240123.0,129.0,16.46914,224750.0,129.0,16.467180000000003,263568.7481109843,129.0,16.467180000000003,248982.0,129.0,16.46816,217954.0,129.0,16.46816,216683.0,129.0,16.46816,214319.67731492064,129.0,16.4662,210553.0,129.0,16.4662,209183.0,129.0,16.467180000000003,231894.0,129.0,16.46424,242616.0,129.0,16.467180000000003,245651.7201095741,129.0,16.4662,240166.0,129.0,16.467180000000003,246426.0,129.0,16.46424,193891.28410703488,129.0,16.46228,215578.0,129.0,16.46228,253019.53576746583,129.0,0.8968399797685151
80,81,#81 169.0000@15.2265 MS1+,1,+,15.2265,13062.552654518871,169.0,,,0.0016697764107429,169.0,,,,15.22356,6613.825989129236,169.0,15.22258,7030.793764341968,169.0,,,,15.5695,3323.0,169.0,,,,,,,,,,,,,15.5695,3425.0,169.0,15.2265,13062.552654518871,169.0,15.228460000000002,10345.0,169.0,15.570480000000002,3474.2092544501656,169.0,15.22356,7307.296123841228,169.0,15.22356,7460.723641036533,169.0,,,,,,,15.571460000000002,5169.0,169.0,,,,,,,,,,15.218660000000002,6291.318026609428,169.0,15.22552,7352.0,169.0,,,,,,,,,,,,,,,,0.9223818107115374
46,47,#47 87.0000@14.6924 MS1+,1,+,14.6924,78138.05332530856,87.0,,,0.2028195645622668,87.0,14.6924,60561.0,87.0,14.69142,64677.39801207477,87.0,14.69142,70811.1874387664,87.0,14.69436,63052.0,87.0,14.6924,70356.11677187857,87.0,14.69338,62292.0,87.0,14.69142,65471.72125263764,87.0,14.69142,63382.0,87.0,14.6924,58386.38318557604,87.0,14.6924,61504.98677269908,87.0,14.69338,75566.0,87.0,14.69534,74566.0,87.0,14.69338,64132.0,87.0,14.6924,78138.05332530856,87.0,14.69338,74924.23512584234,87.0,14.69338,65606.0,87.0,14.69338,65826.36325803024,87.0,14.69338,68330.0,87.0,14.69338,65938.0,87.0,14.69142,73815.22486871392,87.0,14.6924,68890.0,87.0,14.68946,71525.0,87.0,14.6924,71476.88896929313,87.0,14.69142,69405.72928240383,87.0,14.69044,73693.65052747137,87.0,14.69044,72593.7534515004,87.0,14.68946,73216.0,87.0,14.68946,72463.3842742206,87.0,0.9352324684524069
59,60,#60 149.0000@13.9868 MS1+,1,+,13.9868,36786.18558874763,149.0,,,0.1108354410371115,149.0,13.9868,40084.0,149.0,13.98582,30546.0,149.0,13.98582,36119.26652502442,149.0,13.98974,30626.56041615549,149.0,13.987780000000004,37592.57353524923,149.0,13.987780000000004,28726.206165901745,149.0,13.98582,37721.36627899936,149.0,13.9868,33712.97922391671,149.0,13.98974,29750.63904062091,149.0,13.987780000000004,35417.03024830314,149.0,13.988760000000005,40590.3960774864,149.0,13.98974,36128.47451346715,149.0,13.988760000000005,36484.90425832599,149.0,13.9868,31705.0,149.0,13.9868,36875.0,149.0,13.9868,36786.18558874763,149.0,13.988760000000005,34939.0,149.0,13.988760000000005,36577.18015615369,149.0,13.9868,30787.70864885672,149.0,13.9868,44129.862317996034,149.0,13.9868,43420.67594628001,149.0,13.98582,37542.20727777553,149.0,13.9868,32700.534792320454,149.0,13.98582,41535.14288276756,149.0,13.9868,35379.0,149.0,13.98484,43313.0,149.0,13.98484,38004.19821638405,149.0,13.98386,29796.707118202783,149.0,0.9694449142457211
45,46,#46 87.0000@13.9290 MS1+,1,+,13.92898,73487.0,87.0,,,0.2602429271440712,87.0,13.92898,70137.60737654872,87.0,13.928,76140.27225095293,87.0,13.928,78890.0,87.0,13.93094,72447.15842143571,87.0,13.92898,79299.88501886514,87.0,13.92996,75612.0,87.0,13.928,74724.09621402394,87.0,13.92996,73584.0,87.0,13.92898,67608.0,87.0,13.92996,68230.0,87.0,13.92996,85771.0,87.0,13.93192,86183.0,87.0,13.92898,76230.03652501821,87.0,13.92996,85294.05634854919,87.0,13.92898,83183.0,87.0,13.928,73883.0,87.0,13.92898,71916.0,87.0,13.92996,75343.71267756129,87.0,13.92898,73487.0,87.0,13.92702,80883.0,87.0,13.92898,79872.05300673847,87.0,13.92604,81818.84116295644,87.0,13.928,83333.0,87.0,13.928,79476.0,87.0,13.92702,84728.0,87.0,13.92702,83971.53469330329,87.0,13.92604,81114.0,87.0,13.92702,85881.0,87.0,0.9848954841908808
8,9,#9 110.0000@7.0170 MS1+,1,+,7.01704,500203.0,110.0,,,0.0005237621670758363,110.0,7.018020000000001,310554.0,110.0,7.01704,229703.18231244307,110.0,7.018020000000001,397547.0,110.0,7.01704,250820.8582109808,110.0,7.018020000000001,522119.17565904045,110.0,7.01704,394661.0,110.0,7.01704,471580.0,110.0,7.01704,500203.0,110.0,7.01606,486765.226726158,110.0,7.01508,539816.0,110.0,7.019,756638.0,110.0,7.019,532294.2267076112,110.0,7.018020000000001,575037.0,110.0,7.01998,584446.1692220363,110.0,7.01704,525138.0,110.0,7.01606,637591.0,110.0,7.01704,522149.0,110.0,7.01704,712491.7028111347,110.0,7.01606,475289.0,110.0,7.018020000000001,799738.0,110.0,7.01606,543326.6976689663,110.0,7.018020000000001,427019.64077396784,110.0,7.018020000000001,737714.0620250222,110.0,7.01606,581330.6796712672,110.0,7.01704,479404.0,110.0,7.018020000000001,939101.0,110.0,7.01704,825108.0,110.0,7.01704,564416.0,110.0,0.9975441208296909
69,70,#70 120.0000@9.1730 MS1+,1,+,9.17304,14296.467066716285,120.0,,,0.0339842261244687,120.0,,,,9.175,11036.93895174278,120.0,9.17402,11580.0,120.0,,,,9.17696,11501.0,120.0,9.17402,11571.758636029985,120.0,9.18382,7416.0,120.0,9.17304,18185.397604862028,120.0,,,,,,,9.17206,20975.586649874276,120.0,9.17304,14296.467066716285,120.0,9.175,13558.873146884382,120.0,9.17206,17728.616710239523,120.0,9.17304,12261.0,120.0,,,,,,,9.175,7367.719706167471,120.0,,,,9.17108,24727.0,120.0,9.17108,17463.381777990355,120.0,9.17206,10060.549768410392,120.0,9.17206,11118.35009018138,120.0,,,,9.17304,11263.462923931716,120.0,9.17206,20385.0,120.0,9.17304,16731.0,120.0,9.17304,11876.0,120.0,1.0125334651790263
90,91,#91 167.0000@6.2134 MS1+,1,+,6.21344,4918.81907117345,167.0,,,0.042473862307339,167.0,,,,,,,,,,6.21344,5726.0,169.0,,,,,,,,,,,,,,,,,,,6.21736,5821.386592990729,167.0,,,,,,,6.21736,5463.077571411904,169.0,6.21638,5103.0,167.0,,,,,,,6.21834,4932.0,167.0,6.2154,5013.441006113614,167.0,,,,,,,6.22912,1785.8421717293302,147.0,6.21344,4918.81907117345,167.0,6.21148,5442.0,167.0,,,,,,,,,,6.21736,4988.664418336833,167.0,1.0139227162789002
81,82,#82 107.0000@6.0900 MS1+,1,+,6.0899600000000005,2306.862075500163,107.0,,,0.0073970420084207,107.0,6.090940000000001,2199.016247741152,106.0,,,,6.090940000000001,2520.394888962141,151.0,6.08702,2746.653842674869,151.0,6.082120000000001,6328.512023847839,107.0,6.08898,3110.0,151.0,6.07624,3400.14375376231,107.0,6.07526,3872.439287210672,107.0,,,,6.07722,2971.065554915177,106.0,6.08604,5730.559637642499,107.0,6.09682,2621.068631559381,107.0,6.07722,4908.4356128638565,107.0,6.09584,4059.170544990786,107.0,,,,6.07722,2784.8760871131603,106.0,6.08408,2502.0,106.0,6.08408,3941.718893351777,106.0,,,,6.07918,9985.043806958469,107.0,6.07134,5263.380637248447,107.0,6.09192,1834.0,107.0,6.10172,2951.0,107.0,6.0929,3147.684810308762,107.0,6.09192,2056.2048488840487,151.0,6.0684,11220.483165824968,107.0,6.0831,5874.457082400731,107.0,6.0899600000000005,2306.862075500163,107.0,1.0443280209295318
75,76,#76 258.0000@13.2724 MS1+,1,+,13.272380000000002,13252.914689694391,258.0,,,0.0147085302877764,258.0,13.2763,8300.82939605151,258.0,13.272380000000002,7718.6613163484,258.0,13.27336,8957.508338363486,258.0,13.27434,9309.746230253972,258.0,13.27434,16725.091971666014,258.0,13.2763,9161.976598664996,258.0,13.272380000000002,6812.539740831869,258.0,13.27336,10652.363992948063,258.0,13.27336,3183.2084792707524,258.0,13.272380000000002,7676.495913358209,258.0,13.27532,9238.513309127366,258.0,13.27728,7555.988288064871,258.0,13.27532,12089.920290929058,258.0,13.2763,10986.650835380791,258.0,13.27336,8799.918437033328,258.0,13.27434,9673.674465772354,258.0,13.27434,14348.419862413166,258.0,13.27532,13427.86940341452,258.0,13.27434,4195.279179416168,258.0,13.27336,7449.33443612739,258.0,13.27434,6013.738899821997,258.0,13.271400000000002,9096.242262990989,258.0,13.27532,13715.43003172896,258.0,13.27434,10337.94373174125,258.0,13.272380000000002,12665.931558074486,258.0,13.272380000000002,19876.675499888574,258.0,13.272380000000002,16352.0,258.0,13.272380000000002,13252.914689694391,258.0,1.0593246415550532
25,26,#26 87.0000@7.6687 MS1+,1,+,7.668740000000001,225919.0,87.0,,,0.0579535879373236,87.0,7.66972,198588.0,87.0,7.668740000000001,220507.58544265584,87.0,7.668740000000001,229459.0643523381,87.0,7.668740000000001,212294.23892066863,87.0,7.66972,220453.0,87.0,7.66776,209987.0,87.0,7.668740000000001,228078.0707580281,87.0,7.668740000000001,217495.2085394761,87.0,7.668740000000001,204983.0,87.0,7.668740000000001,203543.2911895451,87.0,7.668740000000001,242903.94094760172,87.0,7.668740000000001,225383.87866066064,87.0,7.668740000000001,233295.0,87.0,7.668740000000001,242544.0,87.0,7.66776,217834.3463747142,87.0,7.66776,227428.0,87.0,7.668740000000001,216631.0066186468,87.0,7.66776,227165.50067292305,87.0,7.668740000000001,211381.66439143967,87.0,7.668740000000001,223981.1689369461,87.0,7.66776,224635.0,87.0,7.668740000000001,225919.0,87.0,7.66776,232900.43461964536,87.0,7.66678,213807.0,87.0,7.66776,237318.0,87.0,7.66678,223801.60438355277,87.0,7.66678,224729.68199043453,87.0,7.66776,235418.0,87.0,1.085424184409823
91,92,#92 103.0000@10.0707 MS1+,1,+,10.07072,4192.753515889308,103.0,,,,147.0,,,,,,,,,,,,,,,,,,,10.06876,3790.4401525596754,103.0,10.07072,3934.007916825804,103.0,,,,,,,10.07072,4192.753515889308,103.0,10.06974,3822.687398218504,103.0,,,,,,,,,,,,,,,,,,,,,,10.06974,5639.523025979362,147.0,10.07072,3814.486087847276,103.0,,,,10.06876,5414.869025097751,147.0,,,,,,,,,,,,,,,,1.0881261366828194
43,44,#44 87.0000@13.1038 MS1+,1,+,13.10382,85952.66627065661,87.0,,,0.107491160255621,87.0,13.1048,79900.48854976306,87.0,13.10382,85952.66627065661,87.0,13.10284,88295.27936675731,87.0,13.10578,79836.0,87.0,13.10382,87399.08180856216,87.0,13.1048,83269.07099540485,87.0,13.10284,82391.0,87.0,13.1048,81019.0,87.0,13.10382,75509.0,87.0,13.10578,77917.0,87.0,13.1048,96682.88918716204,87.0,13.10578,93760.13529589742,87.0,13.10578,83476.56717737559,87.0,13.1048,96659.0,87.0,13.1048,93389.0,87.0,13.10382,81156.0,87.0,13.10382,82053.12455451308,87.0,13.1048,87043.0,87.0,13.1048,83847.5624776816,87.0,13.10284,90635.78198474985,87.0,13.10382,85643.29111963953,87.0,13.10186,89373.0,87.0,13.10382,92677.99450091914,87.0,13.10382,89117.0,87.0,13.10284,92233.06942306177,87.0,13.10186,89978.0387114518,87.0,13.10284,92324.7733717905,87.0,13.10284,91916.47459274762,87.0,1.0941372051232325
27,28,#28 87.0000@11.2330 MS1+,1,+,11.233,198579.6708124893,87.0,,,0.1815496644947243,87.0,11.23496,180623.0,87.0,11.23398,190317.0,87.0,11.23398,198454.0214609645,87.0,11.23398,179347.97294784366,87.0,11.23496,203639.31801299367,87.0,11.23398,190990.8641883229,87.0,11.233,189202.0,87.0,11.233,189911.0240462236,87.0,11.23398,170609.32261371287,87.0,11.233,169534.40990308629,87.0,11.233,211628.728473032,87.0,11.23398,204232.0,87.0,11.23398,199205.62706545385,87.0,11.233,217420.29530569815,87.0,11.233,200902.69780963165,87.0,11.233,186899.0,87.0,11.233,182805.88313604417,87.0,11.23398,196797.20416958592,87.0,11.233,178590.0,87.0,11.233,204631.14317477727,87.0,11.233,196106.0,87.0,11.23202,205065.66302981452,87.0,11.233,198579.6708124893,87.0,11.233,190869.21443246776,87.0,11.23202,200909.0,87.0,11.23202,205244.59046907592,87.0,11.23202,205226.0,87.0,11.23104,206696.396002047,87.0,1.1097705278059842
55,56,#56 87.0000@16.2055 MS1+,1,+,16.20552,51849.24012863448,87.0,,,0.1411963276539964,87.0,16.20454,42377.0,87.0,16.20454,48379.34899887648,87.0,16.20258,50396.0,87.0,16.20944,46463.0,87.0,16.20552,49984.20953862319,87.0,16.206500000000002,48072.0,87.0,16.2016,47185.02912614576,87.0,16.20552,46838.690220576136,87.0,16.20454,44475.37569558888,87.0,16.20552,44354.0,87.0,16.20846,56452.0,87.0,16.210420000000003,56058.48250820485,87.0,16.20748,49057.0,87.0,16.20552,56626.46078305505,87.0,16.20552,53605.0,87.0,16.20552,48872.0,87.0,16.20552,47638.01741590202,87.0,16.20748,50282.92606061458,87.0,16.20552,46685.0,87.0,16.20454,53801.58089892504,87.0,16.20552,51849.24012863448,87.0,16.20062,52613.001656251,87.0,16.20552,53044.74369813781,87.0,16.20454,51185.0,87.0,16.20258,53917.0,87.0,16.20356,54357.41400852076,87.0,16.20062,51301.0,87.0,16.199640000000002,54468.68927412197,87.0,1.1154663891119458
84,85,#85 103.0000@12.8823 MS1+,1,+,12.88234,9354.456493168098,103.0,,,0.0004963601627832048,103.0,12.88332,3943.0,103.0,12.86372,3676.0211434938574,147.0,12.88332,4203.9856072856055,103.0,,,,12.88234,3226.0,103.0,12.88136,2475.206624416094,103.0,12.8843,5294.0,103.0,12.88332,4373.924263461013,147.0,12.8843,4858.320952807242,103.0,12.88332,3342.8835113140585,103.0,12.88332,5860.0,103.0,12.88626,3736.6377422603623,103.0,12.867640000000002,2329.5600666808086,147.0,12.88528,4293.661455934598,147.0,12.88332,3543.6471632811727,103.0,12.88234,3531.5365178530938,147.0,12.86666,3678.589059125099,147.0,12.86568,4461.0,103.0,,,,12.88234,9354.456493168098,103.0,12.88234,4468.0,103.0,12.86274,2056.9869454951813,103.0,12.88332,5024.092120388046,103.0,12.88332,2778.0,147.0,,,,12.88332,5839.549272798769,103.0,12.88136,5454.027583973528,103.0,,,,1.1918335216152098
44,45,#45 147.0000@8.5743 MS1+,1,+,8.57426,33953.39804244221,147.0,,,0.1708671734714886,147.0,8.576220000000001,22672.23001463209,147.0,8.57524,19101.51096210086,147.0,8.57426,18844.41246949676,147.0,8.57328,17735.61158085839,147.0,8.57426,67243.93235061137,147.0,8.57426,20160.0,147.0,8.57426,30174.18605972804,147.0,8.57524,26649.0,147.0,8.57524,16788.0,147.0,8.57328,27338.30985300483,147.0,8.57426,38072.69642960097,147.0,8.57426,25401.80761914784,147.0,8.57426,57828.0,147.0,8.57426,41557.53532643093,147.0,8.57426,13750.0,147.0,8.57328,29199.6100927416,147.0,8.57426,35238.0,147.0,8.57524,51490.0,147.0,8.57426,15713.0,147.0,8.57328,57264.33010168318,147.0,8.57426,53069.17554898671,147.0,8.57328,29609.93487763614,147.0,8.57426,33953.39804244221,147.0,8.57328,22926.598300811234,147.0,8.57328,24236.0,147.0,8.5723,92056.01216791297,147.0,8.57426,41388.0,147.0,8.5723,20190.0,147.0,1.2342837817865508
3,4,#4 174.0000@7.5119 MS1+,1,+,7.51194,1099150.8673575164,174.0,,,0.0249599574891483,174.0,7.51292,650389.2858510863,174.0,7.51194,699674.9243100524,174.0,7.51194,724367.6784550907,174.0,7.51096,547524.0842869153,174.0,7.51194,1504888.8857519212,174.0,7.51096,492768.1720053543,174.0,7.51096,809007.287936225,174.0,7.51194,1052297.1611311275,174.0,7.51096,584654.60352945,174.0,7.50998,787018.7046626909,174.0,7.51194,1267752.7854754566,174.0,7.51194,798456.9932262704,174.0,7.51194,1501044.1811623366,174.0,7.51292,1379985.896660479,174.0,7.51096,429441.1471851499,174.0,7.51096,952658.9438163436,174.0,7.51096,1076120.1723440269,174.0,7.51194,1550782.960277276,174.0,7.50998,543520.2398948094,174.0,7.51194,1743449.3400710523,174.0,7.51194,1553111.202402196,174.0,7.51096,850334.6832693183,174.0,7.51194,1099150.8673575164,174.0,7.50998,524618.8593637235,174.0,7.51096,889780.2673892059,174.0,7.51194,3052047.0,174.0,7.51194,1509249.756715333,174.0,7.51194,798709.66023407,174.0,1.2452782775004905
0,1,#1 147.0000@5.7087 MS1+,1,+,5.708740000000001,3877108.63557502,147.0,,,7.348606897494836e-05,147.0,5.70482,4611543.1552833,147.0,5.708740000000001,2121794.5514130984,147.0,5.71168,3150675.842490679,147.0,5.70482,2488710.5428835046,147.0,5.70972,2819246.382539926,147.0,5.7058,3644262.805468875,147.0,5.706779999999999,2991665.324841467,147.0,5.708740000000001,3877108.63557502,147.0,5.706779999999999,2622765.4313980183,147.0,5.70188,3137293.224578835,147.0,5.717560000000001,4544585.014979687,147.0,5.71364,3251788.225334472,147.0,5.70972,2573510.610412268,147.0,5.71854,4388124.0,147.0,5.708740000000001,2833000.077141165,147.0,5.70972,2763962.060579473,147.0,5.7058,1794179.0885419769,147.0,5.708740000000001,4201668.521428442,147.0,5.7058,2468852.293072331,147.0,5.7107,3834769.0,147.0,5.708740000000001,1554992.457874842,147.0,5.71462,1839571.749745513,147.0,5.708740000000001,6077407.0,147.0,5.706779999999999,2602274.390660572,147.0,5.71168,1918981.3636164,147.0,5.70972,3132468.3613325846,147.0,5.71168,4221231.40201027,147.0,5.71266,1853351.278149857,147.0,1.2658310000982955
19,20,#20 147.0000@10.2697 MS1+,1,+,10.26966,169172.02701967862,147.0,,,2.535545194914945e-06,299.0,10.270639999999998,164604.41458887188,147.0,10.26966,78475.94965114711,101.0,10.26868,150830.0,101.0,10.26868,77098.09680842451,101.0,10.270639999999998,192499.8820327015,299.0,10.26868,109034.12595153513,101.0,10.26966,200241.2959058334,147.0,10.26966,169172.02701967862,147.0,10.26868,158944.0,147.0,10.26868,156513.5215082441,147.0,10.26966,210736.2523047618,299.0,10.26868,83781.0,101.0,10.270639999999998,143297.22011022005,147.0,10.26868,113471.26810773338,101.0,10.2677,117743.03566698312,147.0,10.26868,142686.7945206822,147.0,10.26966,101908.29061585553,147.0,10.26868,124425.75973513168,147.0,10.2677,74202.54946496221,101.0,10.26966,332804.2873710198,299.0,10.26966,257584.3673017173,299.0,10.26672,75142.887251442,101.0,10.2677,113984.58920524232,101.0,10.2677,107440.0212016857,147.0,10.2677,74506.9921671775,101.0,10.26966,287251.64781955624,299.0,10.26868,220569.0,147.0,10.26672,90706.30122275552,147.0,1.316768981249846
26,27,#27 87.0000@10.1619 MS1+,1,+,10.16186,193063.0,87.0,,,0.0596357345936298,87.0,10.16382,193517.0,87.0,10.16284,203469.24156919456,87.0,10.16186,208528.00719790676,87.0,10.16186,193063.0,87.0,10.16186,230503.0,87.0,10.16284,194032.0,87.0,10.16186,199704.6342992228,87.0,10.16186,200444.0,87.0,10.16186,174703.0,87.0,10.16186,177459.0,87.0,10.16186,214072.0,87.0,10.16186,215840.80162328455,87.0,10.16284,225276.0077980648,87.0,10.16186,229742.0833745429,87.0,10.16186,206749.0,87.0,10.16186,197018.70759951835,87.0,10.16088,198055.4916821369,87.0,10.16186,217542.13923611672,87.0,10.16186,178174.72981994346,87.0,10.16088,196719.0,87.0,10.1599,197212.0,87.0,10.16088,207902.0,87.0,10.16088,212595.49301828985,87.0,10.16088,189409.3583855144,87.0,10.1599,210304.87879837843,87.0,10.16088,215471.0,87.0,10.1599,209328.3315415797,87.0,10.16088,212854.2788890101,87.0,1.331249349730968
65,66,#66 174.0000@10.2246 MS1+,1,+,10.22458,13019.0,174.0,,,0.0006266977898302661,174.0,,,,10.22458,8225.0,217.0,,,,10.219680000000002,9517.156062770928,217.0,10.22654,14573.73916205168,174.0,,,,10.22458,15074.120588982109,174.0,,,,10.22654,11059.951450794386,174.0,,,,,,,10.2236,4979.0,174.0,10.22458,13019.0,174.0,,,,,,,,,,10.2236,9080.594589112094,217.0,10.2236,10096.0,174.0,10.22262,5415.73991729959,217.0,10.22458,28755.0,174.0,10.2236,26949.0,174.0,10.22262,7406.0,174.0,10.2236,7868.985488310243,174.0,,,,10.220660000000002,12499.0,217.0,,,,,,,10.22262,7359.0,174.0,1.332984730535527
56,57,#57 241.0000@7.8638 MS1+,1,+,7.86376,46410.86460905241,241.0,,,0.0009516813626599953,241.0,7.86376,50276.91920831095,241.0,7.86376,19616.0,241.0,7.86376,25143.0,241.0,7.86376,19502.0,241.0,7.86376,46410.86460905241,241.0,7.86376,22958.23853176945,241.0,7.86474,11559.0,241.0,7.86376,14332.095905647167,241.0,,,,7.86376,23221.0,241.0,7.86376,18385.215342050964,241.0,7.86376,24496.0,241.0,7.86278,38222.78972916357,241.0,7.86376,26862.13221912436,241.0,7.86376,12513.491622058153,241.0,7.86376,17912.0,241.0,7.86376,23625.964070898463,241.0,7.86278,31619.597757750747,241.0,7.86376,18491.0,241.0,7.86376,15804.0,241.0,7.86376,12990.948020126334,241.0,7.86376,17270.209421389663,241.0,7.86278,31191.0,241.0,7.86278,21527.0,241.0,7.86474,17460.0,241.0,7.86278,22977.0,241.0,7.86278,16959.6612372091,241.0,7.86278,21908.59078960217,241.0,1.3339657634035353
64,65,#65 147.0000@14.4631 MS1+,1,+,14.46308,29887.0,147.0,,,0.0030609153445076,147.0,14.4621,22201.19764395377,147.0,14.4621,18655.0,147.0,14.46112,18856.27993668588,147.0,14.46406,18112.0,147.0,14.46406,19467.0,147.0,14.46308,22934.0,147.0,14.4621,17277.758820462677,147.0,14.4621,18864.82217903772,147.0,14.46308,17298.0,147.0,14.46308,24665.0,147.0,14.46308,24647.44921945985,147.0,14.46504,30779.34254375797,147.0,14.46406,31706.69091721214,147.0,14.46308,30010.0,147.0,14.4621,26526.746598046637,147.0,14.46308,19573.0,147.0,14.46308,21418.137441350045,147.0,14.46308,24807.965565982337,147.0,14.46308,20422.41631064396,147.0,14.46112,24898.0,147.0,14.4621,18931.0,147.0,14.46014,19636.45689010445,147.0,14.46308,29887.0,147.0,14.4621,28335.0,147.0,14.46112,21892.94995993835,147.0,14.46014,22577.0,147.0,14.46014,25035.529120063384,147.0,14.46014,22792.0,147.0,1.3376027130180659
48,49,#49 147.0000@12.5295 MS1+,1,+,12.52954,55948.0,147.0,,,0.0187418753731315,147.0,12.53052,71746.0,147.0,12.53052,63581.0,147.0,12.52954,55658.21839744911,147.0,12.5315,61434.0,147.0,12.53052,75156.89358367848,147.0,12.5315,54097.0,147.0,12.52954,55948.0,147.0,12.53052,51662.0,147.0,12.53052,47155.627370679074,147.0,12.52954,49702.0,147.0,12.53052,58441.0,147.0,12.5315,66553.0,147.0,12.53052,62152.0,147.0,12.53052,72076.0,147.0,12.53052,66949.0,147.0,12.53052,56220.0,147.0,12.53052,69811.3831194019,147.0,12.53052,65605.0,147.0,12.52954,56171.0,147.0,12.52856,61996.0,147.0,12.53052,66522.99628917425,147.0,12.52856,68229.0,147.0,12.53052,66883.90351150607,147.0,12.52954,61251.0,147.0,12.52856,68311.0,147.0,12.52954,58760.57299083835,147.0,12.52856,56118.6331032131,147.0,12.52856,62223.0,147.0,1.344066298115675
36,37,#37 228.0000@8.2636 MS1+,1,+,8.2636,124818.0,228.0,,,0.0379993086364176,228.0,8.26458,114751.87779659285,228.0,8.26458,118528.02925158596,228.0,8.26556,125309.78719855603,228.0,8.26458,119956.30437646958,228.0,8.26458,132860.0,228.0,8.2636,116834.73150483916,228.0,8.26262,119366.0,228.0,8.2636,124818.0,228.0,8.26458,117184.8584575882,228.0,8.2636,112593.73733086542,228.0,8.2636,132438.9529038014,228.0,8.2636,127642.63292917224,228.0,8.26458,125024.0,228.0,8.26458,134344.57758935457,228.0,8.2636,123422.49742789504,228.0,8.2636,124197.0,228.0,8.26262,125542.23659794238,228.0,8.2636,131090.76410825513,228.0,8.2636,113029.657262712,228.0,8.2636,131392.68242922245,228.0,8.26262,120247.16171515013,228.0,8.2636,123090.18869650524,228.0,8.2636,128693.67621609,228.0,8.26262,123934.92801752409,228.0,8.26262,124235.84703183436,228.0,8.2636,136675.18954361253,228.0,8.26262,125036.90037068022,228.0,8.26262,128900.35048570874,228.0,1.3443314405630085
42,43,#43 87.0000@12.2101 MS1+,1,+,12.21006,86979.64310223603,87.0,,,0.0444378865889359,87.0,12.21104,80051.10228426951,87.0,12.21006,86979.64310223603,87.0,12.21006,85606.0,87.0,12.21104,82390.74262435897,87.0,12.21006,91390.91928779724,87.0,12.21104,85545.0,87.0,12.21006,85018.41311782047,87.0,12.21006,86688.0,87.0,12.21006,76012.0,87.0,12.21104,77678.42461511306,87.0,12.21006,93898.72895103332,87.0,12.21104,94901.7319357037,87.0,12.21006,90501.91566059376,87.0,12.20908,97785.34907717288,87.0,12.20908,89209.45795491252,87.0,12.20908,86385.0,87.0,12.21104,84721.0,87.0,12.21006,90378.0,87.0,12.21006,82970.0,87.0,12.208100000000002,92949.51663840344,87.0,12.20908,88468.0,87.0,12.208100000000002,90964.21128112698,87.0,12.20908,90857.0,87.0,12.21006,89569.82233059412,87.0,12.208100000000002,90978.04232358647,87.0,12.208100000000002,92307.87068286524,87.0,12.208100000000002,92567.0,87.0,12.208100000000002,91348.0,87.0,1.3551791890365312
53,54,#54 100.0000@8.8320 MS1+,1,+,8.832,30923.0,100.0,,,6.240540840407593e-05,100.0,8.83298,44956.8809275512,100.0,8.832,8929.0,100.0,,,,8.83396,7439.0,100.0,8.83298,60417.0,100.0,,,,8.83494,13413.0,100.0,8.832,13956.0,100.0,,,,,,,8.83298,13497.876723066222,100.0,,,,8.832,30923.0,100.0,8.83298,11974.0,100.0,,,,,,,8.83298,17502.197460343115,100.0,8.83298,13853.51840330441,100.0,,,,8.83298,18662.246929010067,100.0,,,,,,,8.83396,10106.0,100.0,,,,8.832,4872.0,100.0,8.832,39746.5307897644,100.0,8.83102,18670.0,100.0,,,,1.3568845295681262
89,90,#90 264.0000@10.9645 MS1+,1,+,10.96448,6476.245301366353,264.0,,,,264.0,,,,,,,,,,,,,,,,,,,,,,,,,,,,,,,,,,,,,,,,10.9635,5629.0,264.0,,,,,,,,,,10.96448,6476.245301366353,264.0,,,,10.96644,4074.0,264.0,,,,,,,10.9635,4895.254444320377,264.0,,,,,,,10.9635,4954.101510518,264.0,10.96448,2635.5953123385907,264.0,,,,1.3601750171933824
78,79,#79 179.0000@11.0448 MS1+,1,+,11.04484,10418.024423329787,179.0,,,0.0007319810842685293,179.0,11.0468,12092.0,179.0,,,,,,,,,,11.04386,11275.0,179.0,,,,11.04386,10953.0,179.0,,,,11.04484,9690.0,179.0,,,,11.04484,10418.024423329787,179.0,11.04484,5020.487966220732,179.0,11.04582,6903.0,179.0,11.04386,5892.038966556531,179.0,,,,,,,,,,11.04484,4899.0,179.0,,,,11.040920000000002,14260.0,179.0,11.04288,10149.0,179.0,,,,,,,,,,,,,,,,,,,,,,1.3660472536175061
5,6,#6 246.0000@9.4906 MS1+,1,+,9.49056,698856.3849463335,246.0,,,0.0232393064527817,246.0,9.4935,1009910.5907085944,246.0,9.49056,631755.1755308162,246.0,9.491540000000002,679488.368692898,246.0,9.49056,509557.87450887926,246.0,9.49448,1627344.8236703686,246.0,9.48958,509333.2519863155,246.0,9.48958,492177.5160458933,246.0,9.49056,698856.3849463335,246.0,9.48958,323154.6555638829,246.0,9.49056,565815.782407066,246.0,9.491540000000002,769300.1038656262,246.0,9.49056,653879.9045774866,246.0,9.49252,983294.4404561128,246.0,9.49252,1043136.5015795948,246.0,9.48762,310105.92569503485,246.0,9.48958,535252.3457966966,246.0,9.491540000000002,766333.4473593464,246.0,9.4935,1192211.2349532389,246.0,9.4886,359163.2424772859,246.0,9.49056,636443.5200520197,246.0,9.48958,555949.1656611008,246.0,9.4886,382108.4560826909,246.0,9.491540000000002,875486.2264492882,246.0,9.4886,420427.8992071196,246.0,9.4886,420807.7681843892,246.0,9.49252,1367917.6958560506,246.0,9.491540000000002,847738.0079382277,246.0,9.4886,517650.0682523122,246.0,1.3675262465944835
22,23,#23 87.0000@8.9800 MS1+,1,+,8.979980000000001,229766.0,87.0,,,0.0021414169820497,87.0,,,,8.979980000000001,231798.3043026829,87.0,,,,,,,8.979980000000001,260016.1041988784,87.0,,,,8.979980000000001,222701.0,87.0,,,,8.979980000000001,185601.7391782516,87.0,,,,8.979980000000001,245476.0,87.0,8.979980000000001,229766.0,87.0,8.979980000000001,236915.0,87.0,8.980960000000001,244729.0,87.0,8.978019999999999,224191.17125979884,87.0,,,,,,,8.980960000000001,215827.0,87.0,,,,8.979000000000001,230179.0112336597,87.0,8.979000000000001,222968.0,87.0,8.978019999999999,223686.2836421984,87.0,8.979000000000001,235456.0,87.0,,,,8.979000000000001,229097.0,87.0,8.977039999999999,236437.5980216089,87.0,8.978019999999999,228192.6910411805,87.0,8.978019999999999,240858.3705883672,87.0,1.3877772780828184
63,64,#64 103.0000@14.0515 MS1+,1,+,14.05148,35442.583185004245,103.0,,,1.0415120987872226e-09,103.0,14.0505,23559.255413571635,103.0,14.04952,28339.98917905755,103.0,14.04854,13659.953442345535,103.0,14.05148,35442.583185004245,103.0,14.04952,22833.0,103.0,14.0505,18950.762604190244,103.0,14.04756,4337.069495347732,103.0,14.0505,10945.853214832496,103.0,14.0505,2558.0,147.0,14.04952,14322.0,103.0,14.05148,11458.762719607135,103.0,14.05344,19666.0,103.0,14.05148,21769.0,103.0,14.05148,30768.07109002364,103.0,14.0505,15182.0,103.0,14.04952,8791.638707071004,103.0,14.0505,22001.568005085,103.0,14.05148,19293.0,103.0,14.0505,18112.202614055663,103.0,14.04952,6855.1022577135045,103.0,14.04952,12371.757621619492,103.0,14.04854,36629.0,103.0,14.04952,21264.81525241504,103.0,14.04952,19105.0,103.0,14.04854,34152.0,103.0,14.04756,12227.0,103.0,14.04756,18576.650326765957,103.0,14.04854,25514.0,103.0,1.3999442673928604
30,31,#31 117.0000@12.7099 MS1+,1,+,12.70986,158206.0,117.0,,,0.0027921190141718,117.0,12.70986,136249.0,117.0,12.70888,125789.0,117.0,12.70888,120851.0,117.0,12.71084,119336.0,117.0,12.71084,156437.36223898805,117.0,12.71182,124773.34007129908,117.0,12.70888,114967.91382034976,117.0,12.70986,135698.0,117.0,12.70986,101007.38261884297,117.0,12.70986,125846.43854850395,117.0,12.71084,143560.0,117.0,12.71182,190279.38985955968,117.0,12.71084,99566.28124242809,117.0,12.71084,182794.0,117.0,12.70986,141633.0,117.0,12.71084,122484.39911609385,117.0,12.70986,118106.25900188016,117.0,12.71084,151957.0,117.0,12.70986,138506.0,117.0,12.70888,105435.0,117.0,12.70986,158206.0,117.0,12.70888,143372.9830560574,117.0,12.70986,143321.0,117.0,12.70986,130205.81240681524,117.0,12.70888,146593.7376453824,117.0,12.70888,140895.0,117.0,12.7079,145292.0,117.0,12.7079,142321.0,117.0,1.4083909929313774
9,10,#10 147.0000@8.6664 MS1+,1,+,8.66638,544452.5810188465,147.0,,,2.248774236257578e-05,147.0,8.66834,766380.3493930465,147.0,8.66736,584621.6872301365,147.0,8.66736,598276.6504243294,147.0,8.66736,499176.6286224408,147.0,8.66834,911847.287942588,147.0,8.66736,552578.9490793187,147.0,8.66638,355361.32746838016,147.0,8.66638,331681.0,147.0,8.66638,287561.0,147.0,8.66638,579670.3476518155,147.0,8.66638,435094.690754094,147.0,8.66638,590786.1429520623,147.0,8.66736,755622.955844869,147.0,8.66736,713004.7904429999,147.0,8.66638,491868.0,147.0,8.66638,536670.0,147.0,8.66736,651043.1830570917,147.0,8.66736,734961.5147778027,147.0,8.6654,440172.03450156143,147.0,8.6654,391243.7553032112,147.0,8.6654,313686.3597212367,147.0,8.6654,443409.7587754909,147.0,8.66736,775625.5787360603,147.0,8.6654,516516.6425811954,147.0,8.6654,493896.50743083376,147.0,8.66638,496133.0141669992,147.0,8.6654,448661.8051659286,147.0,8.66638,544452.5810188465,147.0,1.4142286966586493
41,42,#42 147.0000@10.6744 MS1+,1,+,10.6744,73616.52680632682,147.0,,,6.92536753584827e-05,147.0,10.67538,93306.6825241363,147.0,10.6744,40497.21650226028,147.0,10.6744,73616.52680632682,147.0,10.67538,32290.682757558163,147.0,10.6744,108177.0030388564,147.0,10.6744,54335.94956674139,147.0,10.67342,54565.0,147.0,10.6744,75243.0,147.0,10.6744,43880.85204481606,147.0,10.67342,68135.52814683731,147.0,10.6744,92779.06848199684,147.0,10.67342,46192.50964862469,147.0,10.6744,78422.24971587941,147.0,10.6744,49303.63594317365,147.0,10.67342,56556.84011414315,147.0,10.67342,67802.34385493583,147.0,10.67342,61970.41683343455,147.0,10.6744,58619.90045570158,147.0,10.67342,39544.83124242511,147.0,10.67342,82175.29656001023,147.0,10.6744,55362.52351144576,147.0,10.67244,28497.13101291887,147.0,10.67342,50961.754242596064,147.0,10.67244,55506.68859166537,147.0,10.67244,37183.92269937389,147.0,10.67342,105092.0,147.0,10.67342,90035.60680655303,147.0,10.67244,42684.50739462068,147.0,1.4393079563756197
2,3,#3 147.0000@12.0013 MS1+,1,+,12.00132,1289476.862622291,147.0,,,0.0670059469216046,147.0,12.00328,2468386.5001301747,147.0,12.00328,2383480.468325276,147.0,12.00132,1330940.0,147.0,12.00328,1658619.0,147.0,12.00524,3516614.0,147.0,12.0023,1009867.0,147.0,12.00132,1289476.862622291,147.0,12.00132,1004810.0,147.0,12.00132,823011.0,147.0,12.00132,1080603.0,147.0,12.0023,1055901.0,147.0,12.00328,1525717.7234660978,147.0,12.00622,3478716.0,147.0,12.00328,2519858.2496275054,147.0,12.00034,680122.0,147.0,12.00132,1054740.0,147.0,12.00328,2653304.023120532,147.0,12.00426,3155995.2350643016,147.0,12.00132,1066843.0,147.0,12.0023,2191614.7064815657,147.0,12.00132,1518163.951208069,147.0,12.00034,1483645.9189631878,147.0,12.0023,2111055.4063352467,147.0,12.00034,934883.0,147.0,12.00034,1527690.223649358,147.0,12.00132,1985222.543099188,147.0,12.00034,1038175.0,147.0,12.00034,1420979.6806841225,147.0,1.4446667227110734
39,40,#40 245.0000@7.7854 MS1+,1,+,7.78536,68209.0,245.0,,,3.0418455767122765e-05,147.0,7.78634,119836.01130816064,147.0,7.78536,73933.63098826417,147.0,7.78536,80032.0,245.0,7.78634,61790.0,245.0,7.78536,118837.0,245.0,7.78536,68209.0,245.0,7.78634,43623.0,245.0,7.78536,49591.68971578717,147.0,7.78634,34443.98409520659,245.0,7.78438,77746.0551887801,147.0,7.78634,54202.02505700738,245.0,7.78536,82255.60022358362,245.0,7.78438,96291.83145112405,245.0,7.78536,102613.67191068268,245.0,7.78438,56406.65420245281,245.0,7.78536,69533.60901210844,245.0,7.78536,76400.0,245.0,7.78438,98974.2420346294,147.0,7.78438,58657.79928392054,147.0,7.78438,52072.0365620863,147.0,7.78438,42979.0,245.0,7.78536,58502.80184580857,147.0,7.78438,106993.08819508852,245.0,7.78438,64453.58348264867,147.0,7.78438,60461.766253303336,245.0,7.78536,66259.0,245.0,7.78438,56144.44095734525,147.0,7.78438,68809.33224674345,245.0,1.455266686449743
57,58,#58 156.0000@11.1644 MS1+,1,+,11.1644,23141.0,156.0,,,0.0287064585210512,156.0,11.1644,18448.0,156.0,11.1644,17857.0,156.0,11.1644,23141.0,156.0,11.1644,15110.97516746597,156.0,11.16538,37828.21800250269,156.0,11.1644,17264.0,156.0,11.1644,27155.404972428376,156.0,11.1644,27351.88373172104,156.0,11.1644,18910.0,156.0,11.1644,22098.764336668264,156.0,11.1644,27693.58281050901,156.0,11.1644,25317.89531336286,156.0,11.1644,38854.0,156.0,11.1644,33863.62524101741,156.0,11.16342,17546.0,156.0,11.1644,23680.0,156.0,11.1644,29515.0,156.0,11.16538,32060.857236493208,156.0,11.16342,19950.560083652894,156.0,11.16342,41982.0,156.0,11.1644,34595.49075043122,156.0,11.16342,21811.79363202,156.0,11.1644,30529.163206842288,156.0,11.16342,23272.826894025256,156.0,11.16342,23236.0,156.0,11.16342,49014.326166422696,156.0,11.16244,32242.62311103803,156.0,11.16342,23047.60432597589,156.0,1.4844490588628962
72,73,#73 147.0000@13.4184 MS1+,1,+,13.4184,19519.887661451958,147.0,,,0.0012256195799177,147.0,13.41644,16175.0,147.0,13.41742,14696.882627333362,147.0,13.41644,11211.52945891141,147.0,13.4184,13524.7630397421,147.0,13.4184,18401.05776005506,147.0,13.4184,11781.509742911694,147.0,13.41546,12176.215496027567,147.0,13.4184,12028.432163737323,147.0,13.42036,11018.141485896873,147.0,13.41938,13646.625094907156,147.0,13.41938,14192.560109624852,147.0,13.42036,14970.0,147.0,13.42036,17842.439937322855,147.0,13.4184,19519.887661451958,147.0,13.4184,10643.979855378955,147.0,13.41644,12060.970268713512,147.0,13.4184,17524.86488832951,147.0,13.41938,23754.80867411764,147.0,13.41938,12931.210051905286,147.0,13.41644,19920.05647878805,147.0,13.41938,15013.29704451205,147.0,13.4135,14247.0,147.0,13.41546,21641.15862938081,147.0,13.41742,13788.0,147.0,13.41546,15493.83553969483,147.0,13.41742,14294.33781468131,147.0,13.41742,13835.397978704625,147.0,13.41546,15788.0,147.0,1.514553195809485
74,75,#75 147.0000@9.2034 MS1+,1,+,9.20342,14118.035098624074,147.0,,,0.001786015438881,147.0,9.20734,9829.346287407112,129.0,9.20538,17583.306268955217,129.0,9.20636,7456.217254019305,129.0,9.20636,14609.0,129.0,9.20538,13521.564964927786,129.0,9.2191,15515.016803498314,147.0,,,,9.22008,12470.91092479157,147.0,9.21812,14619.466460172674,147.0,9.20342,14118.035098624074,147.0,9.22008,17838.5370879384,147.0,9.2191,14750.213394867707,147.0,9.20538,13207.0,129.0,9.22008,18581.777851603896,147.0,9.2191,7392.860383684128,147.0,9.2191,9813.195927335808,147.0,9.22008,17834.944044439868,147.0,9.20538,18045.88568288472,147.0,9.2044,9689.0,147.0,9.21714,17977.145880248558,147.0,,,,9.20342,12422.0,129.0,9.21812,21821.32296569254,147.0,9.21812,8239.319512215385,147.0,9.20244,13850.70044470284,129.0,,,,9.21812,19991.5565348527,147.0,9.20244,13801.9020883115,147.0,1.533301143328932
31,32,#32 117.0000@11.7994 MS1+,1,+,11.79944,153292.46292842086,117.0,,,0.0009039587603977272,117.0,11.80042,139549.0,117.0,11.79944,141721.0,117.0,11.79944,143002.0,117.0,11.8014,130675.01769183262,117.0,11.80042,167610.63198378956,117.0,11.80042,131752.35199780812,117.0,11.79944,131331.0,117.0,11.80042,151879.97325414495,117.0,11.80042,115821.0,117.0,11.80042,141068.24359182097,117.0,11.80042,155367.0,117.0,11.8014,176575.5854716713,117.0,11.79944,112025.0,117.0,11.80042,172969.0,117.0,11.79944,153292.46292842086,117.0,11.79944,131315.0,117.0,11.79944,128979.69136090444,117.0,11.80042,161347.71293469108,117.0,11.79944,135959.0,117.0,11.79748,134630.0,117.0,11.79846,165397.69532662386,117.0,11.79846,150015.01598121415,117.0,11.79944,162383.0,117.0,11.79846,140038.67244856374,117.0,11.79846,148710.6007597335,117.0,11.79846,159036.39766786457,117.0,11.79846,162545.0,117.0,11.79846,146615.7223546154,117.0,1.5497277598351504
34,35,#35 147.0000@10.5921 MS1+,1,+,10.59208,128270.31332914135,147.0,,,0.0024458823877956,147.0,10.59306,81929.04097675893,147.0,10.59306,121289.24183546544,147.0,10.59208,63143.0,147.0,10.59306,63525.09390250252,147.0,10.59306,151657.61769313028,147.0,,,,10.59208,68366.0,147.0,10.59208,67118.34593697799,147.0,10.5911,41612.38218952705,147.0,10.59208,51776.572826932745,147.0,10.59306,84676.39870112634,147.0,10.59306,115122.31119428454,147.0,10.59306,103345.12436881402,147.0,10.59208,101232.45235158187,147.0,,,,10.59208,64348.310208109615,147.0,10.59208,99044.1340525967,147.0,10.59208,128270.31332914135,147.0,,,,10.59208,74918.20411502193,147.0,10.5911,71854.6747005703,147.0,,,,10.59208,100668.07905978333,147.0,,,,10.5911,75370.60473559848,147.0,10.59208,124220.0,147.0,10.5911,82772.59800745703,147.0,,,,1.5645438924423525
54,55,#55 99.0000@7.7236 MS1+,1,+,7.723619999999999,54988.0,99.0,,,1.1767670726747781e-08,99.0,7.7246,46639.97730536908,99.0,7.72558,41041.0,99.0,7.7246,25663.0872698206,99.0,7.72264,55106.00136686048,99.0,7.723619999999999,46886.0,99.0,7.72264,37421.0,99.0,7.7246,14032.431454344216,99.0,7.7246,21939.0,99.0,7.726560000000001,10667.044850736942,99.0,7.723619999999999,29277.69312207636,99.0,7.7246,24830.0,99.0,7.72264,40562.77709985546,99.0,7.72264,49520.0,99.0,7.723619999999999,54988.0,99.0,7.72264,27314.0,99.0,7.723619999999999,20659.36578033224,99.0,7.72264,35671.0,99.0,7.723619999999999,45209.0,99.0,7.72264,43595.44220306609,99.0,7.723619999999999,21517.0,99.0,7.723619999999999,23621.632305123625,99.0,7.72264,60178.0,99.0,7.72264,56160.0,99.0,7.72264,33407.8805009931,99.0,7.72166,52017.04668572168,99.0,7.723619999999999,21214.0,99.0,7.723619999999999,34416.78029147865,99.0,7.72264,42703.0,99.0,1.6145286361180355
79,80,#80 103.0000@12.3943 MS1+,1,+,12.3943,9574.231656141836,103.0,,,0.00029686852879684533,103.0,12.39528,7323.554555147986,103.0,12.396260000000002,11598.0,103.0,12.39528,5537.6140509448505,103.0,12.39724,9447.656243566817,103.0,12.3943,9319.768731481585,103.0,12.39332,5051.215485382872,103.0,12.3943,8704.145240333857,103.0,,,,12.3943,6361.0,103.0,,,,,,,12.39528,8782.535488196787,103.0,12.3943,11191.807875855431,103.0,12.3943,11076.051147483406,103.0,,,,,,,12.3943,8930.61077899746,103.0,12.39528,13239.06712612112,103.0,12.3943,5634.0,103.0,12.3943,13002.87937792094,103.0,12.3943,9574.231656141836,103.0,12.39332,9304.0,103.0,12.3943,11206.424586778394,103.0,12.3943,4590.966763334442,103.0,12.39332,10485.0,103.0,12.39234,5594.229925817633,103.0,12.39332,4515.022070598317,103.0,12.39234,7775.543786558478,103.0,1.6285929710425897
67,68,#68 147.0000@14.2426 MS1+,1,+,14.24258,15794.96850505969,147.0,,,7.687819714163881e-09,147.0,14.24258,15794.96850505969,147.0,14.24258,22080.168642420023,147.0,14.241600000000002,10731.0,147.0,14.24552,18337.013640036133,147.0,14.24454,16256.762845890167,147.0,14.24356,9624.541778052517,147.0,14.24258,7806.1338345649565,147.0,14.24454,8905.59032201894,147.0,14.241600000000002,6283.086150162098,147.0,14.241600000000002,10164.311907062063,147.0,14.24552,12158.771760104495,147.0,14.2465,18413.3039355373,147.0,14.24454,18998.51059450028,147.0,14.24454,24019.705048591022,147.0,14.24454,9133.0,147.0,14.241600000000002,9598.692140961466,147.0,14.24356,16413.995701406446,147.0,14.24454,25691.06117159419,147.0,14.24356,12035.424794065304,147.0,14.24356,10997.94112011783,147.0,14.24454,10448.302206133289,147.0,14.240620000000002,19056.492472442584,147.0,14.24258,22276.444936169253,147.0,14.24356,11943.357619716246,147.0,14.24258,17609.072265446106,147.0,14.241600000000002,10047.0,147.0,14.240620000000002,11147.351971943017,147.0,14.240620000000002,13329.53598173316,147.0,1.6870055631080305
62,63,#63 169.0000@14.3798 MS1+,1,+,14.379780000000002,26682.0,169.0,,,,169.0,,,,,,,,,,,,,,,,,,,,,,,,,,,,,,,,,,14.379780000000002,24135.0,169.0,,,,14.379780000000002,26682.0,169.0,,,,,,,,,,14.380760000000002,37798.59258784104,169.0,,,,,,,,,,,,,14.378800000000002,28101.30309115775,169.0,,,,,,,,,,,,,,,,1.7201942870962486
