pathway	overlap_size	pathway_size	p-value	overlap_EmpiricalCompounds (id)	overlap_features (id)	overlap_features (name)
Biopterin metabolism	3	3	0.002184690362154441	E70,E72,E66	C00044,C06148/C05923,C04895	GTP$2,5-Diamino-6-(5'-triphosphoryl-3',4'-trihydroxy-2'-oxopentyl)-amino-4-oxopyrimidine/2,5-Diaminopyrimidine nucleoside triphosphate$2-Amino-4-hydroxy-6-(erythro-1,2,3-trihydroxypropyl)dihydropteridine triphosphate
Purine metabolism	4	5	0.003949247962356105	E70,E68,E56,E18	C00044,C00286,C04392,C00122	GTP$dGTP$P1,P4-Bis(5'-xanthosyl) tetraphosphate; XppppX$Fumarate
Fructose and mannose metabolism	2	2	0.009074867658179985	E70,E54	C00044,C03785/C05378/C00354/C03693/C00665/C01220/C01231/C04063/C04062	GTP$D-Tagatose 1,6-bisphosphate/beta-D-Fructose 1,6-bisphosphate/D-Fructose 1,6-bisphosphate/D-Mannose 1,6-bisphosphate/D-Fructose 2,6-bisphosphate/1D-myo-Inositol 1,4-bisphosphate/alpha-D-Glucose 1,6-bisphosphate; alpha-D-Glucose 1,6-biphosphate/D-myo-Inositol 3,4-bisphosphate; 1D-myo-Inositol 3,4-bisphosphate; Inositol 3,4-bisphosphate/D-myo-Inositol 1,3-bisphosphate; 1D-myo-Inositol 1,3-bisphosphate; myo-Inositol 1,3-bisphosphate; Inositol 1,3-bisphosphate
TCA cycle	3	4	0.014200487354003866	E35,E18,E70	C05379,C00122,C00044	Oxalosuccinate; Oxalosuccinic acid$Fumarate$GTP
Methionine and cysteine metabolism	2	3	0.05680194941601546	E22,E25	,	$
C5-Branched dibasic acid metabolism	1	1	0.06621292328375766	E70	C00044	GTP
Alanine and Aspartate Metabolism	1	1	0.06621292328375766	E18	C00122	Fumarate
Phosphatidylinositol phosphate metabolism	1	1	0.06621292328375766	E54	C03785/C05378/C00354/C03693/C00665/C01220/C01231/C04063/C04062	D-Tagatose 1,6-bisphosphate/beta-D-Fructose 1,6-bisphosphate/D-Fructose 1,6-bisphosphate/D-Mannose 1,6-bisphosphate/D-Fructose 2,6-bisphosphate/1D-myo-Inositol 1,4-bisphosphate/alpha-D-Glucose 1,6-bisphosphate; alpha-D-Glucose 1,6-biphosphate/D-myo-Inositol 3,4-bisphosphate; 1D-myo-Inositol 3,4-bisphosphate; Inositol 3,4-bisphosphate/D-myo-Inositol 1,3-bisphosphate; 1D-myo-Inositol 1,3-bisphosphate; myo-Inositol 1,3-bisphosphate; Inositol 1,3-bisphosphate
Pentose and Glucuronate Interconversions	1	1	0.06621292328375766	E53		
Glycolysis and Gluconeogenesis	2	4	0.08696748172422486	E70,E54	C00044,C03785/C05378/C00354/C03693/C00665/C01220/C01231/C04063/C04062	GTP$D-Tagatose 1,6-bisphosphate/beta-D-Fructose 1,6-bisphosphate/D-Fructose 1,6-bisphosphate/D-Mannose 1,6-bisphosphate/D-Fructose 2,6-bisphosphate/1D-myo-Inositol 1,4-bisphosphate/alpha-D-Glucose 1,6-bisphosphate; alpha-D-Glucose 1,6-biphosphate/D-myo-Inositol 3,4-bisphosphate; 1D-myo-Inositol 3,4-bisphosphate; Inositol 3,4-bisphosphate/D-myo-Inositol 1,3-bisphosphate; 1D-myo-Inositol 1,3-bisphosphate; myo-Inositol 1,3-bisphosphate; Inositol 1,3-bisphosphate
Galactose metabolism	1	2	0.09730274766826318	E54	C03785/C05378/C00354/C03693/C00665/C01220/C01231/C04063/C04062	D-Tagatose 1,6-bisphosphate/beta-D-Fructose 1,6-bisphosphate/D-Fructose 1,6-bisphosphate/D-Mannose 1,6-bisphosphate/D-Fructose 2,6-bisphosphate/1D-myo-Inositol 1,4-bisphosphate/alpha-D-Glucose 1,6-bisphosphate; alpha-D-Glucose 1,6-biphosphate/D-myo-Inositol 3,4-bisphosphate; 1D-myo-Inositol 3,4-bisphosphate; Inositol 3,4-bisphosphate/D-myo-Inositol 1,3-bisphosphate; 1D-myo-Inositol 1,3-bisphosphate; myo-Inositol 1,3-bisphosphate; Inositol 1,3-bisphosphate
Urea cycle/amino group metabolism	1	2	0.09730274766826318	E18	C00122	Fumarate
Arginine and Proline Metabolism	1	2	0.09730274766826318	E18	C00122	Fumarate
Carbon fixation	1	2	0.09730274766826318	E54	C03785/C05378/C00354/C03693/C00665/C01220/C01231/C04063/C04062	D-Tagatose 1,6-bisphosphate/beta-D-Fructose 1,6-bisphosphate/D-Fructose 1,6-bisphosphate/D-Mannose 1,6-bisphosphate/D-Fructose 2,6-bisphosphate/1D-myo-Inositol 1,4-bisphosphate/alpha-D-Glucose 1,6-bisphosphate; alpha-D-Glucose 1,6-biphosphate/D-myo-Inositol 3,4-bisphosphate; 1D-myo-Inositol 3,4-bisphosphate; Inositol 3,4-bisphosphate/D-myo-Inositol 1,3-bisphosphate; 1D-myo-Inositol 1,3-bisphosphate; myo-Inositol 1,3-bisphosphate; Inositol 1,3-bisphosphate
Tyrosine metabolism	1	2	0.09730274766826318	E18	C00122	Fumarate
Pyrimidine metabolism	2	8	0.11209142088900093	E70,E68	C00044,C00286	GTP$dGTP
Vitamin D3 (cholecalciferol) metabolism	0	0	0.11284765986051593			
Hyaluronan Metabolism	0	0	0.11284765986051593			
N-Glycan biosynthesis	0	0	0.11284765986051593			
Glycosphingolipid biosynthesis - ganglioseries	0	1	0.11284765986051593			
R Group Synthesis	0	0	0.11284765986051593			
Pyruvate Metabolism	0	1	0.11284765986051593			
Sialic acid metabolism	0	1	0.11284765986051593			
Chondroitin sulfate degradation	0	0	0.11284765986051593			
Di-unsaturated fatty acid beta-oxidation	0	0	0.11284765986051593			
Putative anti-Inflammatory metabolites formation from EPA	0	0	0.11284765986051593			
Linoleate metabolism	0	0	0.11284765986051593			
Hexose phosphorylation	0	1	0.11284765986051593			
Vitamin B2 (riboflavin) metabolism	0	0	0.11284765986051593			
Squalene and cholesterol biosynthesis	0	0	0.11284765986051593			
Keratan sulfate degradation	0	0	0.11284765986051593			
Glycerolipid metabolism	0	0	0.11284765986051593			
Carnitine shuttle	0	0	0.11284765986051593			
3-oxo-10R-octadecatrienoate beta-oxidation	0	0	0.11284765986051593			
Alkaloid biosynthesis II	0	0	0.11284765986051593			
Vitamin B1 (thiamin) metabolism	0	1	0.11284765986051593			
Glycosphingolipid biosynthesis - globoseries	0	0	0.11284765986051593			
Histidine metabolism	0	0	0.11284765986051593			
Vitamin B5 - CoA biosynthesis from pantothenate	0	0	0.11284765986051593			
Glycosylphosphatidylinositol(GPI)-anchor biosynthesis	0	0	0.11284765986051593			
Glycosphingolipid biosynthesis - lactoseries	0	0	0.11284765986051593			
Bile acid biosynthesis	0	0	0.11284765986051593			
Parathio degradation	0	0	0.11284765986051593			
Propanoate metabolism	0	1	0.11284765986051593			
Blood Group Biosynthesis	0	0	0.11284765986051593			
Electron transport chain	0	0	0.11284765986051593			
Vitamin H (biotin) metabolism	0	0	0.11284765986051593			
Vitamin E metabolism	0	0	0.11284765986051593			
Androgen and estrogen biosynthesis and metabolism	0	0	0.11284765986051593			
Glycine, serine, alanine and threonine metabolism	0	4	0.11284765986051593			
Caffeine metabolism	0	0	0.11284765986051593			
Lipoate metabolism	0	0	0.11284765986051593			
Heparan sulfate biosynthesis	0	0	0.11284765986051593			
Drug metabolism - cytochrome P450	0	0	0.11284765986051593			
Vitamin B9 (folate) metabolism	0	0	0.11284765986051593			
Tryptophan metabolism	0	1	0.11284765986051593			
Glyoxylate and Dicarboxylate Metabolism	0	2	0.11284765986051593			
De novo fatty acid biosynthesis	0	1	0.11284765986051593			
Vitamin A (retinol) metabolism	0	0	0.11284765986051593			
Valine, leucine and isoleucine degradation	0	1	0.11284765986051593			
Fatty Acid Metabolism	0	1	0.11284765986051593			
Glycosaminoglycan degradation	0	0	0.11284765986051593			
Fatty acid oxidation	0	0	0.11284765986051593			
ROS Detoxification	0	0	0.11284765986051593			
Xenobiotics metabolism	0	0	0.11284765986051593			
Saturated fatty acids beta-oxidation	0	0	0.11284765986051593			
CoA Catabolism	0	0	0.11284765986051593			
Omega-3 fatty acid metabolism	0	0	0.11284765986051593			
Butanoate metabolism	0	0	0.11284765986051593			
Mono-unsaturated fatty acid beta-oxidation	0	0	0.11284765986051593			
Glycosphingolipid biosynthesis - neolactoseries	0	0	0.11284765986051593			
Vitamin B3 (nicotinate and nicotinamide) metabolism	0	0	0.11284765986051593			
Ascorbate (Vitamin C) and Aldarate Metabolism	0	0	0.11284765986051593			
Geraniol degradation	0	0	0.11284765986051593			
D4&E4-neuroprostanes formation	0	0	0.11284765986051593			
Vitamin D	0	0	0.11284765986051593			
Dynorphin metabolism	0	0	0.11284765986051593			
Heparan sulfate degradation	0	0	0.11284765986051593			
Fatty acid oxidation, peroxisome	0	0	0.11284765986051593			
Polyunsaturated fatty acid biosynthesis	0	0	0.11284765986051593			
Glutathione Metabolism	0	0	0.11284765986051593			
Keratan sulfate biosynthesis	0	0	0.11284765986051593			
3-Chloroacrylic acid degradation	0	0	0.11284765986051593			
Arachidonic acid metabolism	0	0	0.11284765986051593			
Sphingolipid metabolism	0	0	0.11284765986051593			
O-Glycan biosynthesis	0	0	0.11284765986051593			
Glycosphingolipid metabolism	0	0	0.11284765986051593			
Limonene and pinene degradation	0	0	0.11284765986051593			
Proteoglycan biosynthesis	0	0	0.11284765986051593			
Vitamin K metabolism	0	0	0.11284765986051593			
Glycerophospholipid metabolism	0	0	0.11284765986051593			
Glutamate metabolism	0	1	0.11284765986051593			
Porphyrin metabolism	0	0	0.11284765986051593			
Benzoate degradation via CoA ligation	0	0	0.11284765986051593			
Prostaglandin formation from arachidonate	0	0	0.11284765986051593			
Dimethyl-branched-chain fatty acid mitochondrial beta-oxidation	0	0	0.11284765986051593			
Vitamin B6 (pyridoxine) metabolism	0	0	0.11284765986051593			
Atrazine degradation	0	0	0.11284765986051593			
N-Glycan Degradation	0	0	0.11284765986051593			
Leukotriene metabolism	0	0	0.11284765986051593			
Vitamin B12 (cyanocobalamin) metabolism	0	0	0.11284765986051593			
Fatty acid activation	0	0	0.11284765986051593			
Nucleotide Sugar Metabolism	0	1	0.11284765986051593			
Ubiquinone Biosynthesis	0	0	0.11284765986051593			
1- and 2-Methylnaphthalene degradation	0	0	0.11284765986051593			
Aspartate and asparagine metabolism	0	0	0.11284765986051593			
Nitrogen metabolism	0	0	0.11284765986051593			
Drug metabolism - other enzymes	0	0	0.11284765986051593			
Aminosugars metabolism	0	1	0.11284765986051593			
Beta-Alanine metabolism	0	0	0.11284765986051593			
Prostaglandin formation from dihomo gama-linoleic acid	0	0	0.11284765986051593			
C21-steroid hormone biosynthesis and metabolism	0	0	0.11284765986051593			
Starch and Sucrose Metabolism	0	0	0.11284765986051593			
Trihydroxycoprostanoyl-CoA beta-oxidation	0	0	0.11284765986051593			
Omega-6 fatty acid metabolism	0	0	0.11284765986051593			
Phytanic acid peroxisomal oxidation	0	0	0.11284765986051593			
Pentose phosphate pathway	0	1	0.11284765986051593			
Lysine metabolism	0	0	0.11284765986051593			
Selenoamino acid metabolism	0	2	0.11284765986051593			
