input_row	EID	str_row_ion	compounds	compound_names	input_row	m/z	retention_time	p_value	statistic	CompoundID_from_user
row54	E1	row54_M+Na[1+]	C00067	Formaldehyde	row54	53.0	1852.0	330.3372	0.821	5.86e-07
row63	E2	row63_M+H[1+]	C00288	Bicarbonate	row63	62.0	10856.0	399.1448	8.315	1.96e-06
row78	E8	row78_M+Na[1+]	C05985	2-Propyn-1-al	row78	77.0	8065.0	264.0909	0.804	5.2e-06
row128	E13	row128_M+Na[1+]	C00168;C01146	Hydroxypyruvate$2-Hydroxy-3-oxopropanoate; Tartronate semialdehyde	row128	127.0	4866.0	290.2694	1.231	2.68e-05
row140	E18	row140_M+Na[1+]	C00122	Fumarate	row140	139.0	6696.0	192.1595	0.81	3.71e-05
row155	E22	row155_M+H[1+]	C01962	Thiocysteine	row155	154.0	3662.0	175.0827	5.928	4.65e-05
row177	E25	row177_M+Na[1+]	C00606	3-Sulfino-L-alanine	row177	176.0	1421.0	131.0533	3.879	7e-05
row178	E26	row178_M+Na[1+]	C00265	Dithiothreitol; 1,4-Dithiothreitol; threo-1,4-Dimercapto-2,3-butanediol; DL-threo-1,4-Dimercapto-2,3-butanediol	row178	177.0	25.0	356.244	3.125	7.26e-05
row188	E27	row188_M+H[1+]	C00631;C00197	D-Glycerate 2-phosphate$3-Phospho-D-glycerate	row188	187.0	46830.0	432.2512	0.605	8.81e-05
row209	E34	row209_M+Na[1+]	C01005	O-Phospho-L-serine	row209	208.0	912.0	280.093	6.043	0.000114551
row214	E35	row214_M+Na[1+]	C05379	Oxalosuccinate; Oxalosuccinic acid	row214	213.0	6777.0	200.1454	1.309	0.000118642
row224	E41	row224_M+Na[1+]	C00279	D-Erythrose 4-phosphate	row224	223.0	9295.0	537.1664	11.362	0.000139926
row284	E51	row284_M+Na[1+]	C04582;C04188	5-Methylthio-5-deoxy-D-ribulose 1-phosphate$5-Methylthio-5-deoxy-D-ribose 1-phosphate	row284	283.0	2088.0	242.1136	1.806	0.000274449
row294	E52	row294_M+Na[1+]	C05699	Selenocystathionine	row294	293.0	1030.0	304.2389	2.93	0.000302761
row298	E53	row298_M+Na[1+]	C05385		row298	297.0	5129.0	74.0622	11.867	0.000311691
row342	E54	row342_M+H[1+]	C03785;C05378;C00354;C03693;C00665;C01220;C01231;C04063;C04062	D-Tagatose 1,6-bisphosphate$beta-D-Fructose 1,6-bisphosphate$D-Fructose 1,6-bisphosphate$D-Mannose 1,6-bisphosphate$D-Fructose 2,6-bisphosphate$1D-myo-Inositol 1,4-bisphosphate$alpha-D-Glucose 1,6-bisphosphate; alpha-D-Glucose 1,6-biphosphate$D-myo-Inositol 3,4-bisphosphate; 1D-myo-Inositol 3,4-bisphosphate; Inositol 3,4-bisphosphate$D-myo-Inositol 1,3-bisphosphate; 1D-myo-Inositol 1,3-bisphosphate; myo-Inositol 1,3-bisphosphate; Inositol 1,3-bisphosphate	row342	341.0	7408.0	104.0715	5.242	0.000563078
row412	E31	row412_M+Na[1+]	C01346	dUDP	row412	411.0	8278.0	543.1949	2.334	0.001013275
row452	E60	row452_M+Na[1+]	C00104	IDP	row452	451.0	540.0	340.1447	2.781	0.00132585
row469	E62	row469_M+H[1+]	C00458	dCTP	row469	468.0	24847.0	284.1251	4.544	0.001470723
row484	E43	row484_M+H[1+]	C00459	dTTP	row484	483.0	2901.0	488.2706	5.372	0.001595116
row497	E66	row497_M+H[1+]	C04895	2-Amino-4-hydroxy-6-(erythro-1,2,3-trihydroxypropyl)dihydropteridine triphosphate	row497	496.0	16663.0	137.9439	5.088	0.001732968
row509	E68	row509_M+H[1+]	C00286	dGTP	row509	508.0	23804.0	190.0501	2.811	0.001823174
row525	E70	row525_M+H[1+]	C00044	GTP	row525	524.0	6632.0	196.0906	0.678	0.002042076
row529	E71	row529_M+Na[1+]	C03028	Thiamin triphosphate; Thiamine triphosphate	row529	528.0	7647.0	381.1161	6.704	0.002093888
row537	E72	row537_M+Na[1+];row583_M+HCOONa[1+]	C06148;C05923	2,5-Diamino-6-(5'-triphosphoryl-3',4'-trihydroxy-2'-oxopentyl)-amino-4-oxopyrimidine$2,5-Diaminopyrimidine nucleoside triphosphate	row537	536.0	2034.0	314.0923	3.441	0.00213999
row583	E72	row537_M+Na[1+];row583_M+HCOONa[1+]	C06148;C05923	2,5-Diamino-6-(5'-triphosphoryl-3',4'-trihydroxy-2'-oxopentyl)-amino-4-oxopyrimidine$2,5-Diaminopyrimidine nucleoside triphosphate	row583	582.0	2501.0	170.0329	5.409	0.002540955
row743	E76	row743_M+Na[1+]	C02739	1-(5-Phospho-D-ribosyl)-ATP; Phosphoribosyl-ATP; N1-(5-Phospho-D-ribosyl)-ATP; 1-(5-Phosphoribosyl)-ATP	row743	742.0	18152.0	173.0746	0.672	0.004394516
row792	E79	row792_M+H[1+]	C06198	P1,P4-Bis(5'-uridyl) tetraphosphate; UppppU	row792	791.0	5175.0	218.0924	1.764	0.004944573
row824	E81	row1646_M+H[1+];row1647_M(C13)+H[1+];row824_M+2H[2+]	C04911	D-Galactosyl-N-acetyl-D-galactosaminyl-(N-acetylneuraminyl)-D-galactosyl-D-glucosylceramide; GM1; GM1a; D-Galactosyl-1,3-beta-N-acetyl-D-galactosaminyl-(N-acetylneuraminyl)-D-galactosyl-D-glucosyl-N-acylsphingosine; Gal-beta1->3GalNAc-beta1->4(Neu5Ac-alpha2->3)Gal-beta1->4Glc-beta1->1'Cer	row824	823.0	41542.0	557.0242	3.855	0.005306429
row894	E56	row894_M+Na[1+]	C04392	P1,P4-Bis(5'-xanthosyl) tetraphosphate; XppppX	row894	893.0	112.0	174.124	4.84	0.006335181
row1646	E81	row1646_M+H[1+];row1647_M(C13)+H[1+];row824_M+2H[2+]	C04911	D-Galactosyl-N-acetyl-D-galactosaminyl-(N-acetylneuraminyl)-D-galactosyl-D-glucosylceramide; GM1; GM1a; D-Galactosyl-1,3-beta-N-acetyl-D-galactosaminyl-(N-acetylneuraminyl)-D-galactosyl-D-glucosyl-N-acylsphingosine; Gal-beta1->3GalNAc-beta1->4(Neu5Ac-alpha2->3)Gal-beta1->4Glc-beta1->1'Cer	row1646	1645.0	40529.0	351.1587	7.529	0.020790713
row1647	E81	row1646_M+H[1+];row1647_M(C13)+H[1+];row824_M+2H[2+]	C04911	D-Galactosyl-N-acetyl-D-galactosaminyl-(N-acetylneuraminyl)-D-galactosyl-D-glucosylceramide; GM1; GM1a; D-Galactosyl-1,3-beta-N-acetyl-D-galactosaminyl-(N-acetylneuraminyl)-D-galactosyl-D-glucosyl-N-acylsphingosine; Gal-beta1->3GalNAc-beta1->4(Neu5Ac-alpha2->3)Gal-beta1->4Glc-beta1->1'Cer	row1647	1646.0	39794.0	244.0924	2.052	0.020802888
