,position,name,ms_level,polarity,retention_time,height,mz,neutral_mass,adducts,p_value,quantitation_mass,10_25_2016_islet_OA_12.mzXML retention_time,10_25_2016_islet_OA_12.mzXML height,10_25_2016_islet_OA_12.mzXML mz,10_25_2016_islet_OB_13.mzXML retention_time,10_25_2016_islet_OB_13.mzXML height,10_25_2016_islet_OB_13.mzXML mz,10_25_2016_islet_OC_14.mzXML retention_time,10_25_2016_islet_OC_14.mzXML height,10_25_2016_islet_OC_14.mzXML mz,10_25_2016_islet_OD_15.mzXML retention_time,10_25_2016_islet_OD_15.mzXML height,10_25_2016_islet_OD_15.mzXML mz,10_25_2016_islet_OHA_16.mzXML retention_time,10_25_2016_islet_OHA_16.mzXML height,10_25_2016_islet_OHA_16.mzXML mz,10_25_2016_islet_OHB_17.mzXML retention_time,10_25_2016_islet_OHB_17.mzXML height,10_25_2016_islet_OHB_17.mzXML mz,10_25_2016_islet_OHC_18.mzXML retention_time,10_25_2016_islet_OHC_18.mzXML height,10_25_2016_islet_OHC_18.mzXML mz,10_25_2016_islet_OHD_19.mzXML retention_time,10_25_2016_islet_OHD_19.mzXML height,10_25_2016_islet_OHD_19.mzXML mz,10_25_2016_islet_OHE_20.mzXML retention_time,10_25_2016_islet_OHE_20.mzXML height,10_25_2016_islet_OHE_20.mzXML mz,10_25_2016_islet_YA_1.mzXML retention_time,10_25_2016_islet_YA_1.mzXML height,10_25_2016_islet_YA_1.mzXML mz,10_25_2016_islet_YB_2.mzXML retention_time,10_25_2016_islet_YB_2.mzXML height,10_25_2016_islet_YB_2.mzXML mz,10_25_2016_islet_YC_3.mzXML retention_time,10_25_2016_islet_YC_3.mzXML height,10_25_2016_islet_YC_3.mzXML mz,10_25_2016_islet_YD_4.mzXML retention_time,10_25_2016_islet_YD_4.mzXML height,10_25_2016_islet_YD_4.mzXML mz,10_25_2016_islet_YE_5.mzXML retention_time,10_25_2016_islet_YE_5.mzXML height,10_25_2016_islet_YE_5.mzXML mz,10_25_2016_islet_YHA_6.mzXML retention_time,10_25_2016_islet_YHA_6.mzXML height,10_25_2016_islet_YHA_6.mzXML mz,10_25_2016_islet_YHB_7.mzXML retention_time,10_25_2016_islet_YHB_7.mzXML height,10_25_2016_islet_YHB_7.mzXML mz,10_25_2016_islet_YHC_8.mzXML retention_time,10_25_2016_islet_YHC_8.mzXML height,10_25_2016_islet_YHC_8.mzXML mz,10_25_2016_islet_YHD_9.mzXML retention_time,10_25_2016_islet_YHD_9.mzXML height,10_25_2016_islet_YHD_9.mzXML mz,10_25_2016_islet_YHE_10.mzXML retention_time,10_25_2016_islet_YHE_10.mzXML height,10_25_2016_islet_YHE_10.mzXML mz,10_25_2016_islet_YHF_11.mzXML retention_time,10_25_2016_islet_YHF_11.mzXML height,10_25_2016_islet_YHF_11.mzXML mz,VIP
308,309,#309 206.9900@44.8458 MS1+,1,+,44.84583333333333,4037.397389477365,206.99,,,0.719872205256991,206.99125,44.93966666666667,4576.705822313255,206.99,,,,45.07733333333333,3405.417648792816,206.95,44.86466666666667,3961.577994645927,111.07,,,,44.97716666666667,6010.68319697972,207.0,44.964666666666666,4376.0738265986,207.02,,,,45.021,5105.678808127261,206.95,44.84583333333333,4037.397389477365,206.99,44.81466666666667,7352.24169921875,206.97,44.589333333333336,5225.70789821174,206.99,44.81466666666667,2563.560077367534,206.99,45.146,2898.5854007939497,111.08,44.67066666666666,4087.859265235808,206.95,,,,44.41433333333334,6194.353515625,206.99,44.79583333333333,4019.02610070489,206.99,,,,44.996,4572.188487429737,206.95,1.501704916512012
100,101,#101 321.1200@46.6848 MS1+,1,+,46.68483333333334,14680.424500327004,321.12,,,0.8636553418755772,321.11153846153843,,,,46.7475,15303.653400067373,125.06,46.48483333333333,59732.56349446889,321.12,46.61,8367.797161664328,125.04,46.5285,54923.45685940556,321.11,46.68483333333334,14680.424500327004,321.12,47.1165,23114.724609375,321.09,46.6975,17135.293728559976,271.17,46.64116666666666,10337.038271169644,321.11,,,,46.397333333333336,30395.16100335045,321.11,,,,46.50366666666666,25599.48898236017,321.1,,,,,,,46.31583333333333,50224.77785781096,321.11,46.897666666666666,9267.808732135283,321.09,46.222166666666666,24551.205939375795,321.11,47.11033333333333,18503.39657090156,321.12,46.49733333333334,15629.88611970673,271.16,1.5017233371821044
233,234,#234 125.0600@49.3998 MS1+,1,+,49.399833333333326,13390.81913867694,125.06,,,0.8888884278970672,206.992,,,,49.4185,12784.773953215052,125.06,49.49366666666666,11416.9736328125,125.06,49.406,5563.315947054736,125.04,,,,49.09316666666667,9077.435485709972,125.1,49.187,8555.462636762895,125.04,49.29966666666667,10349.391062888237,125.06,49.4185,8378.92168028363,125.13,49.36216666666667,7593.66732895297,125.08,49.337333333333326,11716.088160445266,125.06,,,,49.2435,11881.8955078125,125.07,49.37466666666667,7143.689574360835,125.04,,,,,,,49.34983333333333,7636.09068551497,125.09,,,,49.399833333333326,13390.81913867694,125.06,49.3685,7157.669881927764,153.09,1.5046899745462035
187,188,#188 206.9500@51.3077 MS1+,1,+,51.30766666666667,18374.224394612043,206.95,,,0.5875861147038486,291.14,51.382666666666665,10834.664626837652,206.99,51.49533333333333,18105.064453125,207.04,,,,51.314,12116.334947882264,206.98,51.17,9885.396683208142,207.0,51.382666666666665,11027.552214722376,207.0,51.33883333333333,18903.75285761898,207.02,51.43283333333333,8867.18579400779,207.0,51.33883333333333,7707.065164964526,207.02,51.40783333333333,20004.77734375,207.04,51.533,15280.646256605716,207.0,51.17,11363.573954326028,207.04,,,,51.564,13645.22635505602,206.99,51.30766666666667,18374.224394612043,206.95,51.339000000000006,7834.379183655958,206.99,,,,51.2515,6317.13701512972,206.99,,,,,,,1.5073966617081251
62,63,#63 417.1500@19.6805 MS1+,1,+,19.6805,52896.475117098846,417.15,,,0.6206963305920816,189.062,,,,19.65533333333333,51885.16684966576,189.07,,,,19.668,108002.5853269051,189.06,,,,,,,19.6615,114220.9921875,189.06,,,,19.649,81907.39863694456,189.06,19.66166666666667,89164.65625,417.14,19.6305,40418.4103912156,189.06,,,,,,,19.749166666666667,21426.71697507204,189.05,19.6805,52896.475117098846,417.15,19.66166666666667,113794.4375,189.07,,,,19.66166666666667,109590.11309457944,189.06,19.78683333333333,8703.310546875,417.14,,,,1.5111842669640816
310,311,#311 206.9900@38.3152 MS1+,1,+,38.31516666666666,7209.176208753228,206.99,,,0.7582245925706935,206.99166666666667,38.30266666666667,7249.156076579192,221.04,38.1025,4669.562349857071,206.95,38.284,2378.158935546875,111.08,,,,,,,38.015,5901.310786475426,207.0,,,,,,,,,,,,,,,,38.27133333333334,7730.078566413254,206.99,,,,38.31516666666666,7209.176208753228,206.99,,,,38.234,5106.10744398576,206.99,38.32783333333334,5234.554035571287,206.99,38.284,4006.34434800827,206.95,,,,,,,1.5197778403023856
244,245,#245 113.0500@48.7242 MS1+,1,+,48.72416666666666,10392.8134765625,113.05,,,0.6633250254231873,206.99125,48.41766666666667,5773.253983670129,111.08,,,,48.768,11419.3544921875,111.08,48.818,12171.2841796875,206.98,,,,,,,48.72416666666666,10392.8134765625,113.05,,,,,,,48.718,6572.677758138333,113.11,48.56166666666666,10324.973020357942,113.1,48.63033333333333,10445.90216461103,111.09,48.56166666666666,4984.924900574178,113.1,48.8055,10245.479732303307,111.04,48.768,9814.0458984375,113.1,,,,48.56783333333333,11034.736328125,111.09,48.649166666666666,6057.83090788785,111.08,,,,48.6055,6744.572388342484,111.07,1.5298503682661453
183,184,#184 111.0900@18.0603 MS1+,1,+,18.06033333333333,21516.051712397944,111.09,,,0.8639727577581691,171.026,,,,17.759999999999998,17366.88272758152,111.08,,,,17.785,10032.50177280787,112.07,,,,,,,,,,,,,18.0415,14959.258915600742,111.07,,,,18.01033333333333,17333.415001387802,111.04,,,,,,,,,,18.06033333333333,21516.051712397944,111.09,,,,18.198,15208.004372487396,111.07,18.06033333333333,11351.004568493438,111.08,17.766333333333332,15547.958449798214,111.08,17.735,9639.541352592025,111.07,1.5526794601347176
290,291,#291 111.0800@24.2595 MS1+,1,+,24.2595,6300.291015625,111.08,,,0.5082261065651452,111.08,24.1905,6604.7763671875,111.08,24.741,8896.589479198075,111.08,,,,,,,,,,,,,23.95283333333333,5743.54604089527,111.07,24.56583333333333,5221.362404170512,111.08,24.61583333333333,6762.980020047047,111.07,,,,,,,24.59083333333333,7933.799593581721,111.09,24.2595,6300.291015625,111.08,,,,,,,,,,,,,,,,24.178,9068.05762043651,111.08,24.609666666666666,8442.134866261633,111.03,1.5545689681438508
256,257,#257 113.0900@48.7367 MS1+,1,+,48.736666666666665,7899.577472507179,113.09,,,0.8272702113281167,206.993,48.774166666666666,6697.367588726298,127.07,,,,,,,48.743,12659.6669921875,113.09,,,,48.9305,9569.181589226971,113.06,48.599,7069.257923120353,111.07,48.4865,8541.370616158154,113.07,48.69916666666666,4024.7552654542296,113.06,48.87433333333333,9322.556640625,113.11,48.517833333333336,6981.95920829961,113.1,48.71783333333334,8255.640385724724,113.1,,,,48.736666666666665,7899.577472507179,113.09,,,,,,,48.9995,8421.84088212703,113.09,48.6805,8270.1318359375,113.06,48.761833333333335,11537.181640625,113.06,48.72433333333333,9445.758074721,113.13,1.5703149398430045
240,241,#241 111.0700@24.9600 MS1+,1,+,24.96,7960.081138709886,111.07,,,0.7015555153986115,111.07,24.99116666666667,7838.444791666667,111.08,25.14133333333333,5109.15632217209,111.04,,,,25.04133333333333,7918.530667760961,111.07,24.828666666666667,7621.9365234375,111.04,25.0975,6337.941571331256,111.04,24.6345,10524.16363141494,111.07,24.597166666666663,14341.3203125,111.08,24.96,7960.081138709886,111.07,24.72233333333333,11388.720790554407,111.09,24.58483333333333,6780.9270100941685,111.08,24.92233333333333,7626.859045167606,111.07,24.935,5747.8473273386735,111.04,,,,25.39783333333333,6352.090000197644,111.07,24.684833333333334,6071.54942513859,112.06,25.404166666666665,3517.5920717708977,111.07,,,,,,,24.65983333333333,8709.792880105018,111.07,1.5706213583744488
247,248,#248 253.0300@51.3140 MS1+,1,+,51.314,9370.423953775718,253.03,,,0.8359551099012082,206.9925,51.257666666666665,7887.212737311205,111.08,51.27016666666667,10206.642905822411,253.01,,,,,,,,,,51.4515,10198.486204783858,253.02,51.37016666666667,6745.41668806293,252.97,51.364,10779.650225087991,253.0,51.37016666666667,10088.423396433103,253.0,,,,51.40783333333333,8541.516053620326,252.98,51.489,8571.968701212627,253.0,51.3265,6217.3788702045,252.98,51.21366666666667,11275.493352869702,253.01,51.401500000000006,10951.613801372354,252.99,51.195166666666665,8902.580596654365,252.98,51.3265,11893.38671875,252.98,51.2265,7100.121004400639,111.04,51.314,9370.423953775718,253.03,51.29533333333333,7022.367504873097,253.03,1.591748709624063
112,113,#113 321.1100@47.2917 MS1+,1,+,47.29166666666666,19309.767184545868,321.11,,,0.7216742691206055,321.11,47.435500000000005,12475.645526771426,321.1,47.39183333333334,12215.546970286712,271.17,,,,47.379333333333335,9103.369380018212,321.1,47.5295,22317.514992681587,271.17,47.14783333333333,10188.413177462146,271.15,47.0915,13545.92966155927,321.09,47.298,15964.9287109375,125.06,47.510666666666665,16031.395010537492,321.09,,,,47.27933333333333,8722.67113011689,321.11,47.29166666666666,19309.767184545868,321.11,47.41066666666666,14713.355132184734,321.1,47.41666666666666,11193.079942103315,321.11,47.004,6205.608543051951,271.15,47.567,33650.428363872954,321.11,47.12916666666667,8097.2691571318865,321.11,47.510666666666665,11355.7023632412,271.13,47.15416666666667,24321.421600235517,271.15,47.617,13290.457975973466,321.09,1.596538731702397
50,51,#51 344.3900@33.4423 MS1+,1,+,33.44233333333333,89162.54883857924,344.39,,,0.811893595645601,344.393125,33.47983333333333,110168.890625,344.39,33.45483333333333,129373.21533644182,344.39,33.4485,86033.16436477535,344.39,33.461,102636.1235573246,344.4,33.39233333333333,117854.6328125,344.39,33.41716666666667,115885.40625,344.39,,,,33.411,77966.5625,344.4,33.436,128201.8359375,344.39,33.45483333333333,164026.796875,344.39,33.429833333333335,101437.88201304348,344.39,33.442166666666665,78185.76102080043,344.38,33.48616666666667,70588.9140625,344.4,,,,33.461,87108.6741638133,344.4,33.3985,113728.93068062609,344.4,33.44233333333333,89162.54883857924,344.39,,,,,,,33.41733333333333,96812.640625,344.4,1.5983095008963852
125,126,#126 149.0200@6.9694 MS1+,1,+,6.969366666666667,28931.039136544765,149.02,,,0.9557383686536068,149.02,6.9444,42472.0703125,149.02,6.944416666666667,22462.810139476183,149.02,,,,6.944466666666667,26875.99578788905,149.02,6.944466666666667,34275.288501829826,149.02,,,,6.969366666666667,28931.039136544765,149.02,6.938166666666667,35912.97116946431,149.02,6.988166666666667,13425.946193663538,148.98,6.950666666666667,31331.89355082697,148.98,6.982083333333334,9325.187273667165,149.02,6.9569,41292.95504556697,149.01,6.969566666666666,25335.22944289424,149.02,6.938083333333334,27482.810030927973,149.02,,,,6.94445,43465.919427993205,148.99,6.950733333333333,35224.8282486836,149.01,6.9507666666666665,34840.61173374733,149.02,6.944466666666667,24571.145187761704,149.02,6.98205,10595.867976425714,149.02,1.6026272071353616
324,325,#325 111.0800@32.1975 MS1+,1,+,32.1975,10261.73046875,111.08,,,0.460082933918636,112.07,,,,,,,32.1975,10261.73046875,111.08,32.2225,6937.1582006489725,111.07,,,,,,,32.19116666666667,5336.406198466431,111.03,,,,31.90333333333333,3389.4300721380573,111.07,32.22866666666667,5157.772032259307,111.07,,,,,,,,,,,,,,,,,,,,,,32.21,6362.87012480814,111.08,,,,32.184999999999995,6044.3876953125,125.1,1.6094854049371565
251,252,#252 252.9500@52.0835 MS1+,1,+,52.0835,11042.556331593656,252.95,,,0.7360054005660681,252.975,,,,,,,,,,52.28983333333333,11561.162109375,252.98,51.9895,7799.112988508135,252.97,52.07083333333333,8175.108828916766,253.02,,,,,,,51.908166666666666,8874.524827541256,252.96,,,,52.027166666666666,6948.709905920015,252.98,52.23350000000001,7953.706964143162,252.97,52.121,6344.327481900564,252.98,52.027,8955.06873360216,252.97,52.06466666666667,9767.03213465006,252.99,52.146,10542.063691402403,252.98,51.9895,8451.514137005019,206.99,51.877,10642.084546795058,252.98,52.09583333333333,6913.198150685548,252.98,52.0835,11042.556331593656,252.95,1.6270690244558295
212,213,#213 249.1000@17.9227 MS1+,1,+,17.922666666666665,11828.7607421875,249.1,,,0.4583202788972312,183.08428571428573,,,,17.928833333333333,12848.39453125,192.03,17.903833333333335,16237.005859375,192.08,17.922666666666665,11931.94156020375,249.13,17.910166666666665,9677.0751953125,194.05,,,,17.928833333333333,14580.073640369385,192.06,17.928833333333333,14038.177734375,249.12,,,,17.922666666666665,11828.7607421875,249.1,17.922833333333333,10074.6687551098,194.09,17.928833333333333,12157.328033892369,192.05,17.922833333333333,11948.300028999192,192.07,,,,,,,,,,,,,,,,17.929,10052.8818359375,194.06,,,,1.6298045294778283
203,204,#204 321.1100@46.8665 MS1+,1,+,46.8665,15145.410691956,321.11,,,0.572417071128098,322.1122222222223,46.63483333333333,14948.35921246573,321.1,46.434666666666665,59845.0781270304,321.11,,,,,,,47.0415,48951.66215508117,321.11,46.93516666666667,17063.75969816185,321.12,46.99133333333334,17415.061900044737,321.09,,,,,,,,,,,,,,,,46.6725,28933.62944501458,321.1,,,,,,,46.66616666666666,12915.980378617154,321.11,,,,46.8665,15145.410691956,321.11,,,,47.11666666666667,15501.697268032993,321.11,1.6405845670711188
128,129,#129 221.0400@36.0132 MS1+,1,+,36.01316666666666,25125.173828125,221.04,,,0.2574416604508649,221.03882352941176,36.03816666666667,26387.294921875,355.0,36.01316666666666,25125.173828125,221.04,36.0195,31172.75390625,355.0,36.02583333333334,38723.19140625,221.04,35.9945,32185.89453125,355.01,36.00066666666667,39394.0546875,221.04,36.01933333333333,24771.841796875,178.95,35.9945,38103.345331588345,221.04,36.01316666666666,20029.81108986153,178.95,36.057,14318.884765625,221.04,36.02583333333334,23316.75976070767,221.04,36.025666666666666,29856.8203125,221.04,,,,36.03816666666667,21387.236328125,178.96,36.05083333333334,17682.788456182672,221.04,35.9945,28918.8203125,178.95,36.013333333333335,13254.920255187595,221.04,36.03833333333333,14534.29720922744,355.0,35.963166666666666,11030.069711889611,221.07,36.03216666666666,20415.61423247544,355.02,1.6559569105975191
223,224,#224 206.9900@50.6197 MS1+,1,+,50.61966666666667,13060.930654790687,206.99,,,0.3014642043372886,149.02142857142857,,,,50.62583333333334,10560.060294377505,206.95,,,,,,,50.582,14594.337336426906,207.0,50.39433333333333,19038.99928239149,207.0,50.68833333333334,17179.11073204523,207.02,50.5945,11100.975119854054,207.0,50.74466666666667,11902.066725877305,206.99,,,,50.651,10293.883755970948,125.06,,,,,,,,,,,,,,,,,,,,,,50.61966666666667,13060.930654790687,206.99,,,,1.656990482512342
154,155,#155 221.0400@45.6340 MS1+,1,+,45.634,11698.751953125,221.04,,,0.7503409317203311,221.03875,45.6465,11021.609738296553,221.04,45.61516666666667,21778.232421875,221.04,,,,45.6215,24791.39453125,221.04,45.61533333333333,19365.3203125,221.04,45.5965,13303.455101416976,221.04,45.684,5221.45263671875,221.03,45.609,28066.617128255548,221.04,45.640166666666666,11654.211921377298,354.99,45.634,11698.751953125,221.04,45.63416666666667,11002.323944868634,355.01,45.61516666666667,24611.345703125,221.04,45.63416666666667,17965.66796875,221.04,,,,45.634,17968.298828125,221.04,45.602833333333336,18902.829652517885,221.04,45.59033333333333,10216.060808699978,221.04,45.627833333333335,7390.05593585527,221.04,45.584,10225.031652654936,355.02,45.61533333333333,18726.36624471694,221.03,1.6577047832383585
285,286,#286 111.0800@48.0110 MS1+,1,+,48.011,9623.768330199768,111.08,,,0.6921905189850697,221.03833333333333,,,,,,,,,,,,,,,,47.92966666666667,8260.10483518767,207.0,48.029833333333336,10546.3095703125,206.98,48.011,9623.768330199768,111.08,48.0485,4418.665817881501,221.04,48.03616666666667,6782.966283964612,206.95,,,,,,,,,,,,,,,,,,,48.03616666666667,6243.089567296895,111.03,48.055,7820.905031869413,271.2,,,,,,,1.6699141168462435
150,151,#151 261.0900@22.7393 MS1+,1,+,22.73933333333333,28440.970042103007,261.09,,,0.0737928006902214,261.0828571428571,,,,,,,,,,,,,22.758166666666668,20581.969803280637,261.08,22.73933333333333,28440.970042103007,261.09,22.85183333333333,5937.57239111401,261.08,22.7705,17706.82618939931,261.1,22.7705,16853.11636164813,261.08,,,,,,,,,,,,,,,,22.764333333333333,9940.790935557688,261.14,22.845666666666663,13505.65313549138,261.09,,,,,,,22.883166666666668,8684.756008500337,261.08,22.73933333333333,20139.92578125,261.08,1.6853093679395217
115,116,#116 221.0400@41.0802 MS1+,1,+,41.08016666666666,28000.82421875,221.04,,,0.906017018756646,355.01166666666666,41.08633333333333,22698.154358952717,355.0,41.07383333333333,31916.337890625,221.04,41.06766666666667,34731.78515625,221.05,41.092666666666666,31619.91040672708,355.01,41.06766666666667,26773.054320001,355.01,41.07383333333333,26496.13069202213,355.02,41.080000000000005,30261.482421875,355.01,41.03,26960.50302713927,221.08,41.11133333333333,16936.615234375,355.02,41.09883333333333,16353.17330582926,221.04,41.074,26052.242003585663,355.01,41.080000000000005,38264.0625,221.04,41.10533333333333,29303.287381523187,221.04,41.09883333333333,25057.569016771697,221.04,41.099,26291.625,221.04,41.06133333333333,33457.87890625,221.04,41.08016666666666,28000.82421875,221.04,41.0865,22822.93359375,221.04,41.06133333333333,36315.53515625,221.04,41.06766666666667,32677.845703125,221.03,1.6864748369615932
252,253,#253 125.0900@47.6545 MS1+,1,+,47.6545,10823.280883644553,125.09,,,0.5747052332676217,206.9933333333333,47.90466666666667,9537.259765625,125.08,47.74216666666667,16031.2314453125,125.06,47.310500000000005,10757.037003460791,125.09,,,,47.323,11658.03195015196,125.06,47.7295,10828.844601852255,125.1,,,,,,,,,,47.51683333333334,7946.761525860755,125.08,47.16666666666666,8656.494450897524,125.1,47.84216666666667,14530.2744140625,125.06,,,,47.767,10574.8759765625,125.09,47.961,5515.7079238140805,125.04,,,,47.6545,10823.280883644553,125.09,,,,47.5795,9045.64036867259,125.06,,,,1.6895962967318179
65,66,#66 115.0500@14.1944 MS1+,1,+,14.194383333333333,65810.6015625,115.05,,,0.1664693868377174,115.0475,14.18815,71842.78125,115.05,14.188166666666666,67099.2109375,115.05,14.194433333333334,107341.05030066984,115.06,14.200716666666668,65454.92475000673,115.04,14.1882,20256.56748204923,115.05,,,,14.194333333333333,25072.46732988373,115.04,14.17565,26345.202508684728,115.05,14.194383333333333,23555.669360177588,115.05,,,,14.19455,101601.7734375,115.05,14.194383333333333,65810.6015625,115.05,14.20705,13937.2689340026,115.06,14.188083333333331,58666.31640625,115.05,14.200716666666668,26881.838468135946,115.06,,,,14.194483333333332,34715.68359375,115.04,,,,,,,14.163233333333332,18080.697265625,115.05,1.701320834330382
204,205,#205 207.0000@49.8565 MS1+,1,+,49.8565,15324.100719148491,207.0,,,0.3912545805626688,125.09499999999998,49.76883333333333,8565.277158540423,206.99,,,,49.81266666666667,8397.970795601042,252.97,49.76266666666667,14689.881018620836,206.98,49.819,9938.692287548642,113.11,49.90016666666667,10047.080120741768,207.0,49.8,11605.26386862273,207.02,49.8565,15324.100719148491,207.0,49.912666666666674,10861.852941876252,207.02,49.969,9292.51473787767,252.95,49.794,8842.908187741341,206.97,49.944,9417.94944214635,113.06,49.7815,5908.964603123443,125.09,49.66866666666667,8955.61018485124,206.95,49.64383333333333,13394.809008030548,206.95,50.10666666666667,11974.563927283652,111.04,49.91283333333333,15432.12207909295,206.96,49.76266666666667,13791.004210973104,207.04,49.97533333333333,9759.306461162689,113.06,49.819,10368.69921875,113.13,1.7033689140652213
162,163,#163 125.0500@46.6475 MS1+,1,+,46.6475,25781.410218521767,125.05,,,0.362014053601166,257.145,46.7475,10790.589527684357,125.04,46.81,13654.492431640623,125.1,46.62233333333334,8057.26904296875,206.95,,,,46.897666666666666,21237.066519852844,125.06,,,,,,,46.7475,16498.05078125,125.1,46.8975,11140.4619140625,125.09,,,,46.84766666666667,8792.616579143127,125.1,46.7225,13456.930638773016,125.1,,,,46.50966666666667,8141.673484978884,257.16,,,,46.6475,25781.410218521767,125.05,,,,,,,46.5035,10272.64563944592,125.06,,,,1.708934543335955
200,201,#201 252.9600@52.1083 MS1+,1,+,52.10833333333333,10913.07057777282,252.96,,,0.5975871919947223,206.99375,,,,52.10833333333333,9847.226158463813,253.01,51.927,10203.362992567156,206.99,52.027,10946.6767578125,253.02,52.23350000000001,9876.577836508864,252.97,52.47733333333333,11630.365445451123,253.02,51.839333333333336,17442.78125,207.02,52.214666666666666,7396.699318640662,253.0,52.10833333333333,10913.07057777282,252.96,51.927,10151.973518479792,253.0,,,,51.8205,10314.066446994846,206.99,,,,,,,,,,,,,,,,52.32733333333333,6048.914092468731,252.98,52.25233333333333,9842.028124427494,252.98,,,,1.7111871818711548
121,122,#122 111.0800@12.3741 MS1+,1,+,12.374066666666666,35839.96875,111.08,,,0.8179975621637322,206.9925,12.367833333333332,21780.69113210951,111.08,12.42415,30773.145034043264,111.08,,,,11.91125,62141.31686070384,111.07,12.130183333333331,24057.205220915355,111.08,12.374066666666666,35839.96875,111.08,,,,12.392866666666666,28523.264315820885,111.08,,,,12.36785,21759.646594822487,111.07,12.367966666666666,30812.861426088806,111.08,,,,,,,12.1238,28864.591796875,111.08,11.898733333333332,37300.68368591587,111.07,,,,12.380416666666669,31194.893517345627,111.07,,,,,,,12.4305,31135.62113777216,111.07,1.7331364666691105
277,278,#278 113.0500@48.5802 MS1+,1,+,48.58016666666666,9977.162109375,113.05,,,0.6364146934973263,206.9925,48.574,7156.996494699208,111.08,,,,48.649166666666666,8408.720830931426,113.08,,,,,,,48.41766666666667,7026.678797163175,207.0,48.54266666666667,10254.41015625,111.07,,,,,,,48.305,5016.246524515375,113.11,48.4365,6953.2138671875,127.07,48.66783333333333,7603.791979647365,206.99,,,,48.58016666666666,9977.162109375,113.05,,,,,,,48.342666666666666,5827.802888726678,113.09,,,,48.59283333333334,7228.375127517448,321.12,,,,1.7385879116745302
103,104,#104 132.0000@5.8999 MS1+,1,+,5.899900000000001,47729.86232573753,132.0,,,0.7683139069055643,132.00384615384615,,,,5.881,47737.45703125,132.01,5.887283333333333,48967.59155191385,131.99,5.912316666666666,36959.34375,132.01,,,,,,,5.899683333333333,48056.30346321555,131.99,5.88725,44966.92779124544,132.01,,,,5.88725,43770.1493683322,132.01,,,,5.91225,51919.19083455404,132.01,5.899900000000001,47729.86232573753,132.0,,,,5.893566666666667,41543.21323200362,132.0,5.89355,47552.7502812428,132.0,5.8998333333333335,37411.27418830617,132.01,5.931133333333333,12298.5771484375,132.0,5.899816666666666,58126.546875,132.01,,,,1.7427426423503714
336,337,#337 111.0700@44.4267 MS1+,1,+,44.42666666666666,5302.089792178728,111.07,,,0.9042611895165992,132.0,,,,44.40166666666666,4543.94677734375,125.1,44.2015,3483.8483553802157,111.03,,,,,,,,,,44.126333333333335,4457.754796056534,206.95,,,,,,,,,,44.5645,3546.6528876442894,206.97,44.42666666666666,5302.089792178728,111.07,44.44566666666666,3535.886668497341,111.08,44.34533333333333,4206.540187546865,111.04,,,,,,,,,,44.17033333333333,3609.90283203125,111.04,,,,,,,1.7568649401422893
189,190,#190 125.0600@47.3105 MS1+,1,+,47.310500000000005,9782.41906172468,125.06,,,0.5927976440268072,271.17,47.54183333333334,14359.904296875,125.04,,,,,,,47.30433333333334,5963.703125,112.07,47.316833333333335,14046.086809738672,125.1,47.5795,8548.4079236633,125.1,,,,47.21033333333333,9560.866120819885,125.1,47.21666666666667,6562.460808809832,125.09,,,,,,,47.617,17322.920242412165,271.18,47.62966666666667,9001.710230310448,125.07,,,,47.2855,5773.931413073833,125.04,47.25416666666667,8771.63844445663,125.09,47.40433333333333,6882.040392595499,125.09,,,,47.310500000000005,9782.41906172468,125.06,47.736,12058.341654332296,321.09,1.7618751831370634
2,3,#3 441.2300@51.7018 MS1+,1,+,51.70183333333333,60000.08620901735,441.23,,,0.9241203807206616,441.274,51.70183333333333,60000.08620901735,441.23,51.608,7327536.067254384,441.27,51.739333333333335,31912.959191987804,441.24,51.583,816910.6017570981,441.24,51.6705,102706.12740418036,441.28,51.689166666666665,98818.1015625,441.28,51.67033333333333,206335.80496583297,441.25,51.7955,15191.916770999733,441.24,51.72666666666667,24811.8601809222,441.24,51.683,134084.96875,441.27,51.66433333333334,255302.46594811825,441.28,51.6705,184701.7790647079,441.28,51.69566666666666,87657.2734375,441.27,51.77666666666666,23118.935546875,441.23,51.76433333333333,12453.666297189027,441.23,51.676833333333335,92678.17625160796,441.27,51.658,407773.977578498,441.28,51.62683333333334,4750339.5,441.26,51.733,38796.59375,441.24,51.589333333333336,2254048.4896402173,441.24,1.7719865440590459
253,254,#254 163.0100@9.2214 MS1+,1,+,9.221416666666666,11618.913357610298,163.01,,,0.323577831917295,163.00625,,,,,,,,,,9.208916666666664,13515.87150140212,163.02,9.215166666666669,6606.803280984999,163.01,9.208833333333333,19437.314453125,205.04,,,,9.208866666666667,28332.64946767853,163.01,9.2276,29905.72807873753,163.01,,,,,,,,,,,,,9.202533333333331,6422.812925209104,163.01,,,,9.221416666666666,11618.913357610298,163.01,9.2152,3608.813232421875,163.0,,,,,,,9.208966666666669,9962.626979148954,163.01,1.772665446091282
5,6,#6 147.0300@13.6627 MS1+,1,+,13.66275,2398084.5,147.03,,,0.7713685302190867,147.0295,13.6627,2710141.0,147.03,13.668966666666668,2648795.4474501675,147.03,13.67525,3695147.5,147.03,13.669016666666666,1734967.75,147.03,13.66275,2398084.5,147.03,13.662683333333332,2656645.5,147.03,13.668883333333332,1687528.4127382762,147.03,13.6627,2098039.25,147.03,13.668933333333332,1650253.5629122464,147.03,13.668966666666668,2910011.75,147.03,13.662833333333332,2170344.8972903364,147.03,13.668933333333332,2229689.25,147.03,13.662833333333332,1518588.0,147.03,13.662633333333334,2178132.641644909,147.03,13.66275,2077424.0,147.03,13.662733333333334,2415736.0,147.03,13.669033333333337,2833395.551848298,147.02,13.66905,2056768.125,147.03,13.669016666666666,2383958.5,147.03,13.6628,2020153.2973343227,147.03,1.77821455598379
78,79,#79 119.0100@8.2706 MS1+,1,+,8.2706,79372.21875,119.01,,,0.027679819430499,176.0622222222222,,,,,,,,,,,,,8.2706,79372.21875,119.01,,,,8.270483333333333,43287.296875,118.99,8.2643,72408.1796875,119.0,8.276783333333334,60505.1328125,119.0,,,,,,,,,,,,,,,,8.26435,28011.7966382951,118.99,8.264333333333333,68818.40625,119.01,8.270633333333333,27445.154602221155,119.0,8.27065,44887.4482003157,119.0,8.270616666666667,47933.2578125,119.0,8.258149999999999,42055.158165622255,118.99,1.7859946899054984
299,300,#300 111.0700@35.6130 MS1+,1,+,35.61300000000001,5753.928034143086,111.07,,,0.7215711262514763,111.08,35.619166666666665,7383.063701021856,111.08,35.494,5913.589131402103,111.08,35.594166666666666,4528.804438845477,153.09,35.61300000000001,5753.928034143086,111.07,,,,35.89433333333333,4930.880481351858,111.04,35.83166666666667,5547.02289620565,111.07,35.25,4585.51296875,125.13,,,,,,,35.59433333333333,4684.949963466902,125.1,35.569,4684.637834009425,153.1,35.775666666666666,2317.567435225163,111.08,,,,35.61300000000001,7886.202217343291,111.07,,,,,,,,,,,,,35.907000000000004,5978.055196327328,111.07,1.8027346317807862
56,57,#57 147.0300@12.9185 MS1+,1,+,12.91845,146042.390625,147.03,,,0.7356491198765613,147.02941176470588,12.91205,144066.53125,147.03,12.912066666666668,139524.1263710525,147.03,12.918333333333331,125207.429756893,147.03,12.9121,145326.5,147.03,12.918366666666666,148043.15625,147.03,12.912033333333332,101789.11459735852,147.03,12.918233333333337,144559.32232098933,147.03,12.912066666666668,126112.15329571773,147.03,,,,,,,12.9122,145733.796875,147.03,12.912033333333332,120821.88587279184,147.03,12.91845,146042.390625,147.03,12.918233333333337,147398.546875,147.03,12.918366666666666,121885.09821906703,147.03,12.9121,134813.6139196679,147.03,12.918383333333333,139667.421875,147.02,12.9184,142660.398635462,147.03,12.918366666666666,138282.22212961433,147.03,,,,1.8432084149257013
149,150,#150 111.0800@18.8672 MS1+,1,+,18.867166666666662,22807.79297246891,111.08,,,0.7046643209755294,154.11933333333334,18.879666666666665,19457.832070136225,111.08,18.9235,14923.585738842856,111.08,18.842166666666667,9773.62705057795,125.09,18.886000000000003,13844.993863025862,111.07,18.867166666666662,22807.79297246891,111.08,18.861,22937.821650862403,111.08,18.867166666666662,18725.31800268081,111.07,,,,18.879666666666665,11953.714613283351,111.09,18.8485,13547.581424518172,111.07,18.87983333333333,13170.79602842711,111.08,18.848333333333336,13963.06982530028,111.07,18.898666666666667,14344.746740954011,111.08,18.9235,20860.966796875,111.08,18.8735,9950.650754902825,111.07,18.861,16350.72492483526,111.08,18.861,19311.821816372503,111.07,18.84233333333333,13032.297674282672,111.08,18.836,8645.527506391323,125.06,18.861,16704.916234342083,111.1,1.901443196341191
51,52,#52 111.0800@6.5316 MS1+,1,+,6.5316,71748.7421875,111.08,,,0.6701531335037969,111.08,,,,,,,,,,,,,6.5316,71748.7421875,111.08,6.09365,10055.02818446885,111.08,6.518966666666667,147823.625,111.07,6.500283333333333,160578.96875,111.08,,,,6.5253,69038.6953125,111.07,6.093816666666667,8584.699520707141,111.04,,,,6.5129166666666665,131871.46875,111.08,,,,,,,6.093716666666666,12360.462905879143,111.08,6.519116666666666,142182.78125,111.07,6.519133333333333,162751.015625,111.08,,,,6.500383333333334,143480.12937838107,111.07,1.9132116571316329
97,98,#98 147.0300@10.2160 MS1+,1,+,10.216033333333334,58443.35134994047,147.03,,,0.7371334528851958,147.03,10.209716666666669,48059.625,314.08,10.1722,10887.402867891971,147.03,10.2035,56400.265625,147.03,10.209783333333332,60763.02734375,147.03,10.209783333333332,50571.09792950287,147.03,10.2097,51556.23007447507,147.03,10.20965,46874.39453125,314.06,10.209733333333332,55421.87890625,147.03,10.21595,58105.5546875,147.03,10.209733333333332,38499.01890980573,115.04,10.209866666666668,61018.75390625,147.03,10.21595,61064.2109375,147.03,10.209866666666668,56020.78597528895,147.03,10.20965,58808.65386132984,147.03,10.216033333333334,53189.53052245,147.03,10.209766666666669,51619.10107778199,147.03,10.2098,48007.07421875,314.05,10.209816666666669,58478.5,147.03,10.216033333333334,58443.35134994047,147.03,10.209833333333334,49943.66783810176,147.03,1.9699870409489897
284,285,#285 113.1000@50.4695 MS1+,1,+,50.4695,9668.611328125,113.1,,,0.8030959365633003,331.00999999999993,50.4695,9110.03899128601,111.08,50.41316666666667,8900.535915482087,252.98,,,,,,,,,,,,,,,,,,,50.50066666666667,7781.198126718084,253.0,,,,50.47583333333333,7276.112881222649,113.05,50.4695,9668.611328125,113.1,,,,50.42550000000001,6554.74183745542,125.04,50.382,8848.065813786314,252.99,,,,50.2755,7612.254193149215,113.09,,,,50.4445,9306.275390625,113.09,50.50083333333334,10146.091796875,125.06,2.0870997460272074
64,65,#65 375.1900@50.8385 MS1+,1,+,50.8385,93876.0234375,375.19,,,0.5959537862909576,375.1973684210527,50.8635,55030.70703125,375.2,50.84483333333333,54161.00436308192,375.19,50.83233333333333,53178.30700564571,291.15,50.86983333333333,49147.3828125,375.19,50.8385,80343.91138133501,375.22,50.8385,80109.04934933815,291.15,50.876,50450.95480417414,291.14,50.86983333333333,51140.99609375,375.2,50.86983333333333,51128.51953125,291.13,50.8385,88293.546875,291.14,50.83233333333333,111197.796875,375.2,50.8385,93876.0234375,375.19,50.85116666666667,74784.19245291191,375.2,50.876,58207.13671875,375.2,50.8635,36834.84712183519,375.2,50.85733333333334,71441.9140625,375.21,50.85733333333334,86138.67221820925,291.13,50.89483333333333,31819.96964104366,291.15,50.826,87949.6171875,291.14,50.85116666666667,66237.32865357348,375.19,2.093524358498247
77,78,#78 321.0900@46.5348 MS1+,1,+,46.53483333333334,31974.61649263856,321.09,,,0.9341445538229428,321.109375,46.71,40265.53201094308,321.1,46.50983333333333,17024.53990525205,321.11,46.50983333333333,58610.78745556751,321.12,46.5285,37427.50284267168,321.1,46.66,54866.37213216483,321.11,46.5535,24879.85011721778,321.12,46.91633333333333,19613.63649189792,321.09,,,,46.828833333333336,21968.639929639947,321.11,46.65983333333334,8532.55859375,207.04,46.75383333333333,30721.26719781251,321.09,46.566,23725.466103794955,321.11,46.44116666666666,61675.307676154014,321.1,46.616,15407.705281832692,321.11,46.87883333333333,11362.216794288395,321.11,46.960166666666666,83806.3828125,321.11,46.53483333333334,31974.61649263856,321.09,46.77883333333333,21660.19992605556,321.11,46.88516666666667,34003.75091326634,321.12,46.553666666666665,45806.425894465705,321.11,2.1820067264841034
72,73,#73 271.1500@46.6913 MS1+,1,+,46.69133333333333,39264.90783032974,271.15,,,0.6360623614806031,271.1675,47.12283333333333,22409.05078125,271.15,46.94766666666667,24668.303071011804,271.17,46.86633333333334,23600.489933563047,271.17,46.4785,9864.171240445954,271.16,,,,,,,46.5035,40865.80774051245,271.15,46.828833333333336,24997.247982935733,271.17,46.960166666666666,24540.56187645706,271.17,46.44716666666667,16054.253846288746,271.15,46.69133333333333,39264.90783032974,271.15,46.891333333333336,38201.89572463987,271.18,46.82899999999999,13012.747241798965,271.16,46.803666666666665,11548.688029341254,271.16,46.391,30338.011619671943,271.17,47.18533333333333,51166.74609375,271.17,46.979,13116.443355509407,271.17,46.9915,13098.990999360683,271.16,46.80383333333334,48410.99733586393,271.15,,,,2.2130083341152527
45,46,#46 127.0200@6.4128 MS1+,1,+,6.4128,208905.90625,127.02,,,0.8803509191029404,127.01923076923076,6.40645,203809.78125,127.03,6.4002,145533.31340175588,127.02,6.406483333333333,205729.46875,127.02,6.419016666666667,200279.7255738009,127.03,6.41275,208687.7665690593,127.03,6.400166666666666,205019.2186445893,127.02,6.412633333333333,182252.87576043155,127.02,6.4002,204358.390625,127.03,6.425183333333334,211123.796875,127.02,6.4002,195911.06653064807,127.01,6.406583333333333,203488.653842511,127.02,6.425183333333334,211301.78125,127.03,6.406583333333333,201391.796875,127.02,6.412633333333333,193563.8987626269,127.02,6.41275,202701.484375,127.03,6.406483333333333,202750.35011980732,127.02,6.419033333333333,191863.4375,127.02,6.4128,208905.90625,127.02,6.419016666666667,179251.3501183328,127.03,6.4003,191748.16162218657,127.02,2.310131251360415
92,93,#93 321.1100@46.7662 MS1+,1,+,46.76616666666666,29311.20734194005,321.11,,,0.8399050429477624,321.11055555555555,46.91016666666667,18801.1568222862,321.1,46.491,25234.96255388047,321.11,46.32833333333333,38991.54747501592,321.12,46.77883333333333,13132.958413545166,321.1,46.785,38946.25193697726,321.11,46.653666666666666,15842.00541247958,321.12,46.716166666666666,10672.683053751098,321.11,46.92266666666667,10710.784672815847,321.12,46.62233333333334,19084.07043504252,321.11,,,,46.79766666666667,14419.245747297811,321.11,46.76616666666666,29311.20734194005,321.11,46.772666666666666,24621.854594608405,321.1,46.641,18027.377737661736,321.11,,,,46.91016666666667,27925.633131263618,321.11,46.491,13557.961298007329,321.11,46.75383333333333,19615.518976321968,321.11,47.0665,29470.66378726138,321.12,46.71633333333333,16621.110383775056,321.11,2.3152192231860895
68,69,#69 113.0600@6.8069 MS1+,1,+,6.806883333333333,86280.7421875,113.06,,,0.4017004692154386,152.007,6.781766666666667,47841.05859375,113.06,,,,,,,6.80685,89233.75422078567,113.05,,,,,,,,,,,,,6.819283333333333,76251.13964906498,152.0,6.7942833333333335,102932.62894336616,113.04,6.800666666666667,100857.28125,113.05,,,,6.806933333333333,85748.79246869386,152.01,,,,,,,6.8068333333333335,163890.05654016614,152.01,,,,6.806883333333333,86280.7421875,113.06,6.80685,81909.79927420264,113.06,6.794383333333333,93653.09375,113.05,2.353078358145008
54,55,#55 152.9600@7.4699 MS1+,1,+,7.469916666666666,148877.6875,152.96,,,0.9680181832135868,152.96125,7.651266666666667,15790.313560151888,153.01,7.451099999999999,136349.6433234352,152.96,7.457383333333333,75581.67734985863,152.96,7.469916666666666,125705.86671017464,152.96,7.469916666666666,148877.6875,152.96,,,,7.4698,155552.734375,152.94,7.651283333333334,12796.002785902096,153.01,7.4761,127017.71875,152.96,7.463616666666667,18325.05716808665,152.95,,,,7.4761,143152.484375,152.95,7.46375,141036.0,152.96,7.463533333333333,119968.65491937003,152.97,,,,7.457383333333333,132167.703125,152.96,7.463683333333334,113247.43297469326,152.95,,,,,,,7.657633333333334,12453.045661300028,153.01,2.385689369672124
145,146,#146 213.1400@24.7473 MS1+,1,+,24.747333333333334,20803.89443654762,213.14,,,0.9423604340189444,213.13285714285712,,,,,,,24.759833333333333,16617.922883422674,213.13,,,,24.7035,14790.2924588496,213.13,,,,24.759666666666664,22329.427734375,213.11,24.6785,15674.884795950584,213.15,,,,,,,,,,,,,,,,24.7785,16955.159465088513,213.12,24.841166666666663,5348.399489630334,213.14,24.78483333333333,18680.441097437928,213.13,24.72233333333333,11507.499193842135,213.15,24.747333333333334,20803.89443654762,213.14,24.7535,30222.254772040505,213.14,,,,2.557898531575264
101,102,#102 404.1800@32.1037 MS1+,1,+,32.10366666666667,58334.17578125,404.18,,,0.1196360635851425,404.18,,,,,,,,,,,,,32.10366666666667,58334.17578125,404.18,32.116,27332.066434310247,404.19,,,,32.109833333333334,51062.3671875,404.18,,,,,,,,,,,,,,,,,,,,,,32.10366666666667,45683.77257825089,404.18,,,,,,,32.16,11359.458984375,404.17,32.122499999999995,34152.10546875,404.18,2.5758397028101423
