,Alignment ID,Average Rt(min),Average Mz,Metabolite name,Adduct type,MS/MS assigned,Reference RT,Reference m/z,Annotation tag (VS1.0),RT matched,m/z matched,MS/MS matched,Total score,RT similarity,Dot product,Reverse dot product,Fragment presence %,01_Brain,01_Heart,01_Liver,01_Muscle,01_Plasma01,02_Brain,02_Heart,02_Liver,02_Muscle,02_Plasma01,03_Brain,03_Heart,03_Liver,03_Muscle,03_Plasma01,VIP
19837,12410,3.881,596.51135,w/o MS2:Cer 13:0;2O/26:6;O,[M+H]+,False,9.36,596.50372,530,True,True,False,74.7,99.9,,,,0,0,0,0,0,0,0,0,0,13111,11610,0,0,0,19015,2.5003126595397838
1052,16656,4.857,760.52795,PC O-36:8,[M+H]+,True,8.48,760.52759,420,True,True,True,100.0,99.9,52.2,85.6,100.0,84676,140759,649589,163108,0,0,149847,712908,147010,0,0,161335,715628,151245,0,2.5016768598292387
23972,25973,6.055,1488.09998,w/o MS2:RIKEN P-VS1 ID-20105 from Mouse_Muscle_fads2KO_N_Ctr,[M+H]+,True,8.85,1488.09192,530,True,True,False,96.4,100.0,,,,0,571975,3984659,0,0,0,610584,4240736,0,0,0,551379,4427361,0,0,2.501694226213751
7245,5233,3.219,330.28375,Unknown,[M+H]+,True,,,999,False,False,False,,,,,,75618,88660,214834,0,0,74560,80877,203570,0,0,67943,80368,209505,0,0,2.5024549653671624
1102,18406,5.121,812.54248,PC O-40:10,[M+H]+,True,8.75,812.5589,420,True,True,True,94.7,99.9,15.3,74.5,100.0,0,10900,0,267846,0,0,206429,0,0,0,929686,0,1111713,0,0,2.5037804530217884
24029,26254,6.314,1522.12634,w/o MS2:RIKEN P-VS1 ID-20375 from Mouse_SmallIntestine_WT_N_Ctr,[M+H]+,False,10.12,1522.1272,530,True,True,False,99.6,99.9,,,,253557,0,97560,0,0,250487,31818,166052,0,0,19187,24751,0,0,0,2.5038971112367707
2281,20299,10.766,869.69873,TG O-53:8|TG O-15:2_19:3_19:3,[M+Na]+,True,14.38,869.69928,410,True,True,True,100.0,99.9,23.7,74.3,100.0,187605,1092144,1256641,1175528,795209,216904,1071904,1251799,1468613,705936,207332,1005743,1184376,1489831,759575,2.506711684871435
2887,582,0.455,147.12112,Unknown,[M+NH4]+,True,,,999,False,False,False,,,,,,1282322,946474,1290854,608411,0,1213091,954453,1372341,674402,46882,1255977,937106,1327984,583364,0,2.5076540194489865
11680,11399,5.795,553.53851,Unknown,[M+H]+,False,,,999,False,False,False,,,,,,0,0,0,0,0,0,0,0,0,0,0,0,0,0,0,2.5090065939772535
4204,1935,0.471,203.08705,Unknown,[M+H]+,True,,,999,False,False,False,,,,,,179110,42692,0,0,0,183529,37643,0,0,0,189287,42834,0,0,0,2.5095702208063813
15738,21610,10.762,911.68665,Unknown,[M+H]+,False,,,999,False,False,False,,,,,,0,186353,211126,0,100927,0,153238,178470,0,83792,0,207618,186399,85961,107872,2.5100330204169503
18379,26795,10.518,1583.41357,Unknown,[M+H]+,False,,,999,False,False,False,,,,,,0,79031,0,0,0,0,108450,0,0,0,0,97475,0,0,0,2.5109221537944517
7491,5530,7.946,341.30673,Unknown,[M+H]+,True,,,999,False,False,False,,,,,,208624,150272,238425,13068,12562,201320,157658,240569,17214,20650,196863,158900,227181,13717,19283,2.5122967291298215
17781,25903,9.835,1478.01746,Unknown,[M+H]+,False,,,999,False,False,False,,,,,,0,0,21483,0,0,0,0,21271,0,0,0,0,26256,0,0,2.512312364293336
3163,871,9.868,163.14813,Unknown,[M+H]+,False,,,999,False,False,False,,,,,,0,26359,0,0,0,0,26374,19991,12467,75384,0,30197,20587,0,0,2.517062768017702
487,19762,7.043,851.63922,DG 52:10,[M+Na]+,True,13.37,851.6524,420,True,True,True,96.1,99.8,41.9,75.0,100.0,419819,44496,44691,54117,0,0,59210,45470,53252,146622,373297,50105,40258,59321,131584,2.517597575660009
9509,8081,3.608,429.24026,Unknown,[M+Na]+,True,,,999,False,False,False,,,,,,724495,788338,0,0,954099,900289,776669,886008,658305,827487,821020,764649,765898,756560,809130,2.518340612261977
1106,18774,6.407,822.6402,PC O-40:5,[M+H]+,True,11.08,822.63708,420,True,True,True,100.0,99.9,86.6,85.7,100.0,425762,503238,846359,164451,399396,345466,474270,940130,140792,399832,438125,489649,869187,150733,433656,2.5186338350799176
20985,18023,6.101,802.62018,w/o MS2:HexCer 16:0;2O/26:5;O,[M+2H]2+,False,10.21,802.61908,530,True,True,False,99.4,99.9,,,,1705350,2878920,0,3459964,2482222,0,2544170,0,3489811,2434108,1570732,2600480,0,3559719,2384082,2.5196129433509236
2808,502,0.427,144.10199,Unknown,[M+H]+,True,,,999,False,False,False,,,,,,0,184366,0,0,5896188,0,178203,0,0,5888444,0,190846,56598,0,5896560,2.519998998003978
11953,11871,5.88,573.53748,Unknown,[M+H]+,False,,,999,False,False,False,,,,,,0,0,0,70251,0,0,0,0,62503,0,0,0,0,65086,0,2.520325916554367
6743,4650,10.943,308.20706,Unknown,[M+H]+,True,,,999,False,False,False,,,,,,0,0,0,0,0,0,0,0,0,0,0,0,0,0,0,2.5211011348167522
8813,7181,0.625,399.20059,Unknown,[M+NH4]+,False,,,999,False,False,False,,,,,,0,0,0,33495,0,0,0,0,62418,0,0,0,0,50718,0,2.521535821273776
8896,7290,2.976,403.1543,Unknown,[M+H]+,True,,,999,False,False,False,,,,,,0,21312,61757,0,16229,4322,23189,58518,0,14903,0,21711,59665,0,17119,2.526024286422226
19257,6800,5.539,384.34735,w/o MS2:Cer 12:0;2O/11:0;O,[M+H]+,False,7.04,384.3472,530,True,True,False,100.0,100.0,,,,0,0,0,0,98215,0,0,0,0,0,0,0,82978,0,0,2.5264094642390504
23512,21066,7.062,893.6286,w/o MS2:RIKEN P-VS1 ID-14952 from Mouse_Brain_WT_N_F1DHA,[M+H]+,False,10.93,893.62372,530,True,True,False,88.8,99.9,,,,94422,43508,36928,75744,113358,97990,42354,0,80001,116556,105691,25751,31891,63330,115698,2.5267122912641016
22945,21272,5.781,900.57172,w/o MS2:PS 43:6,[M+H]+,True,8.95,900.57251,530,True,True,False,99.9,100.0,,,,64038,195820,320574,545042,133294,42422,218880,357598,508718,1965070,51118,207329,331180,493874,125124,2.527457046628176
17647,25715,4.872,1446.13696,Unknown,[M+H]+,True,,,999,False,False,False,,,,,,0,0,6892,0,0,21563,0,0,0,0,0,0,0,0,0,2.528741658323979
6678,4582,2.851,305.24826,Unknown,[M+H]+,False,,,999,False,False,False,,,,,,5517,0,25078,0,0,6010,0,23710,0,0,6678,0,25000,0,0,2.531415106593123
18885,27450,10.896,1698.4812,Unknown,[M+H]+,False,,,999,False,False,False,,,,,,0,66271,0,0,0,0,22654,0,0,0,0,88834,0,0,0,2.5315469806319557
2004,20577,10.49,877.72461,TG 52:4|TG 16:0_16:0_20:4,[M+Na]+,True,14.29,877.72559,410,True,True,True,100.0,99.9,71.0,74.8,100.0,152961,8793568,6589321,29313564,1112849,878418,9045099,1091561,31771016,17270714,908778,8973356,6823628,31991314,1127171,2.5315550096639523
25296,16915,9.725,767.5968,w/o MS2:SL 12:1;O/32:4;O,[M+H]+,False,11.19,767.59662,530,True,True,False,100.0,100.0,,,,0,31095,18176,0,0,0,22820,16333,0,0,0,31099,0,0,0,2.5317086578325445
18359,26768,10.469,1580.39709,Unknown,[M+Na]+,False,,,999,False,False,False,,,,,,0,87381,0,0,0,0,228904,13381,0,0,0,148123,0,0,0,2.532175792028576
7952,6080,3.856,360.32312,Unknown,[M+Na]+,True,,,999,False,False,False,,,,,,114506,322378,813350,65046,1153240,143128,319257,765788,66621,1162784,122287,364669,887741,70050,1130482,2.5327778553851776
23557,21559,5.481,909.55145,w/o MS2:RIKEN P-VS1 ID-15518 from Mouse_Feces_WT_ABX_Ctr,[M+H]+,False,12.49,909.54901,530,True,True,False,97.1,99.7,,,,104762,87639,0,119814,150496,0,86777,0,95980,145367,138155,91358,0,136730,150708,2.5328815156496116
13197,14248,6.593,672.70123,Unknown,[M+H]+,True,,,999,False,False,False,,,,,,145051,149700,139313,100213,80828,141966,144478,143391,110014,96850,130037,139386,126104,100977,86566,2.5331887891591207
12677,13117,9.708,625.5188,Unknown,[M+H]+,True,,,999,False,False,False,,,,,,8957,55017,91496,129737,0,0,42445,87733,19485,0,0,47542,97041,0,0,2.5336151384875008
1023,15944,4.906,736.52686,PC O-34:6,[M+H]+,True,8.86,736.52759,420,True,True,True,99.2,99.9,27.1,58.4,100.0,0,1453363,1753380,0,0,0,1534104,808165,0,0,0,1489206,1056163,0,0,2.5336737542472942
17911,26090,9.533,1502.34253,Unknown,[M+H]+,True,,,999,False,False,False,,,,,,262053,283480,266285,159615,241211,294480,300913,257601,149843,238630,257885,288562,278711,156846,253551,2.5341056135960174
15652,21308,6.463,901.64172,Unknown,[M+Na]+,False,,,999,False,False,False,,,,,,0,17119,0,71504,211620,0,17217,0,65777,204757,0,0,0,75618,231509,2.535572221163293
14028,16286,5.208,747.51953,Unknown,[M+H]+,False,,,999,False,False,False,,,,,,0,0,253859,0,0,0,35036,283048,0,0,0,0,251917,0,0,2.5375293958198584
23314,4772,2.556,312.36316,w/o MS2:RIKEN P-VS1 ID-1305 from Blank,[M+H]+,True,6.97,312.36292,530,True,True,False,100.0,99.9,,,,40748,38139,154031,160424,47832,197320,30505,147955,173014,45756,45011,36974,150765,179339,51858,2.540150152328453
24191,26906,5.918,1596.18848,w/o MS2:RIKEN P-VS1 ID-21003 from Mouse_AdrenalGlands_fads2KO_N_Ctr,[M+H]+,False,9.94,1596.18555,530,True,True,False,95.8,99.9,,,,0,0,0,0,0,0,0,0,0,0,0,0,0,0,0,2.5403581641104327
16081,22827,7.739,963.6319,Unknown,[M+NH4]+,False,,,999,False,False,False,,,,,,17630,47077,95902,18434,35192,13250,45014,94082,26105,35754,11582,52261,92703,0,29513,2.540500987502785
23450,20571,7.075,877.64227,w/o MS2:RIKEN P-VS1 ID-14430 from Mouse_Ear_fads2KO_N_Ctr,[M+H]+,False,13.59,877.63849,530,True,True,False,93.1,99.8,,,,119266,386612,518969,116319,317037,120105,392243,572560,110376,372322,106353,370572,516315,119813,334071,2.5406677956317147
11493,11071,3.377,541.13898,Unknown,[M+H]+,True,,,999,False,False,False,,,,,,0,14777,26515,0,0,5751,11550,0,0,0,0,15467,32980,0,6066,2.5415824956361077
20685,24560,5.957,1164.1344,w/o MS2:DG 73:1,[M+Na]+,True,16.0,1164.12195,530,True,True,False,86.7,99.5,,,,607593,0,0,0,396666,0,0,0,780990,364755,0,0,0,0,0,2.541801837736154
16105,22907,7.803,967.63922,Unknown,[M+H]+,False,,,999,False,False,False,,,,,,0,6166,0,0,0,0,0,0,0,0,0,0,0,0,0,2.5427392374263946
1164,16738,5.246,762.50769,PE 36:4,[M+Na]+,True,8.86,762.50439,420,True,True,True,96.6,99.9,19.2,51.2,100.0,54856,0,0,0,0,55885,0,0,0,0,674306,0,0,0,0,2.544102430174616
1575,12581,5.263,603.53656,RIKEN P-VS1 ID-5863 from Mouse_Adipose_WT_N_F1AA,[M+H]+,True,14.76,603.5343,430,True,True,True,91.4,99.5,83.2,89.9,100.0,0,0,0,0,0,381474,0,0,0,0,335691,0,0,0,0,2.5460300336679587
6893,4804,9.987,313.28873,Unknown,[M+H]+,False,,,999,False,False,False,,,,,,0,0,0,0,77795,0,0,0,0,0,0,0,0,0,0,2.547667331798147
15238,19876,4.958,855.51801,Unknown,[M+H]+,False,,,999,False,False,False,,,,,,0,0,0,0,27660,0,0,0,0,18835,0,0,0,0,15167,2.548207632414908
1740,18813,7.42,823.66962,SM 41:1;2O,[M+Na]+,True,12.72,823.66632,420,True,True,True,100.0,99.9,88.5,94.3,100.0,0,2475607,7242974,87665,447427,0,2433356,7164524,102533,399980,0,2568253,6970954,102996,389704,2.5494220165300656
1333,17112,3.862,774.56512,RIKEN P-VS1 ID-10248 from Mouse_Ear_fads2KO_N_Ctr,[M+H]+,True,8.48,774.57098,430,True,True,True,72.5,99.9,46.8,84.2,66.7,0,97818,0,21594,0,0,132937,59287,0,0,6677,84967,0,0,0,2.5509859295637742
1762,19130,6.465,833.65283,SM 42:3;2O,[M+Na]+,True,11.33,833.6507,420,True,True,True,100.0,99.9,91.2,95.3,100.0,269802,516664,139848,505841,1585813,136655,502653,160850,458696,1627099,0,508168,145240,493991,1616306,2.551753332948803
804,16199,4.976,744.55634,PC 33:2|PC 15:0_18:2,[M+H]+,True,8.89,744.55377,410,True,True,True,100.0,99.9,86.1,75.8,100.0,445847,3590519,11004242,2176217,1615416,496825,3537993,11823242,2111781,1616733,515894,3607079,10951235,2211817,1507290,2.5523506814739694
25492,18228,9.732,807.62854,w/o MS2:SL 13:1;O/34:5;O,[M+H]+,False,12.23,807.62793,530,True,True,False,99.8,100.0,,,,0,19741,0,0,0,0,13415,0,0,0,0,20497,0,0,0,2.5525545490508192
2708,402,3.413,140.06815,Unknown,[M+H]+,True,,,999,False,False,False,,,,,,195565,403761,685231,0,370384,190231,448870,700830,0,323441,156444,407673,713989,0,303825,2.554956228616273
5169,2921,5.383,236.16777,Unknown,[M+H]+,False,,,999,False,False,False,,,,,,513468,0,0,217904,0,485548,0,0,235736,0,529959,294715,0,209219,0,2.555947750910049
1294,21494,4.694,907.53424,PI 38:5,[M+Na]+,True,8.24,907.5307,410,True,True,True,100.0,99.9,65.6,90.5,100.0,423077,121443,132218,41736,14252,415565,59217,126464,41211,13809,409131,118552,128187,45098,16175,2.5568374365793685
1350,17750,4.513,793.5025,RIKEN P-VS1 ID-11002 from Mouse_Lung_WT_N_F1AA,[M+H]+,True,8.34,793.49323,430,True,True,True,73.8,99.9,69.0,66.1,41.7,0,133631,406606,0,0,25280,138393,403736,0,0,195186,152228,427151,19703,13418,2.557895432475089
994,15020,5.107,702.54565,PC O-31:2,[M+H]+,True,9.01,702.54321,420,True,True,True,99.2,99.9,79.8,81.5,100.0,0,573425,1821253,0,0,0,566798,1946349,0,0,0,570922,1741935,0,0,2.5581199090891706
18220,26581,10.03,1558.40564,Unknown,[M+Na]+,True,,,999,False,False,False,,,,,,201262,328632,236253,0,192624,212083,320276,215027,0,214398,200154,297926,231455,0,202831,2.5589978306783374
17652,25722,9.061,1447.9635,Unknown,[M+H]+,False,,,999,False,False,False,,,,,,0,19115,12481,0,0,0,21324,5478,0,0,0,19643,9904,0,0,2.559480611366628
22695,21557,5.767,909.54413,w/o MS2:PI 38:4,[M+H]+,False,8.45,909.54639,530,True,True,False,97.5,100.0,,,,0,109988,119742,0,0,0,125910,0,0,0,0,116471,127520,0,0,2.5621603420691987
3620,1342,0.456,185.12891,Unknown,[M+NH4]+,True,,,999,False,False,False,,,,,,0,0,0,0,0,0,0,0,0,0,0,0,0,0,251241,2.5633563209170664
1134,19509,6.364,844.62286,PC O-42:8,[M+H]+,True,10.28,844.62152,420,True,True,True,100.0,99.9,15.0,82.8,100.0,0,104685,201860,0,47942,0,31549,202633,11332,47704,0,102333,202429,12703,41649,2.5646218940087135
92,9069,2.249,466.39078,CAR 21:2,[M+H]+,True,6.74,466.3891,410,True,True,True,100.0,99.9,52.6,87.2,100.0,0,155486,52374,0,0,0,155207,50043,0,0,0,153713,47756,0,0,2.564955266212374
16136,23007,7.74,973.66229,Unknown,[M+H]+,False,,,999,False,False,False,,,,,,75001,129472,283564,70537,100759,78501,126547,321621,72484,79143,73987,132115,294428,62948,96892,2.5652094683950915
2166,22460,9.785,944.77502,TG 58:10|TG 16:0_20:4_22:6,[M+NH4]+,True,13.9,944.7702,410,True,True,True,100.0,99.9,37.2,93.2,100.0,0,0,74978,276484,166849,0,0,74790,272105,159674,21616,0,73263,248418,163256,2.566253469367069
1118,18902,6.466,826.57196,PC O-41:10,[M+H]+,True,9.0,826.57452,420,True,True,True,100.0,100.0,50.2,87.9,100.0,504816,190665,0,95927,143620,489407,206616,0,84252,154306,462955,206732,0,107328,136471,2.566616871785851
1033,16356,4.778,750.54297,PC O-35:6,[M+H]+,True,9.13,750.54321,420,True,True,True,97.1,99.9,69.9,75.6,100.0,0,114209,271761,0,0,0,117265,295218,0,0,0,109936,287565,0,0,2.567572334734847
14764,18399,5.517,812.49695,Unknown,[M+H]+,False,,,999,False,False,False,,,,,,0,0,0,86081,58976,0,0,0,0,65024,0,0,0,0,78271,2.5704745986263653
25552,19511,5.896,844.65436,w/o MS2:SL 15:1;O/36:6;O,[M+H]+,False,12.95,844.64832,530,True,True,False,83.3,99.8,,,,0,0,0,0,0,0,0,0,0,0,0,0,0,0,0,2.571595579609128
1061,17306,5.675,780.59326,PC O-37:5,[M+H]+,True,9.84,780.59021,420,True,True,True,100.0,99.9,86.8,85.7,100.0,0,6964798,10511064,3794654,257587,0,7216296,11398857,3849599,266635,0,6975738,11008636,3939817,254058,2.5733586372967387
21575,9006,0.516,464.28543,w/o MS2:LPE 17:2,[M+NH4]+,False,5.86,464.27719,530,True,True,False,71.2,99.9,,,,17996,33767,227500,84788,7868,19724,33401,215752,90186,7914,14577,31295,205995,90770,12090,2.5737306775480504
493,19885,10.6,855.68317,DG 52:8,[M+Na]+,True,13.59,855.68372,420,True,True,True,100.0,100.0,68.6,75.0,100.0,0,0,281671,0,0,0,0,257571,0,0,0,0,0,0,0,2.576250373260736
15116,19469,6.035,843.52502,Unknown,[M+H]+,False,,,999,False,False,False,,,,,,0,0,0,12556,0,0,0,0,14029,13127,0,0,0,0,19634,2.5763418632747475
22761,23641,7.413,1027.63184,w/o MS2:PI 47:8,[M+Na]+,False,9.55,1027.62463,530,True,True,False,77.2,100.0,,,,7917,82200,139441,0,31368,0,87287,127744,0,28320,0,89267,119410,0,27455,2.5779749500461375
6227,4074,3.228,286.25739,Unknown,[M+H]+,True,,,999,False,False,False,,,,,,0,82700,165821,0,0,0,74411,155281,0,0,0,74721,159040,0,0,2.58105507444271
5440,3218,0.506,251.18636,Unknown,[M+H]+,True,,,999,False,False,False,,,,,,21905,22634,36926,96769,81220,21826,25142,33890,104334,89683,0,22737,35215,87560,78520,2.5833494008133466
1849,17859,10.729,796.73792,TG 46:0|TG 14:0_16:0_16:0,[M+NH4]+,True,14.28,796.73889,410,True,True,True,100.0,99.9,80.7,85.2,100.0,76403,42979540,6272460,15107293,3335634,82271,68042760,6058251,15164202,3433123,89688,58128612,6233883,14685951,3426727,2.5836227447982605
22088,18873,5.783,825.61615,w/o MS2:NAOrn 22:6;O(FA 26:6),[M+Na]2+,True,10.74,825.61401,530,True,True,False,99.2,99.9,,,,322755,1969570,0,3753988,2742620,437398,2317191,0,3304612,2705927,462411,2156620,0,3275871,2709310,2.585069987313841
15215,19761,5.963,851.63293,Unknown,[M+H]+,True,,,999,False,False,False,,,,,,1543623,1691992,0,2177882,1564457,1741096,1685189,0,2245365,1598625,1465064,1757549,0,2229870,1594352,2.586102648250514
27080,20618,10.361,878.81567,w/o MS2:TG 8:0_8:0_36:1,[M+H]+,True,14.93,878.81708,530,True,True,False,99.7,99.9,,,,0,0,425135,2502594,246056,0,1090290,394470,0,0,0,1077218,0,0,0,2.586147332202899
24636,13864,6.116,657.5813,w/o MS2:RIKEN P-VS1 ID-6973 from Mouse_Ear_fads2KO_N_Ctr,[M+H]+,False,13.55,657.58087,530,True,True,False,99.9,99.7,,,,56202,0,0,0,0,54463,0,0,0,0,64180,0,0,0,0,2.5863683177195007
18659,27178,10.733,1632.43005,Unknown,[M+Na]+,False,,,999,False,False,False,,,,,,0,1701426,573491,584876,0,0,1935692,560545,749135,0,0,1668078,497459,555539,0,2.5877567022022823
990,14677,4.77,688.52991,PC O-30:2,[M+H]+,True,8.68,688.52759,420,True,True,True,80.8,99.9,60.8,48.8,83.3,0,49418,0,0,0,0,51336,147067,0,0,0,57427,0,0,0,2.588275869867139
18214,26569,10.012,1557.39307,Unknown,[M+H]+,False,,,999,False,False,False,,,,,,0,0,0,0,0,0,0,0,0,0,0,0,0,0,0,2.588970249514631
1009,15775,5.675,730.57648,PC O-33:2,[M+H]+,True,9.65,730.57452,420,True,True,True,100.0,99.9,83.2,84.4,100.0,0,4021819,13719489,180768,0,139710,3943656,15196863,139363,0,0,4005235,14526358,149796,0,2.5890613123363315
2254,13197,6.944,629.51434,TG O-35:2|TG O-15:2_10:0_10:0,[M+Na]+,True,11.54,629.51147,410,True,True,True,100.0,99.9,58.7,74.8,100.0,0,242388,311878,0,28007,0,265907,310510,0,0,0,254081,367659,0,0,2.592130134599566
5285,3049,0.637,242.12065,Unknown,[M+H]+,False,,,999,False,False,False,,,,,,258457,0,250744,0,259076,289660,0,262062,361323,0,284266,264457,289466,0,267035,2.5927267118054727
1470,24846,5.928,1201.38184,RIKEN P-VS1 ID-18885 from Mouse_Plasma_ApoEKO_N_Ctr,[M+2H]2+,True,10.21,1201.3761,430,True,True,True,89.6,99.9,74.6,92.9,100.0,0,188097,1095836,260789,630724,0,167790,802843,222338,552157,0,169602,923424,261577,557138,2.59442639440476
902,18258,5.936,808.58447,PC 38:5|PC 18:0_20:5,[M+H]+,True,9.28,808.58508,410,True,True,True,100.0,99.9,85.2,74.2,100.0,2589558,15246810,19428650,17676028,22865996,2812428,16213805,18792192,16241258,22922256,2727783,15322383,19446356,17067414,22622608,2.5950888855017373
26703,20820,6.392,884.67517,w/o MS2:TG 8:0_16:4_30:8,[M+H]+,False,13.06,884.67627,530,True,True,False,99.4,99.8,,,,0,105784,88520,171225,154944,0,125316,87622,150536,161219,0,110817,79300,185306,135980,2.5952015338286656
341,13519,7.346,643.53003,DG 36:2,[M+Na]+,True,12.17,643.52722,420,True,True,True,100.0,99.9,74.6,75.0,100.0,180003,4358262,15472260,1243063,1456262,185200,4256500,15639796,1059429,1485831,179392,4222090,15324196,1252941,1433459,2.5986232883652383
24182,26870,10.017,1591.38708,w/o MS2:RIKEN P-VS1 ID-20964 from Mouse_WAT_fads2KO_N_Ctr,[M+H]+,False,13.67,1591.38257,530,True,True,False,90.3,99.9,,,,0,43386,13781,0,0,0,34440,22786,0,0,0,58689,18935,0,0,2.5989213678404286
25709,21730,6.595,915.7641,w/o MS2:SL 20:1;O/36:6,[M+Na]+,False,13.72,915.75818,530,True,True,False,83.9,99.7,,,,58994,23340,43833,0,0,51604,18984,41979,0,0,52832,15518,45866,7709,8252,2.6029504471313425
20319,13902,9.732,659.50641,w/o MS2:CoQ7,[M+H]+,False,10.75,659.50342,530,True,True,False,95.6,100.0,,,,0,67184,32559,0,0,0,53658,19929,0,0,0,68976,39835,0,0,2.6039530496150207
24430,10354,2.233,513.34625,w/o MS2:RIKEN P-VS1 ID-4419 from Mouse_Feces_WT_N_Ctr,[M+H]+,False,3.49,513.35309,530,True,True,False,79.2,100.0,,,,0,5037,30533,0,0,0,0,34788,0,0,0,0,34623,0,0,2.605765416044137
466,19004,10.554,829.66797,DG 50:7,[M+Na]+,True,13.48,829.66803,420,True,True,True,100.0,100.0,33.3,75.0,100.0,0,0,0,0,0,0,0,85577,0,0,0,0,114388,0,0,2.6065974393981017
27255,21729,9.905,915.7403,w/o MS2:TG 8:0_9:0_38:6,[M+H]+,False,14.19,915.74121,530,True,True,False,99.6,99.9,,,,0,112152,0,0,0,0,111073,0,0,0,0,119296,0,0,0,2.609936991922322
22064,8101,4.48,429.37418,w/o MS2:NAOrn 19:0;O,[M+H]+,True,6.86,429.36871,530,True,True,False,86.1,100.0,,,,0,299735,203953,160984,0,0,307594,215004,0,295703,0,296589,226209,154789,0,2.613366039916932
777,55,0.456,123.05529,Nicotinamide,[M+H]+,True,1.7,123.05529,430,True,True,True,80.6,100.0,68.9,80.8,57.1,1774713,2151430,5127844,976157,0,1795241,2076259,5095846,1013618,0,1811021,2119536,4877656,988762,0,2.6134498784439977
283,17797,6.372,794.7124,Cer 52:7;3O|Cer 18:1;2O/34:6;O,[M+H]+,True,13.09,794.70209,410,True,True,True,100.0,99.8,15.8,89.9,100.0,17132252,7683688,8785164,5201845,3396307,17378736,7823472,9828389,4978384,3466217,17765800,7366956,9560276,5425173,3393716,2.614180567766752
20315,8785,9.86,455.31818,w/o MS2:CoQ4,[M+H]+,False,6.04,455.31561,530,True,True,False,96.8,99.9,,,,0,108285,58947,24421,0,0,96392,46421,23603,0,0,96750,60906,35075,0,2.6155684670666637
22922,20600,6.486,878.58618,w/o MS2:PS 41:3,[M+H]+,True,9.68,878.5882,530,True,True,False,98.9,99.9,,,,1050134,290479,1490190,345118,634879,865609,282582,1422850,338618,651155,984053,267996,1525543,342956,641402,2.617545708832278
13512,14984,6.211,701.40808,Unknown,[M+H]+,True,,,999,False,False,False,,,,,,181277,494646,362590,1495988,1229280,155510,548386,351407,1523976,1239921,172805,451333,386318,1648436,1184873,2.6187133712236887
15245,19901,10.035,855.8205,Unknown,[M+H]+,True,,,999,False,False,False,,,,,,1659675,2046063,1838593,1697178,2472664,1694256,2040509,1524567,1771006,2507729,1669997,1870718,1895009,1484424,2504808,2.6255627950850333
7363,5381,0.76,337.10498,Unknown,[M+Na]+,True,,,999,False,False,False,,,,,,0,8922,12390,165012,25446,9656,6138,0,160281,25854,6461,10757,9115,170451,28789,2.6256705304136503
857,17447,6.34,784.58746,PC 36:3|PC 18:1_18:2,[M+H]+,True,9.33,784.58508,410,True,True,True,100.0,99.9,82.4,74.7,100.0,6283168,927983,147119,533471,158805,5755151,993784,1987300,523983,150165,5906828,1015882,2063130,495421,144347,2.627584905939787
21446,10680,2.41,526.28754,w/o MS2:LPC 17:3,[M+Na]+,False,5.56,526.29041,530,True,True,False,96.0,100.0,,,,289625,815735,1563828,49783,71236,314411,925647,1591821,29651,76138,304517,849739,1530277,62044,87200,2.6282792948938045
25253,15162,6.2,707.49396,w/o MS2:SL 12:1;O/28:6;O,[M+H]+,True,8.21,707.50269,530,True,True,False,79.0,100.0,,,,631293,835912,882741,2873584,1838031,630056,866230,959128,2876532,1937050,627947,887594,877811,2772745,1859636,2.631789719252857
7145,5118,3.657,326.28873,Unknown,[M+NH4]+,True,,,999,False,False,False,,,,,,371465,156296,173020,0,0,393462,160811,202466,0,0,410328,170910,204280,0,0,2.63508006210316
49,17493,10.032,785.74176,1_TG 14:0-17:1-14:0-d5_ISTD_[M+NH4]+,[M+Na]+,True,10.07,785.73883,annotated by user-defined text library,True,True,False,96.4,92.9,,,,11424073,13635734,11957757,17795860,12149409,12256713,13064650,10925390,16899360,12296162,11562746,13161490,11762742,17184120,12202817,2.6385343982667435
21535,9010,2.391,464.315,w/o MS2:LPC O-15:2,[M+H]+,False,5.82,464.3136,530,True,True,False,99.0,99.9,,,,36630,161792,392138,0,0,29036,155408,333252,0,0,28356,131848,319241,0,0,2.639147253740004
1056,17596,5.691,788.66296,PC O-37:1,[M+H]+,True,12.6,788.65277,420,True,True,True,92.0,99.8,29.6,81.4,100.0,0,804603,703618,1125544,22402,249367,741836,698309,1026921,610437,88302,796447,687240,1100680,587822,2.6392908926305383
21719,4817,0.532,314.23383,w/o MS2:NAGly 15:1;O,[M+H]+,True,4.73,314.2326,530,True,True,False,100.0,99.9,,,,6733,21074,40859,170082,545299,0,23147,42232,161067,526236,0,22846,36410,143391,538053,2.6402424455488522
21496,15183,5.183,708.49493,w/o MS2:LPC 30:3,[M+H]+,False,8.48,708.4939,530,True,True,False,99.5,100.0,,,,0,153470,88133,0,0,0,0,104460,0,0,0,132789,0,0,0,2.6417484400003532
25104,11965,9.731,577.42786,w/o MS2:SL 12:1;O/18:1;O,[M+H]+,False,7.32,577.4245,530,True,True,False,94.5,100.0,,,,0,97742,51747,0,0,0,82918,51330,20262,0,0,84300,49339,20689,0,2.6431875354956387
20529,19886,5.63,855.68445,w/o MS2:DG 52:8,[M+H]+,False,13.59,855.68372,530,True,True,False,99.7,99.7,,,,29810,0,0,0,33412,20224,0,0,0,27019,20724,0,0,30325,22798,2.6464866449300435
1689,16715,9.535,761.65948,SM 38:0;2O,[M+H]+,True,11.45,761.65308,420,True,True,True,91.3,100.0,35.8,71.1,100.0,222771,257000,235501,169027,277321,250919,247389,240398,172646,256439,247352,247455,229965,191618,244689,2.6471405500894045
25430,14218,9.726,671.50623,w/o MS2:SL 13:1;O/24:3;O,[M+H]+,False,8.37,671.50269,530,True,True,False,93.9,100.0,,,,11982,124675,70102,32534,0,7919,125412,64227,37508,0,0,109959,60360,26486,0,2.649183229527593
1889,18717,10.368,820.73871,TG 48:2|TG 14:0_16:0_18:2,[M+NH4]+,True,14.08,820.73889,410,True,True,True,100.0,99.9,63.9,94.4,100.0,95840,26925052,11287647,310316512,5730476,98766,25852252,11313106,310329952,5392328,0,25887886,10941214,321664096,5393612,2.649453554642151
23283,19125,8.907,833.58435,w/o MS2:RIKEN P-VS1 ID-12734 from Mouse_Macrophage_WT_N_F1AA,[M+H]+,False,9.91,833.58582,530,True,True,False,98.9,100.0,,,,0,25024,78771,0,0,0,22103,68379,0,0,0,25338,81917,0,0,2.6539154562868483
25419,13556,9.726,645.48883,w/o MS2:SL 13:1;O/22:2;O,[M+H]+,False,7.97,645.48712,530,True,True,False,98.6,100.0,,,,9367,89067,69438,21366,0,0,94161,56134,17718,0,9748,101009,60041,24400,0,2.6547611032443434
1758,19209,7.057,835.66882,SM 42:2;2O,[M+Na]+,True,12.58,835.66632,420,True,True,True,100.0,99.8,91.0,95.2,100.0,15187439,227243,326239,160519,3636426,16350637,1285150,1184039,1703280,3579266,15754745,1306118,1164282,1731903,3449616,2.655414657606453
108,3129,0.476,246.17062,CAR 5:0,[M+H]+,True,0.68,246.17,410,True,True,True,100.0,100.0,40.2,87.3,100.0,0,243097,0,94022,123677,0,254758,0,107944,133157,0,249684,0,134277,130380,2.6558784612878825
1567,12532,4.768,601.52124,RIKEN P-VS1 ID-5826 from Mouse_Feces_WT_N_Ctr,[M+H]+,True,12.88,601.51538,430,True,True,True,80.7,99.7,61.1,88.0,100.0,151256,337098,698251,0,27534,73096,329981,791054,0,23356,111746,329844,753250,0,27721,2.6577308478219677
26288,7088,9.84,395.3688,w/o MS2:ST 29:2;O,[M+H]+,False,9.46,395.36719,530,True,True,False,98.7,100.0,,,,0,63847,0,0,0,0,0,0,0,0,0,0,0,0,0,2.6578397661254822
22759,23612,4.83,1024.68469,w/o MS2:PI 47:7,[M+H]+,False,10.37,1024.68494,530,True,True,False,100.0,99.8,,,,0,0,0,23622,26642,0,0,0,20528,26724,0,0,0,19119,23007,2.657938617981561
15325,20186,5.71,865.58344,Unknown,[M+H]+,True,,,999,False,False,False,,,,,,0,434393,1300224,0,0,0,452028,1406964,28755,0,24581,396037,1450254,28818,21396,2.6594733095903633
21808,20296,5.976,869.67371,w/o MS2:NAGly 26:6;O(FA 28:6),[M+Na]+,False,12.39,869.67657,530,True,True,False,96.0,99.8,,,,193577,533632,393334,91288,0,205356,518361,451448,106918,0,167442,514176,426322,102102,0,2.6612150697756474
340,13455,7.919,640.59027,DG 36:1|DG 18:0_18:1,[M+NH4]+,True,12.94,640.58752,410,True,True,True,100.0,99.9,75.4,89.8,100.0,887483,777759,1189449,59690,55784,912675,720280,1142203,49358,57945,952327,728146,1220269,57476,50118,2.664597683661183
7191,5172,10.089,327.30453,Unknown,[M+H]+,False,,,999,False,False,False,,,,,,0,46549,27040,0,117217,0,55175,17588,0,19622,0,43258,24302,0,105001,2.6652024905546865
20321,15681,9.579,727.56683,w/o MS2:CoQ8,[M+H]+,True,12.49,727.56598,530,True,True,False,99.8,99.9,,,,0,44895,35144,0,0,0,63399,26768,0,0,0,34027,22278,0,0,2.6659404837349308
20316,10610,9.729,523.38037,w/o MS2:CoQ5,[M+H]+,False,7.34,523.37817,530,True,True,False,97.6,100.0,,,,0,85532,43125,0,0,0,84988,37360,16865,0,4974,70379,52275,18844,0,2.666822292180706
1887,18948,10.745,827.71014,TG 48:1|TG 14:0_16:0_18:1,[M+Na]+,True,14.28,827.7099,410,True,True,True,100.0,99.9,69.3,74.8,100.0,521058,15173800,13297552,7150604,5869928,552670,15071165,13094401,7439207,5832512,526794,14685854,12337442,7394140,5928245,2.669832951607926
2227,23558,12.048,1018.9729,TG 62:1|TG 16:0_28:0_18:1,[M+NH4]+,True,17.28,1018.97357,410,True,True,True,100.0,99.8,26.5,80.9,100.0,0,567339,44358,194340,17992,8512,751844,31777,207778,19880,5187,257018,37762,191268,22486,2.6704610408847933
2296,21250,11.53,899.74573,TG O-55:7|TG O-21:5_17:1_17:1,[M+Na]+,True,14.73,899.74628,410,True,True,True,100.0,99.9,29.0,74.3,100.0,630730,942491,1035939,765077,673310,646025,1104399,945855,839459,671043,617863,1042662,1041900,710054,653914,2.6706608032066055
2209,22965,9.94,970.7887,TG 60:11|TG 16:0_22:5_22:6,[M+NH4]+,True,14.0,970.78583,410,True,True,True,100.0,99.9,28.3,76.5,100.0,13104,0,0,132835,88803,10941,0,0,113134,91475,0,0,19586,116393,101134,2.6717356752230104
1573,12579,6.12,603.5343,RIKEN P-VS1 ID-5863 from Mouse_Adipose_WT_N_F1AA,[M+H]+,True,14.76,603.5343,430,True,True,True,90.6,99.6,83.4,87.5,90.0,1080537,1644517,6860204,0,0,1050445,1564826,6895314,200464,33887,1021708,1519975,7534671,214950,0,2.675205093665645
14455,17462,9.95,784.73529,Unknown,[M+H]+,True,,,999,False,False,False,,,,,,260829,339650,271023,279221,297918,295471,0,292466,277183,303904,0,334973,0,297254,294351,2.6752550621256206
23987,26081,10.086,1502.00647,w/o MS2:RIKEN P-VS1 ID-20208 from Mouse_Kidney_fads2KO_N_Ctr,[M+H]+,False,13.45,1502.00049,530,True,True,False,83.6,99.9,,,,8011,0,0,0,0,10786,0,0,0,0,0,6308,0,0,0,2.67706157483623
10979,10252,5.416,509.50586,Unknown,[M+H]+,True,,,999,False,False,False,,,,,,16834,19723,0,417618,94813,10755,0,0,417918,84865,16665,0,0,479953,91938,2.6774740900824763
25923,14561,6.206,685.43829,w/o MS2:SM 32:7;2O,[M+Na]+,True,6.61,685.43158,530,True,True,False,91.3,100.0,,,,1906247,3581528,3340882,12691506,9130915,1860332,3602972,3448790,12514068,9367242,1912846,3379483,3362114,12604846,8800354,2.6792320558007217
25240,15323,9.729,713.55145,w/o MS2:SL 12:1;O/28:3;O,[M+H]+,False,9.22,713.54968,530,True,True,False,98.4,100.0,,,,7734,100345,77087,37341,0,0,101290,64290,32886,0,0,123262,72821,29874,0,2.6805143090443604
4674,2407,0.481,215.12527,Unknown,[M+Na]+,True,,,999,False,False,False,,,,,,0,0,0,148086,93422,12953,0,0,146858,99922,13111,0,0,165244,79373,2.682883240383142
5735,3531,0.485,265.11148,Unknown,[M+Na]+,True,,,999,False,False,False,,,,,,271952,371030,312889,23840,34476,269903,359107,352862,29385,35873,280439,401724,340957,23301,3840,2.6830304281406794
24836,16754,9.533,762.66602,w/o MS2:RIKEN P-VS1 ID-9862 from Mouse_Brain_WT_N_w6rich,[M+Na]+,True,10.55,762.66089,530,True,True,False,94.5,100.0,,,,7319262,7685519,7203323,5361284,7615854,7681988,7738339,7189814,5632690,7513273,7557912,7531775,7543649,5423292,7336413,2.6839142928827604
87,8664,1.721,450.35782,CAR 20:3,[M+H]+,True,5.94,450.35779,410,True,True,True,100.0,99.9,75.7,87.9,100.0,0,223423,0,0,0,0,209098,93175,0,377987,0,217740,0,865990,0,2.6843764220251787
2002,20933,9.139,888.76636,TG 52:4;1O|TG 18:1_18:2_16:1;1O,[M+NH4]+,True,13.71,888.76508,410,True,True,True,100.0,99.9,24.0,66.8,100.0,0,0,0,249907,90795,0,0,0,232728,0,0,0,0,243062,0,2.686107119289647
20104,21000,12.176,890.89075,w/o MS2:Cer 20:0;3O/38:0;(2OH),[M+H]+,False,15.0,890.88989,530,True,True,False,99.6,100.0,,,,6999,0,34606,0,0,0,0,35118,0,0,8998,10950,35440,0,8553,2.6867836486763945
12216,12300,11.948,591.57117,Unknown,[M+H]+,True,,,999,False,False,False,,,,,,0,445719,0,396655,0,0,585905,30901,405707,0,0,0,0,381314,0,2.687459118677075
652,10516,1.154,520.34167,LPC 18:2,[M+H]+,True,5.97,520.33978,410,True,True,True,100.0,99.9,67.0,70.8,100.0,74970,6485975,11681610,506316,3528638,79561,6465012,11756167,528438,3684622,77220,6480460,11923352,549798,3600294,2.6893160643565244
1662,15427,5.25,717.59259,SM 35:1;2O|SM 19:1;2O/16:0,[M+H]+,True,9.16,717.59052,410,True,True,True,100.0,99.9,81.9,64.6,100.0,0,816347,5768266,0,271266,0,837821,0,79876,0,0,800054,0,93703,0,2.6899681966063946
1542,11324,6.339,550.63007,RIKEN P-VS1 ID-4994 from Mouse_Muscle_WT_CTX0_Ctr,[M+H]+,True,10.91,550.62952,430,True,True,True,85.9,99.9,74.7,74.7,100.0,71941,54345,110659,702396,109051,77855,60978,110707,689598,111611,77648,65819,120042,778933,104858,2.6912003974103893
16005,22591,5.413,951.28345,Unknown,[M+H]+,True,,,999,False,False,False,,,,,,0,0,0,0,0,0,0,218506,0,0,0,0,0,0,0,2.693822053432628
25138,12568,9.727,603.44263,w/o MS2:SL 12:1;O/20:2;O,[M+H]+,True,7.54,603.44012,530,True,True,False,97.9,100.0,,,,8529,143770,77361,42212,0,9294,143771,75453,38213,0,8402,133872,77212,40777,0,2.695306607814423
25485,17337,9.728,781.61407,w/o MS2:SL 13:1;O/32:4;O,[M+H]+,False,11.92,781.6123,530,True,True,False,98.4,100.0,,,,0,106641,71338,0,0,0,113072,65337,0,0,0,111325,64500,0,0,2.695328986048773
63,4779,1.212,313.14429,Benzyl butyl phthalate (also known as chemical regent),[M+H]+,True,2.08,313.14343,430,True,True,True,85.0,100.0,77.0,84.6,66.7,0,0,0,37875,0,0,0,0,42375,0,0,0,0,41417,0,2.699521898009168
313,11395,4.704,553.39124,DG 30:5,[M+Na]+,True,8.09,553.38629,420,True,True,True,100.0,99.9,39.8,75.0,100.0,30383,20102,24881,65188,31759,30950,23272,34787,70001,26864,30808,24706,28910,70300,27626,2.6998812906379004
25070,10911,9.728,535.38,w/o MS2:SL 12:1;O/15:1;O,[M+H]+,True,6.61,535.3775,530,True,True,False,97.3,100.0,,,,13000,184151,88376,40017,0,13636,129403,90488,39890,0,14677,131588,96116,39295,0,2.702526227007713
300,20141,9.73,863.69489,CoQ10,[M+H]+,True,14.15,863.69122,410,True,True,True,100.0,99.9,62.1,85.0,100.0,387095,4742934,2638038,1215221,95534,392331,4456506,2451609,1305457,96030,387783,4494065,2612790,1167433,93489,2.7034751964122536
25152,13338,7.863,635.50092,w/o MS2:SL 12:1;O/22:0;O,[M+H]+,True,8.37,635.50269,530,True,True,False,99.0,100.0,,,,17888,86457,87205,23215,36648,23596,83623,86643,0,29106,17899,77957,93961,16155,31526,2.704018979285354
19624,11093,1.65,542.42871,w/o MS2:Cer 12:1;3O/22:5;(2OH),[M+H]+,False,7.16,542.42041,530,True,True,False,70.9,99.9,,,,0,25406,0,24814,0,0,26820,9778,24689,8362,0,26274,14593,23369,0,2.7044797889597647
11417,10935,1.742,536.24255,Unknown,[M+H]+,False,,,999,False,False,False,,,,,,9599,4608,0,0,0,6305,7225,14374,0,0,7275,5906,0,0,0,2.7048756789202657
25053,10243,9.728,509.36517,w/o MS2:SL 12:1;O/13:0;O,[M+H]+,False,6.53,509.36191,530,True,True,False,94.8,99.9,,,,6851,88658,54139,18797,0,0,91921,47099,0,0,0,98854,55705,17139,0,2.7064167755809225
1032,16352,5.203,750.54199,PC O-35:6,[M+H]+,True,9.13,750.54321,420,True,True,True,98.6,99.9,20.7,58.1,100.0,54488452,3972750,3314342,0,0,1406929,3966716,3243386,0,0,55907056,3825644,3387285,0,0,2.7068200653863457
4800,2536,2.583,220.93451,Unknown,[M+Na]+,True,,,999,False,False,False,,,,,,112218,104977,112007,117003,101330,0,108584,109746,0,98904,103553,107111,99779,0,94084,2.709579627005065
5788,3584,1.126,267.17181,Unknown,[M+H]+,True,,,999,False,False,False,,,,,,49184,31186,22882,56182,82338,49804,30563,25137,69874,83973,43378,33509,22834,66820,73471,2.710112421147474
25275,16042,10.208,739.56458,w/o MS2:SL 12:1;O/30:4;O,[M+H]+,False,9.89,739.56531,530,True,True,False,99.7,100.0,,,,0,63130,35741,0,0,0,51748,27291,0,52878,0,56279,24895,0,82629,2.710651761286754
25383,11716,2.2,567.34357,w/o MS2:SL 12:2;O/18:5;O,[M+Na]+,True,5.63,567.34619,530,True,True,False,96.6,99.9,,,,257264,285397,260133,176494,143229,279982,315751,251876,182764,131002,260455,302510,251636,180224,138406,2.7143851701655364
1900,19323,11.362,838.78552,TG 49:0|TG 15:0_16:0_18:0,[M+NH4]+,True,14.79,838.78583,410,True,True,True,100.0,99.9,57.3,90.4,100.0,0,25858262,1337042,1554476,117300,0,38953572,1367688,1714663,105487,39360,33523976,1335706,1668356,116242,2.7144373999390954
3913,1636,9.746,197.08072,Unknown,[M+H]+,True,,,999,False,False,False,,,,,,209978,2020097,1167464,596384,59185,220117,1988761,1093621,580370,42842,224707,1951843,1151229,585405,55203,2.7152199345940495
1211,15342,6.02,714.54523,PE P-35:2|PE P-17:0_18:2,[M+H]+,True,10.19,714.54321,410,True,True,True,100.0,99.9,67.2,93.5,100.0,1283893,2503516,1830917,184355,0,1102022,3256606,2094213,245990,4526,1145154,2211176,1839740,260956,9416,2.7155719907693734
1377,18522,4.461,815.48468,RIKEN P-VS1 ID-11976 from Mouse_Lung_WT_N_F1AA,[M+Na]+,True,8.34,815.47412,430,True,True,True,79.6,99.9,72.3,78.2,66.7,0,96774,267352,0,0,0,114330,285287,0,0,0,101015,292617,15291,0,2.715944390540033
22647,20068,4.812,861.54749,w/o MS2:PI 34:0,[M+H]+,False,8.91,861.54639,530,True,True,False,99.4,99.9,,,,0,80524,160851,0,0,0,80391,170439,0,0,0,73255,198134,0,0,2.716085681230607
1953,20371,11.661,871.77167,TG 51:0|TG 16:0_17:0_18:0,[M+Na]+,True,15.2,871.77252,410,True,True,True,100.0,99.9,70.1,74.2,100.0,54701,1901118,239703,99476,38653,55110,2836424,191003,0,40859,57923,2378245,219009,0,0,2.717103184031607
348,13429,6.457,639.49554,DG 36:4,[M+Na]+,True,10.59,639.49591,420,True,True,True,100.0,99.9,72.2,75.0,100.0,631271,510168,1094554,168848,148819,702825,568624,1039995,168953,549469,647067,566653,1084006,157657,149901,2.718537958434553
21990,9094,9.726,467.31729,w/o MS2:NAGlySer 20:3;O,[M+H]+,False,5.88,467.31161,530,True,True,False,85.1,99.9,,,,13676,145260,99711,51247,0,13708,156869,82843,45904,0,12670,161331,87327,43875,0,2.722295565285838
2098,21820,10.952,918.85071,TG 55:2|TG 18:0_18:1_19:1,[M+NH4]+,True,15.25,918.84839,410,True,True,True,100.0,100.0,48.2,90.0,100.0,0,0,0,0,0,143860,0,0,0,572826,0,0,0,0,548647,2.7225770819376027
22845,25677,4.439,1433.15259,w/o MS2:PI 76:6,[M+H]+,False,14.82,1433.15442,530,True,True,False,98.3,99.5,,,,0,0,0,0,9833,0,0,0,0,6797,0,0,0,0,0,2.724618488811147
8825,7193,9.728,399.25424,Unknown,[M+H]+,False,,,999,False,False,False,,,,,,10372,113456,66058,27572,0,5345,111591,68133,26040,0,5645,117483,65361,39031,0,2.72503633478368
25017,14813,0.732,693.59149,w/o MS2:SL 12:0;O/26:0;O,[M+H]+,True,10.8,693.58099,530,True,True,False,77.8,99.5,,,,0,0,0,0,0,0,0,0,0,0,0,0,0,0,0,2.7270249656046213
19964,17461,9.61,784.71802,w/o MS2:Cer 13:1;3O/38:3;(2OH),[M+H]+,True,13.39,784.71771,530,True,True,False,100.0,99.9,,,,2604440,1217791,9500,1704719,826982,2914774,268619,1295989,1813160,851654,249186,1138544,273671,1794011,891326,2.727671263167732
13656,15332,7.957,713.72925,Unknown,[M+H]+,True,,,999,False,False,False,,,,,,14619,0,12773,0,0,28540,0,0,0,0,28404,0,7878,0,0,2.7279055903786933
457,18607,10.712,817.66779,DG 49:6,[M+Na]+,True,13.52,817.66803,420,True,True,True,100.0,100.0,52.4,75.0,100.0,20505,252136,161888,0,0,18615,373953,123452,0,0,15142,272142,141912,0,35145,2.7281684880047767
15340,20209,5.926,866.54376,Unknown,[M+NH4]+,True,,,999,False,False,False,,,,,,0,366068,0,579593,686539,0,358469,0,530135,694878,0,316106,0,527701,755159,2.728732943257947
21151,20689,9.721,880.7215,w/o MS2:HexCer 16:1;3O/30:1;(2OH),[M+2H]2+,True,13.03,880.72357,530,True,True,False,99.3,99.9,,,,1273685,14439629,8474251,4143120,318475,1325270,13673484,7688735,4012646,301736,1298457,13980067,8347700,3923901,280450,2.729035475526023
8292,6517,3.524,374.37814,Unknown,[M+H]+,True,,,999,False,False,False,,,,,,0,0,29336,88004,34772,0,0,0,68859,0,0,0,30480,70128,39409,2.729547551526233
19696,14884,6.61,696.64972,w/o MS2:Cer 12:1;3O/31:0;(2OH),[M+H]+,False,12.89,696.65009,530,True,True,False,99.9,99.8,,,,0,7059,46810,24444,0,0,0,36313,25611,0,0,4500,60755,25176,0,2.7304978980988177
1078,17656,4.038,790.56122,PC O-38:7,[M+H]+,True,9.53,790.57452,420,True,True,True,87.9,99.8,56.1,84.0,100.0,147321,196851,288634,153632,130402,137097,194492,288434,152752,124795,132076,188401,312762,145232,128688,2.731598518635724
22213,22846,5.322,964.67688,w/o MS2:PC 48:8,[M+H]+,False,11.99,964.67657,530,True,True,False,100.0,99.9,,,,0,0,0,0,0,0,0,0,0,0,0,0,0,0,0,2.73189655819218
26109,22148,9.78,931.73456,w/o MS2:SM 50:7;3O,[M+H]+,False,11.82,931.72632,530,True,True,False,71.2,100.0,,,,0,22252,27295,0,0,0,21064,17262,0,0,0,17750,15163,0,0,2.7328738206230043
1383,18765,5.438,822.5415,RIKEN P-VS1 ID-12266 from Mouse_Muscle_WT_N_Ctr,[M+H]+,True,7.75,822.54401,430,True,True,True,76.9,100.0,76.8,54.5,60.0,0,170381,272472,357524,220990,402396,198339,250264,312306,416505,0,170457,236362,354466,384333,2.7335112402046065
6892,4803,7.216,313.27484,Unknown,[M+H]+,True,,,999,False,False,False,,,,,,270443,223750,485000,108409,102476,268177,213154,522108,84585,104229,280199,224030,515404,108866,107337,2.7339295726106756
324,12932,7.23,617.51404,DG 34:1,[M+Na]+,True,11.53,617.51147,420,True,True,True,100.0,99.9,75.0,75.0,100.0,3423002,4238864,8670735,1721568,2732876,3338125,4330126,8940226,1558779,2587682,3310308,4199157,8688076,1710632,2547374,2.7347325874451145
110,4114,0.507,288.21774,CAR 8:0,[M+H]+,True,1.37,288.21689,410,True,True,True,100.0,100.0,68.6,86.4,100.0,0,20125,0,515774,399310,0,21441,0,491189,372330,0,20769,0,463803,413325,2.73534027904612
4079,1802,0.778,200.23737,Unknown,[M+H]+,True,,,999,False,False,False,,,,,,194026,284211,344351,309578,117397,205752,262418,376710,261881,124527,208377,260292,342829,275179,130886,2.7362171257487544
701,10030,1.199,502.29428,LPE 20:4,[M+H]+,True,5.83,502.29279,410,True,True,True,100.0,99.9,43.2,73.4,100.0,287486,591083,532993,100998,48634,290006,570324,558074,94067,49848,285291,580784,566386,98390,46263,2.7396240062808506
856,18182,5.363,806.56927,PC 36:3,[M+Na]+,True,9.3,806.56702,420,True,True,True,100.0,99.9,92.0,96.3,100.0,1143920,2637319,8985167,7268904,72276896,124870104,2410993,47306376,6846985,70657216,1212898,2614676,46519440,7233510,73434288,2.740323190191533
23732,22923,5.852,968.55695,w/o MS2:RIKEN P-VS1 ID-17008 from Mouse_Macrophage_WT_N_F1,[M+H]+,False,9.11,968.55908,530,True,True,False,97.7,99.9,,,,0,19186,31197,99689,288988,0,48128,0,90198,346746,0,41594,0,102604,314148,2.74053887543657
21882,6111,5.411,361.27322,w/o MS2:NAGly 8:0;O(FA 8:0),[M+Na]+,False,4.54,361.26971,530,True,True,False,94.0,100.0,,,,423420,153238,163368,174232,3031,511432,130072,89198,187578,0,455982,115345,141909,182727,4861,2.7417388791275807
18898,7263,3.561,401.34079,w/o MS2:25-hydroxycholecalciferol,[M+H]+,False,7.21,401.3414,530,True,True,False,99.8,99.9,,,,49422,47147,107694,0,0,58210,47790,96239,12035,0,49982,50005,109794,0,0,2.7420236010799277
12498,12773,5.547,610.62408,Unknown,[M+H]+,True,,,999,False,False,False,,,,,,0,0,0,95172,12993,0,0,0,99193,14626,35346,0,0,91247,132735,2.7443424196695796
20317,12286,9.729,591.44397,w/o MS2:CoQ6,[M+H]+,False,8.98,591.4408,530,True,True,False,95.1,100.0,,,,0,66882,40125,15112,0,0,77146,35304,19659,0,0,59043,47149,0,0,2.7444655545426664
26718,23538,10.217,1016.86377,w/o MS2:TG 8:0_17:0_38:9,[M+H]+,False,14.92,1016.86407,530,True,True,False,100.0,99.9,,,,5062,0,27732,133436,87870,0,0,19161,106380,80964,0,0,24122,117824,73959,2.7446592618217096
22923,20530,5.927,876.56915,w/o MS2:PS 41:4,[M+H]+,True,9.07,876.57251,530,True,True,False,98.2,100.0,,,,0,1234643,504980,2298784,3229078,0,1416849,464129,2149697,3170609,96595,1330537,298853,2269226,3188634,2.747319791996446
692,9441,1.679,480.31015,LPE 18:1,[M+H]+,True,6.41,480.3085,410,True,True,True,100.0,99.9,46.9,69.4,100.0,375577,26532,222202,10466,30706,402509,34348,257039,8973,25117,819270,29004,242690,13852,29622,2.747570076747461
23503,21009,7.419,891.65747,w/o MS2:RIKEN P-VS1 ID-14879 from Mouse_Plasma_ApoEKO_N_Ctr,[M+2H]2+,False,12.19,891.65118,530,True,True,False,82.1,99.9,,,,50432,425203,806631,29117,110763,59156,433480,771480,26220,119053,35453,439892,773852,30621,96010,2.748437604144952
696,9384,5.698,478.29236,LPE 18:2,[M+H]+,True,6.13,478.29279,410,True,True,True,100.0,100.0,43.0,74.0,100.0,0,56316,43231,0,0,0,95359,36604,0,0,0,43904,47425,0,0,2.7497303702118328
27224,19947,9.603,857.66431,w/o MS2:TG 8:0_9:0_34:7,[M+H]+,False,13.61,857.66302,530,True,True,False,99.2,99.9,,,,0,0,0,17036,0,0,0,29020,0,0,0,0,30048,19774,0,2.7524276822177267
17737,25844,9.059,1469.94592,Unknown,[M+Na]+,False,,,999,False,False,False,,,,,,0,31541,18914,0,0,0,32880,13353,0,0,0,36443,15423,0,0,2.7530395191834756
24530,12632,7.94,605.55255,w/o MS2:RIKEN P-VS1 ID-5903 from Cell_C2C12_WT_N_4hCtr,[M+H]+,False,13.2,605.55212,530,True,True,False,99.9,99.9,,,,210068,186901,322267,0,37970,201035,168392,332124,0,39842,199738,168617,325794,0,29931,2.753938396337335
17104,24908,6.576,1209.729,Unknown,[M+H]+,False,,,999,False,False,False,,,,,,0,49022,26563,0,0,0,55040,18440,0,0,0,51560,29929,0,0,2.75512243856573
17208,25058,5.943,1230.36475,Unknown,[M+2H]2+,False,,,999,False,False,False,,,,,,0,0,0,0,70936,0,0,0,0,90345,0,0,0,0,59987,2.758373269024867
23675,22452,5.93,944.55695,w/o MS2:RIKEN P-VS1 ID-16487 from Mouse_Plasma_WT_N_Ctr,[M+NH4]+,False,9.34,944.56281,530,True,True,False,84.2,99.9,,,,0,246556,0,440293,558006,26250,267422,0,435502,520660,0,296105,0,376208,518118,2.758649423276982
1868,18351,10.918,810.75378,TG 47:0|TG 14:0_16:0_17:0,[M+NH4]+,True,14.39,810.75452,410,True,True,True,100.0,99.9,56.5,87.1,100.0,13038,11577540,1501574,1808474,127576,0,15476492,1520968,1953284,129471,16397,14500643,1579694,1691166,142841,2.7620647203561397
21961,8451,10.14,441.29889,w/o MS2:NAGlySer 18:2;O,[M+Na]+,True,5.6,441.2959,530,True,True,False,95.6,99.9,,,,108194,64061,58382,0,0,60487,64104,0,0,0,105105,92068,0,0,70755,2.7622886901485257
11216,10599,5.732,522.59802,Unknown,[M+H]+,True,,,999,False,False,False,,,,,,19283,45442,303741,145770,34534,165239,45450,214759,150411,138025,184235,41556,300365,123376,12946,2.76437592110217
993,15082,6.275,704.56128,PC O-31:1,[M+H]+,True,9.27,704.5589,420,True,True,True,97.3,99.9,73.5,75.0,100.0,0,126490,339357,0,0,0,132753,302896,0,0,0,119650,349273,0,0,2.7658468684178885
2167,22459,9.907,944.77374,TG 58:10|TG 18:2_20:4_20:4,[M+NH4]+,True,13.89,944.7702,410,True,True,True,100.0,99.9,25.5,81.2,100.0,0,0,0,0,0,30905,0,0,166859,0,0,0,0,0,0,2.7661862579275533
21913,6493,9.829,373.23895,w/o MS2:NAGlySer 13:1;O,[M+H]+,False,4.23,373.23331,530,True,True,False,85.3,99.8,,,,0,61135,27447,11888,0,0,64060,27239,0,0,0,58287,26591,0,0,2.768017824220244
8394,6644,2.991,379.28247,Unknown,[M+Na]+,True,,,999,False,False,False,,,,,,30203,247319,162034,0,206410,33190,268752,165185,0,198162,29580,227265,161718,0,207436,2.7719038724654403
12227,12316,5.967,592.5553,Unknown,[M+H]+,True,,,999,False,False,False,,,,,,381007,363692,0,673889,501602,361321,433719,0,617652,526999,376055,413474,0,580213,496472,2.7734539275566363
26379,17048,4.249,772.55151,w/o MS2:TG 15:4_15:4_16:4,[M+Na]+,False,11.1,772.55109,530,True,True,False,99.9,99.7,,,,0,57177,49486,0,21211,0,62940,61034,20580,21654,0,60103,52084,0,19042,2.77726121676316
467,18938,10.128,827.65198,DG 50:8,[M+Na]+,True,13.48,827.6524,420,True,True,True,100.0,99.9,56.4,75.0,100.0,0,140671,58370,0,0,0,128207,0,0,0,0,0,0,0,0,2.7782170895927303
7327,5335,1.172,335.12637,Unknown,[M+Na]+,True,,,999,False,False,False,,,,,,0,0,0,42333,0,0,0,0,49370,0,0,0,0,45244,0,2.7795925906374266
20817,24774,6.122,1190.92908,w/o MS2:HBMP 22:6_20:0_22:0,[M+2H]2+,True,13.81,1190.92981,530,True,True,False,100.0,99.7,,,,0,0,0,40695,34977,0,0,0,45328,22649,0,0,0,53678,16883,2.779870612421676
12566,12892,5.965,615.61578,Unknown,[M+Na]+,True,,,999,False,False,False,,,,,,533682,347748,0,517699,360242,531293,308636,0,481608,368441,494207,265846,0,500311,348618,2.784423727175757
20718,13504,6.644,642.64093,w/o MS2:DG O-9:0_28:0,[M+Na]+,False,13.41,642.63953,530,True,True,False,99.0,99.8,,,,0,16639,18347,8537,10963,0,23010,0,0,0,0,21094,0,0,0,2.788083054368208
698,9387,1.192,478.29443,LPE 18:2,[M+H]+,True,6.13,478.29279,410,True,True,True,100.0,99.9,25.9,69.5,100.0,0,390040,698565,28457,38407,6579,384452,688726,28059,47290,0,358807,658808,36325,46029,2.791907234537327
15493,20716,7.453,881.62762,Unknown,[M+H]+,True,,,999,False,False,False,,,,,,0,130863,224662,0,35294,0,137009,211525,0,36707,0,129937,189284,0,32291,2.7920725620597207
2145,22059,10.383,927.74298,TG 56:7|TG 18:1_18:2_20:4,[M+Na]+,True,14.17,927.74121,410,True,True,True,100.0,99.9,72.6,74.9,100.0,0,0,0,1835782,0,0,0,0,0,0,0,0,185024,0,0,2.792535140073695
16885,24553,5.966,1163.12756,Unknown,[M+H]+,True,,,999,False,False,False,,,,,,87824,61989,0,108297,53287,76785,54892,0,101910,47511,96288,76626,0,102329,47305,2.795720580022022
27123,21057,10.748,892.83643,w/o MS2:TG 8:0_8:0_37:1,[M+H]+,True,15.21,892.83282,530,True,True,False,98.7,99.9,,,,123263,463030,141334,340684,1945710,119282,12498862,4524874,10834820,1890944,126847,12114223,136127,11046198,1935630,2.8002331185445817
1021,16068,5.134,740.56128,PC O-34:4,[M+H]+,True,9.31,740.5589,420,True,True,True,100.0,99.9,73.5,85.7,100.0,40001,48937044,33208394,1986922,0,1135790,50498904,33954044,1997358,0,1135654,49806840,33733500,1915732,12674,2.801939365032784
989,14722,6.308,690.54529,PC O-30:1,[M+H]+,True,9.03,690.54321,420,True,True,True,99.1,99.9,72.6,84.8,100.0,91878,20935,163220,0,0,20951,24361,0,0,0,15943,20964,141868,0,0,2.802211438216263
8178,6351,0.731,369.28107,Unknown,[M+Na]+,True,,,999,False,False,False,,,,,,741820,786468,830586,429126,548398,928887,688114,920512,382535,508880,792014,731319,801588,0,556045,2.803077160776499
834,17053,5.597,772.58478,PC 35:2|PC 17:0_18:2,[M+H]+,True,9.64,772.58508,410,True,True,True,100.0,99.9,86.9,76.4,100.0,1896549,13436996,59803260,5562242,1320206,1898685,12496110,66115516,5488644,1324573,1894287,12274356,23990248,5453549,1325216,2.80373465554031
14936,18897,5.292,826.49243,Unknown,[M+H]+,False,,,999,False,False,False,,,,,,0,0,0,0,0,0,0,0,0,0,0,0,0,0,0,2.807833071711678
12245,12341,5.962,593.56128,Unknown,[M+Na]+,True,,,999,False,False,False,,,,,,5472404,5753964,643456,8652542,7313554,5448000,5657600,612994,9229455,7344030,5189756,6011236,597409,8942402,7026386,2.8124214489546038
480,19482,10.738,843.68347,DG 51:7,[M+Na]+,True,13.58,843.68372,420,True,True,True,100.0,100.0,72.6,75.0,100.0,88301,1191182,911202,449975,316979,92577,1148395,911558,487680,337354,90639,1126621,885553,501499,330502,2.812757143637585
23271,19066,6.4,831.65442,w/o MS2:RIKEN P-VS1 ID-12644 from Mouse_Plasma_ApoEKO_N_Ctr,[M+Na]+,False,13.67,831.65222,530,True,True,False,97.6,99.8,,,,0,170632,0,0,39356,0,193270,299986,40847,0,0,176242,232502,0,51175,2.814774174516421
678,9063,1.602,466.33093,LPC O-15:1,[M+H]+,True,6.08,466.32919,410,True,True,True,100.0,99.9,81.5,93.3,100.0,0,288605,71741,0,0,0,269621,72917,0,0,31693,284650,75072,0,0,2.815744241039557
6079,3912,0.526,281.13681,Unknown,[M+H]+,True,,,999,False,False,False,,,,,,0,0,0,46428,0,0,0,0,0,0,0,0,0,0,0,2.819057552640527
21540,8904,5.779,460.28201,w/o MS2:LPC O-15:4,[M+H]+,False,4.81,460.28229,530,True,True,False,100.0,100.0,,,,0,240110,169823,0,0,0,262737,171125,0,0,0,243674,147047,0,0,2.8196488316428954
20318,13901,7.368,659.50067,w/o MS2:CoQ7,[M+Na]+,True,10.75,659.50342,530,True,True,False,69.7,99.9,,,,0,470806,1378685,0,210315,9257,493120,1369415,140685,192157,0,461081,1246439,172253,195009,2.8218235942580363
18534,27018,10.536,1609.42908,Unknown,[M+Na]+,False,,,999,False,False,False,,,,,,0,239429,85415,0,0,0,225974,98702,0,0,0,198188,96884,0,0,2.8219375549757832
27401,13384,5.14,637.58881,w/o MS2:VAE 24:0,[M+Na]+,True,14.43,637.5918,530,True,True,False,99.2,99.6,,,,0,52400,0,43172,34748,0,0,0,46603,0,0,38629,17223,46311,30738,2.822226006360454
824,16543,3.974,756.55658,PC 34:3|PC 16:1_18:2,[M+H]+,True,8.76,756.55377,410,True,True,True,100.0,99.9,70.5,63.1,100.0,0,30067,15065,0,0,0,25924,0,0,0,0,31071,12222,0,0,2.8261927941225946
24539,12866,6.004,614.60931,w/o MS2:RIKEN P-VS1 ID-6083 from Mouse_AdrenalGlands_WT_N_Ctr,[M+Na]+,False,8.33,614.60931,530,True,True,False,100.0,100.0,,,,0,0,0,31808,13709,0,0,0,41884,0,38441,0,0,21229,0,2.828542185489789
5655,3445,10.026,259.24274,Unknown,[M+H]+,True,,,999,False,False,False,,,,,,0,25038,13672,9136,188843,0,32305,24350,0,191698,0,34384,13377,0,195562,2.8313846481323948
991,15135,5.752,706.57556,PC O-31:0,[M+H]+,True,9.98,706.57452,420,True,True,True,100.0,99.9,72.0,85.6,100.0,0,328569,0,0,15548,249451,300581,266996,0,0,202053,332071,0,0,0,2.8316507704561773
19680,14146,5.944,668.6181,w/o MS2:Cer 12:1;3O/29:0;(2OH),[M+NH4]+,True,12.2,668.61877,530,True,True,False,99.9,99.8,,,,0,0,0,62142,7340,0,0,0,54265,0,0,0,0,55470,7759,2.832475709181879
3460,1172,9.846,177.16371,Unknown,[M+H]+,False,,,999,False,False,False,,,,,,0,31701,21216,8823,120393,0,49131,24250,0,151951,0,36586,22802,8557,18285,2.8328289152197623
328,12886,6.685,615.49829,DG 34:2,[M+Na]+,True,10.77,615.49591,420,True,True,True,100.0,99.9,74.6,75.0,100.0,138621,5137692,14375452,1155688,1888843,148122,5386749,14564261,1054387,1800912,147688,4986792,14243439,1280886,1760711,2.8348994379094115
23218,18593,3.562,817.54449,w/o MS2:RIKEN P-VS1 ID-12070 from Mouse_Muscle_WT_N_F1EPA,[M+H]+,False,9.14,817.54529,530,True,True,False,99.7,99.8,,,,0,0,0,13902,0,0,0,0,11981,4938,0,0,0,0,0,2.8371932118816723
80,8476,2.732,442.39072,CAR 19:0,[M+H]+,True,6.85,442.3891,410,True,True,True,100.0,99.9,78.0,87.0,100.0,0,797054,305356,0,0,0,816308,332199,0,0,0,735222,310640,0,0,2.8434561852743316
1209,15398,5.455,716.56073,PE P-35:1|PE P-17:0_18:1,[M+H]+,True,10.81,716.5589,410,True,True,True,100.0,99.9,60.6,92.7,100.0,693576,5920807,6207632,1492278,0,700881,5995172,6162426,1346688,0,668669,6166527,5825620,1481415,0,2.8457202324113795
23663,22343,9.649,939.68323,w/o MS2:RIKEN P-VS1 ID-16343 from Mouse_Liver_WT_N_F1DHA,[M+H]+,False,13.87,939.68292,530,True,True,False,100.0,99.9,,,,0,0,0,78297,71276,0,0,0,85673,70074,0,0,0,81299,70508,2.8466669715146953
2025,21477,9.761,906.81403,TG 53:2;1O|TG 17:0_18:1_18:1;1O,[M+NH4]+,True,13.94,906.81201,410,True,True,True,100.0,99.9,35.0,67.4,100.0,0,0,41544,43590,0,0,0,40570,0,0,0,0,46126,57514,0,2.8484893754138945
11345,10815,5.447,531.48773,Unknown,[M+Na]+,False,,,999,False,False,False,,,,,,0,0,0,25485,6618,0,0,0,31817,0,0,0,0,25556,0,2.8597252099893797
19882,12048,6.221,580.49786,w/o MS2:Cer 13:1;3O/22:2;(2OH),[M+H]+,True,8.48,580.49359,530,True,True,False,93.5,100.0,,,,1580144,1732450,1702465,1625118,1751376,1479624,1656897,1618331,1534088,1673591,1620304,1611148,1567442,1549162,1660378,2.859995996512848
2147,22005,10.119,925.72803,TG 56:8|TG 16:0_18:2_22:6,[M+Na]+,True,13.95,925.72559,410,True,True,True,100.0,99.9,70.5,74.9,100.0,81413,0,281288,0,1322525,94662,0,300611,0,1310283,78835,0,328856,0,1320170,2.861984855871735
7423,5451,7.282,339.29062,Unknown,[M+H]+,True,,,999,False,False,False,,,,,,337147,394858,509352,199994,144939,340658,385937,561799,179681,142787,322273,374947,542179,200784,146019,2.8621083008355908
22925,20457,5.415,874.55713,w/o MS2:PS 41:5,[M+H]+,False,8.56,874.55688,530,True,True,False,100.0,100.0,,,,0,380218,0,1089484,874041,0,439337,0,951554,1390645,0,410786,260563,1124180,1352802,2.862391834344778
322,12973,7.863,619.52972,DG 34:0,[M+Na]+,True,12.61,619.52722,420,True,True,True,100.0,99.9,74.1,75.0,100.0,288905,698693,696094,159326,224017,307103,670381,758584,137659,222336,293517,691339,754893,149550,220287,2.863086887618147
27377,12075,4.12,581.52692,w/o MS2:VAE 20:0,[M+Na]+,False,13.83,581.52917,530,True,True,False,97.5,99.5,,,,90122,96709,91615,103151,84151,97949,105365,81360,98827,89444,81770,102079,94358,107693,78113,2.8633939036715734
8248,6454,11.128,372.18375,Unknown,[M+H]+,False,,,999,False,False,False,,,,,,0,0,0,0,0,0,0,0,0,0,0,0,0,106069,0,2.867841121459169
3075,775,3.243,158.9641,Unknown,[M+H]+,True,,,999,False,False,False,,,,,,0,0,110067,0,0,0,0,99604,0,199934,0,0,114194,0,144222,2.86891302949892
16647,24158,6.549,1099.3175,Unknown,[M+H]+,True,,,999,False,False,False,,,,,,0,0,0,0,0,0,0,15514,0,0,0,0,0,0,0,2.869962001759162
21532,8704,1.953,452.31436,w/o MS2:LPC O-14:1,[M+H]+,False,5.87,452.3136,530,True,True,False,99.7,99.9,,,,15615,38864,13113,0,0,22524,46599,17807,0,0,19802,45832,18936,0,0,2.875765884533221
5370,3144,0.433,247.14439,Unknown,[M+H]+,False,,,999,False,False,False,,,,,,0,0,0,63526,98181,1373,0,0,85178,115440,0,0,0,77966,97675,2.875819996761853
1030,16492,5.301,754.57727,PC O-35:4,[M+H]+,True,9.48,754.57452,420,True,True,True,100.0,99.9,86.1,86.5,100.0,0,3223063,3845990,130025,0,0,4760225,3953732,0,69452,0,4697842,4136078,159535,56340,2.876906175469233
7377,5395,7.35,337.27505,Unknown,[M+Na]+,True,,,999,False,False,False,,,,,,11316,154649,840638,0,0,8608,154217,860547,0,0,0,148546,832905,40424,0,2.877262015436745
9127,7586,3.006,413.32513,Unknown,[M+H]+,False,,,999,False,False,False,,,,,,0,0,0,32660,0,0,0,0,38095,0,0,0,0,34180,0,2.877712003718563
22886,18405,3.426,812.54053,w/o MS2:PS 36:1,[M+H]+,False,9.05,812.5412,530,True,True,False,99.8,99.8,,,,0,189960,366778,0,0,0,175042,22060,0,0,0,187958,428288,0,0,2.8789039969128067
26088,21502,9.727,907.72784,w/o MS2:SM 48:5;3O,[M+H]+,True,12.15,907.72632,530,True,True,False,99.6,100.0,,,,194366,1191552,857466,325162,49584,181789,1118724,588550,353375,55951,192339,1152912,873020,341423,51692,2.879671561822072
1002,15343,4.93,714.54547,PC O-32:3,[M+H]+,True,9.09,714.54321,420,True,True,True,100.0,99.9,84.1,86.9,100.0,401471,7687865,5894321,33899,0,435165,8239968,6366596,35390,0,416366,7780282,6665504,30965,0,2.880491387651757
24167,26811,5.785,1585.19653,w/o MS2:RIKEN P-VS1 ID-20919 from Mouse_Brain_fat1TG_N_w6rich,[M+2H]2+,False,10.69,1585.20068,530,True,True,False,91.7,99.9,,,,0,0,81728,245526,305219,0,133115,0,272724,276254,0,123901,138780,296579,295942,2.880540105116778
12487,12752,5.968,609.53424,Unknown,[M+Na]+,True,,,999,False,False,False,,,,,,205704,258951,0,371338,291020,200197,226867,0,408400,310523,207745,242572,0,394457,311291,2.8806005200907037
20229,26483,5.938,1547.18225,w/o MS2:CL 27:0_50:3,[M+H]+,True,14.05,1547.1626,530,True,True,False,78.6,99.7,,,,0,132984,459778,93553,160808,0,0,0,0,24410,0,127852,0,73173,38210,2.8814120623841672
5357,3122,9.687,245.22638,Unknown,[M+H]+,False,,,999,False,False,False,,,,,,0,23973,11551,0,0,0,23100,9052,0,0,0,29399,16575,0,0,2.8829124174330905
17895,26066,9.807,1499.98889,Unknown,[M+Na]+,False,,,999,False,False,False,,,,,,14116,28974,42017,0,0,12052,0,39120,0,0,8686,0,41907,0,0,2.8846743317837147
1764,18940,5.97,827.66547,SM 42:3;3O,[M+H]+,True,10.13,827.6637,420,True,True,True,100.0,99.9,59.4,59.1,100.0,0,65294,0,0,0,0,56237,0,0,0,0,56865,0,0,0,2.886011669710033
17055,24826,5.422,1198.36255,Unknown,[M+2H]2+,False,,,999,False,False,False,,,,,,0,0,0,0,53063,0,0,0,0,12352,0,0,0,23348,62068,2.8862790643542326
18356,26765,6.116,1580.2395,Unknown,[M+H]+,False,,,999,False,False,False,,,,,,0,0,0,100893,80943,0,40773,0,98545,60010,0,0,0,93472,69427,2.8870037005843954
1006,15846,6.272,732.5929,PC O-33:1,[M+H]+,True,10.12,732.59021,420,True,True,True,99.8,99.9,77.8,85.2,100.0,0,579588,855095,0,0,0,586953,941115,0,0,0,568217,915657,0,0,2.8880877617441665
15139,19550,9.451,845.72015,Unknown,[M+H]+,False,,,999,False,False,False,,,,,,0,129778,52446,0,0,0,156686,0,0,0,0,120272,57166,0,0,2.895290808374584
89,9171,3.389,470.42188,CAR 21:0,[M+H]+,True,7.61,470.42041,410,True,True,True,100.0,99.9,74.4,87.7,100.0,0,1186163,1324599,0,0,0,1147857,1230173,0,0,0,1166183,1326686,0,0,2.8987780451189673
23670,22410,5.361,942.54108,w/o MS2:RIKEN P-VS1 ID-16422 from Mouse_Muscle_WT_CTX1_Ctr,[M+H]+,False,7.31,942.54388,530,True,True,False,96.1,100.0,,,,0,72784,0,257694,188192,18554,74356,0,227662,158109,16644,76597,0,260008,171830,2.899122300661558
5928,3740,9.757,273.25836,Unknown,[M+H]+,False,,,999,False,False,False,,,,,,0,24380,7597,0,116477,0,18439,11083,0,140565,0,0,0,0,0,2.901361399430148
21168,21935,9.728,922.76678,w/o MS2:HexCer 16:1;3O/33:1;(2OH),[M+Na]+,True,13.21,922.77063,530,True,True,False,97.9,99.9,,,,40306,286331,186882,0,0,38686,272555,158128,0,0,45509,270706,197891,0,0,2.9044959519826143
14877,18728,5.88,821.08795,Unknown,[M+2H]2+,True,,,999,False,False,False,,,,,,0,43013,342191,0,0,0,39362,299439,114101,0,0,58164,187696,127033,0,2.904776452558621
1045,16877,5.346,766.57306,PC O-36:5,[M+H]+,True,9.41,766.57452,420,True,True,True,100.0,99.9,60.5,85.2,100.0,66321,3068914,4003206,1326685,787871,0,2910416,4226590,1237898,785804,78103,3098084,4426830,1280704,750260,2.905196631149797
15095,19425,10.032,841.8006,Unknown,[M+H]+,True,,,999,False,False,False,,,,,,377935,463791,458055,419464,532272,350397,446587,328552,356178,491774,382725,440585,384646,320003,513414,2.905795638452066
18519,26994,10.73,1606.41052,Unknown,[M+Na]+,False,,,999,False,False,False,,,,,,0,839003,158225,0,0,0,1136851,171834,0,0,0,898179,155160,0,0,2.9064675343763464
11835,11669,5.465,565.53162,Unknown,[M+NH4]+,False,,,999,False,False,False,,,,,,0,0,78899,0,0,0,0,0,0,0,0,0,0,0,0,2.908857043892215
23485,20834,5.12,885.5498,w/o MS2:RIKEN P-VS1 ID-14684 from Mouse_Feces_WT_ABX_Ctr,[M+Na]+,False,10.05,885.54742,530,True,True,False,97.2,99.9,,,,196277,535268,926109,22217,0,210970,592152,1039200,96695,54966,209511,542656,965319,0,73717,2.909440302886791
20548,20291,6.097,869.604,w/o MS2:DG 54:15,[M+H]+,True,12.7,869.60541,530,True,True,False,99.7,99.8,,,,161749,423411,10074,1131095,1204185,151556,374582,0,1134857,1244035,0,386470,0,1161883,1078288,2.9096561526341853
65,4867,0.578,316.2496,CAR 10:0,[M+H]+,True,2.59,316.2482,410,True,True,True,100.0,100.0,75.3,86.8,100.0,9350,73754,9568,551650,848300,0,86021,29512,522652,852734,0,61193,15754,598378,845061,2.90981219312028
16057,22753,7.416,959.64478,Unknown,[M+H]+,True,,,999,False,False,False,,,,,,0,178089,288245,9321,54208,0,181229,261733,11086,52902,0,169400,272546,14010,52716,2.909933090549427
296,26022,9.721,1495.03601,CL 74:8|CL 36:4_38:4,[M+NH4]+,True,13.43,1495.03735,410,True,True,True,100.0,99.9,45.6,85.1,100.0,13014,96202,73721,43764,0,0,80963,69730,54545,0,0,84886,73042,61828,0,2.912292392860948
3770,1492,10.122,191.17926,Unknown,[M+H]+,False,,,999,False,False,False,,,,,,0,18427,12071,14244,0,0,0,0,0,71615,0,21131,0,0,79238,2.91468497352609
7493,5532,9.616,341.32013,Unknown,[M+H]+,False,,,999,False,False,False,,,,,,0,30114,0,0,0,0,0,0,0,0,0,34175,13533,0,0,2.914974317127874
1870,18545,10.9,815.70898,TG 47:0|TG 14:0_16:0_17:0,[M+Na]+,True,14.39,815.7099,410,True,True,True,100.0,99.9,64.9,74.5,100.0,0,912715,541080,0,42890,0,1237269,471020,0,52391,10253,1056029,485692,90315,29819,2.9179632777693674
20312,6881,9.728,387.25565,w/o MS2:CoQ3,[M+H]+,False,4.37,387.25299,530,True,True,False,96.5,99.9,,,,0,46877,18585,7296,0,0,51955,19513,0,0,0,40117,29908,0,0,2.9189515985497314
25539,19068,9.663,831.66376,w/o MS2:SL 14:1;O/36:6,[M+H]+,False,13.15,831.66431,530,True,True,False,99.8,99.9,,,,0,37843,0,0,0,0,0,0,0,0,0,0,0,0,0,2.9206816688159627
7376,5394,6.682,337.27478,Unknown,[M+H]+,True,,,999,False,False,False,,,,,,0,242357,563129,68773,67108,9495,242116,596560,64382,76219,0,241686,574085,69453,70451,2.9226688771671827
25055,10173,9.725,507.34641,w/o MS2:SL 12:1;O/13:1;O,[M+H]+,False,6.05,507.34619,530,True,True,False,100.0,99.9,,,,0,39117,21391,8570,0,0,33512,22088,0,0,0,42804,14677,0,0,2.926833407585277
3146,854,0.797,163.07532,Unknown,[M+H]+,True,,,999,False,False,False,,,,,,0,0,0,65898,41446,0,0,0,68719,44813,0,0,57764,73438,0,2.928064590138563
9030,7459,9.732,409.3826,Unknown,[M+H]+,False,,,999,False,False,False,,,,,,0,34126,0,0,0,0,28411,11192,0,0,0,30833,16170,0,0,2.928213677091268
20555,20844,11.392,885.72974,w/o MS2:DG 54:7,[M+Na]+,True,13.99,885.73059,530,True,True,False,99.9,100.0,,,,0,616027,388803,0,77352,0,759873,395703,249984,65407,42403,683251,390690,269585,79125,2.92899986273535
26405,21533,7.367,908.64294,w/o MS2:TG 15:4_18:5_22:6;1O,[M+H]+,False,11.95,908.63989,530,True,True,False,95.5,99.9,,,,0,34489,65766,0,13045,0,35803,62751,0,11243,0,44406,56179,0,8903,2.929295366683268
1123,19036,6.276,830.60602,PC O-41:8,[M+H]+,True,9.75,830.60577,420,True,True,True,95.3,99.9,58.9,72.3,100.0,74542,74616,81196,0,0,0,0,86377,12019,0,68988,0,108959,0,0,2.9294108788720803
14499,17555,9.27,787.64221,Unknown,[M+H]+,False,,,999,False,False,False,,,,,,0,43689,25055,0,0,0,0,0,0,0,0,45261,23626,0,0,2.932391660767695
16915,24594,6.574,1169.73706,Unknown,[M+H]+,True,,,999,False,False,False,,,,,,0,12800,0,0,0,0,11060,0,0,0,0,10898,0,0,0,2.93383194119948
25420,13515,9.733,643.47076,w/o MS2:SL 13:1;O/22:3;O,[M+H]+,False,7.87,643.47137,530,True,True,False,99.8,100.0,,,,0,37564,0,0,0,0,0,8263,0,0,0,0,7852,0,0,2.9339434025748616
14820,18535,9.55,815.67279,Unknown,[M+Na]+,False,,,999,False,False,False,,,,,,0,0,0,0,0,0,120794,82984,0,0,0,0,92366,0,0,2.935495595734109
24055,26352,5.664,1534.12305,w/o MS2:RIKEN P-VS1 ID-20472 from Mouse_Kidney_WT_N_Ctr,[M+H]+,False,9.63,1534.12463,530,True,True,False,98.7,99.9,,,,0,0,317171,0,0,0,201586,313762,0,0,0,0,0,0,0,2.935654689696389
8170,6343,0.584,369.18994,Unknown,[M+Na]+,True,,,999,False,False,False,,,,,,0,0,0,79531,0,0,0,0,71808,0,3263,0,0,0,0,2.936024805194985
17646,25714,5.567,1446.12561,Unknown,[M+H]+,False,,,999,False,False,False,,,,,,0,0,0,0,0,0,0,0,0,0,0,0,0,0,0,2.938450586747934
12328,12476,6.96,599.50336,Unknown,[M+Na]+,True,,,999,False,False,False,,,,,,0,343481,40053,0,0,0,331134,42651,0,0,0,340062,46291,0,35450,2.939213884528574
1171,16941,5.994,768.55682,PE 38:4|PE 18:0_20:4,[M+H]+,True,10.03,768.55377,410,True,True,True,100.0,99.9,59.5,72.9,100.0,65676328,202703968,224554368,22197570,1291904,65006604,208363344,255766624,24272584,1323345,62672632,200393872,241890528,24070460,1208426,2.939335656194896
18178,26520,5.308,1551.62585,Unknown,[M+H]+,False,,,999,False,False,False,,,,,,0,0,0,142712,0,0,0,0,91731,35998,0,0,0,0,97912,2.9417927821510994
23337,19686,6.288,849.54047,w/o MS2:RIKEN P-VS1 ID-13345 from Mouse_Adipose_WT_N_F1,[M+H]+,False,13.0,849.53998,530,True,True,False,99.9,99.8,,,,0,77577,0,128148,160606,0,83176,0,123135,171918,0,82045,0,131262,164464,2.94263514086739
23478,20778,5.733,883.57513,w/o MS2:RIKEN P-VS1 ID-14626 from Mouse_Plasma_ApoEKO_N_Ctr,[M+H]+,False,14.29,883.57391,530,True,True,False,99.3,99.6,,,,0,0,0,105361,118045,0,0,0,121799,111308,0,0,0,135004,118632,2.9447343960458237
22491,25012,5.963,1222.90552,w/o MS2:PE 70:12,[M+2H]2+,False,13.65,1222.91125,530,True,True,False,84.8,99.7,,,,0,0,0,0,0,0,0,0,61706,78674,0,0,0,71824,92931,2.9463201496452958
15580,21030,5.752,892.52515,Unknown,[M+H]+,False,,,999,False,False,False,,,,,,0,0,0,132994,65289,0,43690,0,127321,55447,0,0,0,131013,58649,2.948184607639142
1674,16404,5.016,751.57495,SM 36:2;2O,[M+Na]+,True,9.17,751.57239,420,True,True,True,100.0,99.9,85.0,94.3,100.0,2463859,440853,256545,1022771,1775224,2076643,456031,0,998234,1854405,2423546,415654,0,1000072,1843190,2.9500068609638967
19665,12407,6.216,596.46973,w/o MS2:Cer 12:1;3O/26:6;(2OH),[M+Na]+,True,8.16,596.46729,530,True,True,False,97.9,100.0,,,,64707,181270,144978,188442,193613,79492,164051,152109,184927,221681,97188,174011,161688,197344,181046,2.9514644441316134
21705,4070,0.48,286.20154,w/o MS2:NAGly 13:1;O,[M+Na]+,False,3.93,286.20129,530,True,True,False,100.0,99.9,,,,0,0,0,481648,791534,0,0,0,461809,782996,0,0,0,427064,788557,2.95234506325317
26739,23674,10.227,1030.87549,w/o MS2:TG 8:0_18:0_38:9,[M+H]+,False,15.08,1030.87976,530,True,True,False,91.3,99.9,,,,0,0,0,54909,39902,0,0,0,89629,45508,0,0,0,68885,47488,2.953467332239729
22729,22638,7.306,953.61261,w/o MS2:PI 41:3,[M+Na]+,False,9.63,953.60901,530,True,True,False,93.7,100.0,,,,0,0,0,0,0,0,0,0,0,0,0,0,0,0,0,2.9536287703823185
19003,21863,7.052,920.64258,w/o MS2:BMP 18:1_28:7,[M+H]+,False,10.45,920.63751,530,True,True,False,88.0,99.9,,,,46998,0,4543,16844,0,0,16445,0,16160,0,0,0,0,18867,41878,2.955004912494437
875,17966,6.114,800.60638,PC 37:2,[M+H]+,True,10.37,800.61639,420,True,True,True,87.2,99.9,62.7,74.9,90.0,0,0,0,212543,166436,0,0,0,225733,176265,0,0,0,233766,158738,2.955141357769714
25405,17080,5.51,773.58545,w/o MS2:SL 12:2;O/34:6,[M+2H]2+,True,11.12,773.58612,530,True,True,False,99.9,99.8,,,,5671782,0,0,3887718,3697666,5905204,0,0,3645760,3872782,5990588,0,120717,4021925,3824112,2.958878085121431
334,13250,7.505,631.52985,DG 35:1,[M+Na]+,True,12.55,631.52722,420,True,True,True,100.0,99.9,73.5,75.0,100.0,73213,259851,466829,0,29417,0,214630,462326,0,11922,73002,276917,493785,20498,29496,2.9593749543868593
26390,21273,5.836,900.59821,w/o MS2:TG 15:4_15:4_22:6;3O,[M+H]+,False,9.19,900.59839,530,True,True,False,100.0,99.9,,,,0,0,0,0,0,0,0,0,0,0,0,0,0,0,0,2.9596714267454383
12875,13525,6.631,643.64728,Unknown,[M+H]+,True,,,999,False,False,False,,,,,,307838,306247,399466,183698,132032,293449,288466,422515,162418,138722,309272,287412,375949,180715,132093,2.9618099678936534
1584,13157,6.139,627.53461,RIKEN P-VS1 ID-6350 from Mouse_Macrophage_WT_N_F1AA,[M+H]+,True,8.62,627.54132,430,True,True,True,82.8,99.9,54.1,93.6,100.0,0,0,0,0,33850,0,0,7818530,0,30728,0,0,7605732,0,29018,2.9637122164219996
20866,22619,6.391,952.66962,w/o MS2:Hex2Cer 17:1;2O/24:4,[M+H]+,False,9.86,952.672,530,True,True,False,97.2,99.9,,,,0,37583,12877,57976,57889,0,44631,17996,63433,49697,0,34462,13077,62282,51762,2.968922284316187
4665,2398,0.78,214.25343,Unknown,[M+H]+,True,,,999,False,False,False,,,,,,689075,561153,917437,982084,735961,671124,593472,942274,935903,738318,708723,563546,962429,1053089,759093,2.968923826997189
20602,21663,9.631,913.6684,w/o MS2:DG 57:14,[M+H]+,False,13.31,913.66803,530,True,True,False,99.9,99.9,,,,0,0,0,89723,46243,0,0,0,81585,37235,0,0,0,0,45763,2.9690948450668793
25418,13555,6.958,645.4856,w/o MS2:SL 13:1;O/22:2;O,[M+H]+,False,7.97,645.48712,530,True,True,False,98.8,100.0,,,,0,32970,38716,0,0,0,36614,42604,0,0,0,34897,42647,0,0,2.970290980886825
15074,19362,7.049,840.19843,Unknown,[M+NH4]+,True,,,999,False,False,False,,,,,,0,30925,0,45932,69667,80176,34513,19761,59396,69879,63002,32311,18160,43155,69922,2.974700707906243
3509,1221,0.444,181.02599,Unknown,[M+H]+,False,,,999,False,False,False,,,,,,0,0,0,107418,0,0,0,0,70940,0,0,0,0,99661,0,2.975960174643668
15928,22294,6.123,937.59363,Unknown,[M+H]+,False,,,999,False,False,False,,,,,,0,94687,0,240351,264362,32491,117177,0,262998,261848,36062,73366,0,269558,244536,2.9773651976092372
22434,22278,9.72,936.77942,w/o MS2:PC O-48:4,[M+H]+,True,13.52,936.77802,530,True,True,False,99.7,99.9,,,,81819,605976,441270,209513,0,86611,557342,350288,179927,0,82611,578196,457412,169929,0,2.9774291762777882
25646,20839,9.721,885.67651,w/o MS2:SL 17:3;O/36:6;O,[M+Na]+,True,12.78,885.67493,530,True,True,False,99.6,100.0,,,,2172482,7870213,7830311,2926558,533421,2242043,7612622,6308018,2946710,526048,2232063,159302,7623208,2739265,512361,2.978373346298982
15997,22555,7.431,949.61688,Unknown,[M+H]+,False,,,999,False,False,False,,,,,,0,70070,102754,0,16158,0,60351,70996,0,28221,0,62114,80715,0,20984,2.9796939689238684
15571,21014,8.94,891.70605,Unknown,[M+Na]+,False,,,999,False,False,False,,,,,,0,0,0,59881,0,0,0,0,0,0,0,0,0,68333,0,2.980433283652994
23868,24963,7.859,1216.06885,w/o MS2:RIKEN P-VS1 ID-19012 from Mouse_Macrophage_WT_N_F1AA,[M+H]+,False,12.89,1216.06641,530,True,True,False,97.1,99.9,,,,0,0,0,0,0,0,0,0,0,0,0,0,0,0,0,2.9835495718185716
17949,26145,6.142,1510.08032,Unknown,[M+Na]+,False,,,999,False,False,False,,,,,,0,281526,532268,0,0,0,267678,466421,0,0,0,271084,608943,0,0,2.9859536392632733
677,9061,1.384,466.33038,LPC O-15:1,[M+H]+,True,6.08,466.32919,410,True,True,True,100.0,99.9,70.9,93.4,100.0,0,145270,134914,0,0,0,167930,125896,0,0,0,152097,134929,0,0,2.9886848111026314
6910,4822,3.775,314.28879,Unknown,[M+H]+,False,,,999,False,False,False,,,,,,26525,102646,31273,14850,0,25045,91070,31357,0,0,22633,102838,32907,12900,0,2.9886878863138517
25013,14414,7.787,679.56714,w/o MS2:SL 12:0;O/25:0;O,[M+H]+,False,10.1,679.56531,530,True,True,False,98.3,100.0,,,,88246,47400,48429,0,0,76577,45796,48916,0,0,78859,48279,53267,0,0,2.9943958977805614
91,9116,2.947,468.40646,CAR 21:1,[M+H]+,True,7.2,468.40469,410,True,True,True,100.0,99.9,80.7,87.7,100.0,0,351182,342453,0,0,0,350717,244236,0,0,0,43285,240707,0,0,2.995111640515638
5858,3667,1.995,270.31564,Unknown,[M+H]+,False,,,999,False,False,False,,,,,,76982,3440397,102205,113323,5663404,80467,47633,115705,121455,73515,79594,51267,101680,118954,73871,2.995444192994589
24576,13156,10.524,627.53424,w/o MS2:RIKEN P-VS1 ID-6350 from Mouse_Macrophage_WT_N_F1AA,[M+H]+,False,8.62,627.54132,530,True,True,False,77.8,100.0,,,,0,45442,36275,363717,0,0,40331,31336,223370,13211,0,54902,28677,298550,0,2.997688045987947
5295,3059,1.17,242.28419,Unknown,[M+H]+,True,,,999,False,False,False,,,,,,443474,388805,650235,758403,309411,454146,386764,686106,752123,316950,407975,389325,631212,756674,332581,3.002427119146309
17622,25680,5.718,1434.09363,Unknown,[M+H]+,False,,,999,False,False,False,,,,,,156378,26930,35826,0,0,58906,0,0,0,0,102025,0,38753,0,0,3.003925860809182
2714,408,7.229,140.06828,Unknown,[M+H]+,True,,,999,False,False,False,,,,,,138672,0,177756,0,0,132964,0,136607,0,104237,123206,0,151796,0,108050,3.018368146389455
21798,19545,6.089,845.67493,w/o MS2:NAGly 24:4;O(FA 28:6),[M+Na]+,False,12.56,845.67657,530,True,True,False,98.7,99.8,,,,76166,155126,222959,0,0,79079,141628,0,18942,0,63269,158482,290659,0,0,3.0194012702055915
21185,22582,9.722,950.80017,w/o MS2:HexCer 16:1;3O/35:1;(2OH),[M+H]+,True,13.33,950.80188,530,True,True,False,99.3,99.9,,,,183945,1266475,1085290,449976,0,170945,1265398,784534,424292,0,179700,1321050,1041113,416313,0,3.0232104560891138
23533,21309,9.722,901.64642,w/o MS2:RIKEN P-VS1 ID-15230 from Mouse_Kidney_WT_N_F1AA,[M+H]+,True,13.86,901.65179,530,True,True,False,95.7,99.9,,,,256934,738830,764508,0,79154,281056,692941,619943,0,0,266157,653987,731821,0,69400,3.0272544579682
25177,13944,7.908,661.51642,w/o MS2:SL 12:1;O/24:1;O,[M+H]+,True,8.61,661.51837,530,True,True,False,98.9,100.0,,,,256929,285760,449029,0,53251,281595,293645,425117,0,46896,263777,296381,454280,0,42447,3.0358465481177763
22086,19884,6.0,855.6604,w/o MS2:NAOrn 22:5;O(FA 28:6),[M+H]+,False,11.47,855.66101,530,True,True,False,99.8,99.8,,,,250078,532442,485049,123686,0,249925,672518,597096,117114,0,238930,606099,494383,0,0,3.0382312796918516
7273,5269,0.514,332.20779,Unknown,[M+H]+,True,,,999,False,False,False,,,,,,15758,27431,21154,93256,0,15485,26088,24192,81364,0,11154,26047,21031,0,0,3.049121026088464
339,13559,7.901,645.54584,DG 36:1,[M+Na]+,True,12.8,645.54279,420,True,True,True,100.0,99.9,75.0,75.0,100.0,3249186,2680939,4170687,194911,282388,3379061,2669504,3849602,165150,277773,3188322,2660141,4273525,196257,258102,3.05732494719974
11803,11621,4.946,563.50287,Unknown,[M+H]+,False,,,999,False,False,False,,,,,,0,9838,45012,0,0,0,0,39015,0,0,0,0,27891,0,0,3.062418525877711
6554,4438,3.534,300.27295,Unknown,[M+NH4]+,True,,,999,False,False,False,,,,,,208158,821856,659996,0,0,228937,742929,645024,0,0,197726,769876,685096,0,8301,3.073894322853301
