,Unnamed: 0,position,name,ms_level,polarity,retention_time,height,area,mz,neutral_mass,adducts,p_value,quantitation_mass,C1.mzXML retention_time,C1.mzXML height,C1.mzXML area,C1.mzXML mz,C10.mzXML retention_time,C10.mzXML height,C10.mzXML area,C10.mzXML mz,C11.mzXML retention_time,C11.mzXML height,C11.mzXML area,C11.mzXML mz,C12.mzXML retention_time,C12.mzXML height,C12.mzXML area,C12.mzXML mz,C13.mzXML retention_time,C13.mzXML height,C13.mzXML area,C13.mzXML mz,C14.mzXML retention_time,C14.mzXML height,C14.mzXML area,C14.mzXML mz,C15.mzXML retention_time,C15.mzXML height,C15.mzXML area,C15.mzXML mz,C16.mzXML retention_time,C16.mzXML height,C16.mzXML area,C16.mzXML mz,C17.mzXML retention_time,C17.mzXML height,C17.mzXML area,C17.mzXML mz,C18.mzXML retention_time,C18.mzXML height,C18.mzXML area,C18.mzXML mz,C19.mzXML retention_time,C19.mzXML height,C19.mzXML area,C19.mzXML mz,C2.mzXML retention_time,C2.mzXML height,C2.mzXML area,C2.mzXML mz,C20.mzXML retention_time,C20.mzXML height,C20.mzXML area,C20.mzXML mz,C21.mzXML retention_time,C21.mzXML height,C21.mzXML area,C21.mzXML mz,C22.mzXML retention_time,C22.mzXML height,C22.mzXML area,C22.mzXML mz,C23.mzXML retention_time,C23.mzXML height,C23.mzXML area,C23.mzXML mz,C24.mzXML retention_time,C24.mzXML height,C24.mzXML area,C24.mzXML mz,C25.mzXML retention_time,C25.mzXML height,C25.mzXML area,C25.mzXML mz,C26.mzXML retention_time,C26.mzXML height,C26.mzXML area,C26.mzXML mz,C27.mzXML retention_time,C27.mzXML height,C27.mzXML area,C27.mzXML mz,C28.mzXML retention_time,C28.mzXML height,C28.mzXML area,C28.mzXML mz,C29.mzXML retention_time,C29.mzXML height,C29.mzXML area,C29.mzXML mz,C3.mzXML retention_time,C3.mzXML height,C3.mzXML area,C3.mzXML mz,C30.mzXML retention_time,C30.mzXML height,C30.mzXML area,C30.mzXML mz,C31.mzXML retention_time,C31.mzXML height,C31.mzXML area,C31.mzXML mz,C32.mzXML retention_time,C32.mzXML height,C32.mzXML area,C32.mzXML mz,C33.mzXML retention_time,C33.mzXML height,C33.mzXML area,C33.mzXML mz,C34.mzXML retention_time,C34.mzXML height,C34.mzXML area,C34.mzXML mz,C35.mzXML retention_time,C35.mzXML height,C35.mzXML area,C35.mzXML mz,C36.mzXML retention_time,C36.mzXML height,C36.mzXML area,C36.mzXML mz,C37.mzXML retention_time,C37.mzXML height,C37.mzXML area,C37.mzXML mz,C38.mzXML retention_time,C38.mzXML height,C38.mzXML area,C38.mzXML mz,C39.mzXML retention_time,C39.mzXML height,C39.mzXML area,C39.mzXML mz,C4.mzXML retention_time,C4.mzXML height,C4.mzXML area,C4.mzXML mz,C40.mzXML retention_time,C40.mzXML height,C40.mzXML area,C40.mzXML mz,C41.mzXML retention_time,C41.mzXML height,C41.mzXML area,C41.mzXML mz,C42.mzXML retention_time,C42.mzXML height,C42.mzXML area,C42.mzXML mz,C43.mzXML retention_time,C43.mzXML height,C43.mzXML area,C43.mzXML mz,C44.mzXML retention_time,C44.mzXML height,C44.mzXML area,C44.mzXML mz,C45.mzXML retention_time,C45.mzXML height,C45.mzXML area,C45.mzXML mz,C46.mzXML retention_time,C46.mzXML height,C46.mzXML area,C46.mzXML mz,C47.mzXML retention_time,C47.mzXML height,C47.mzXML area,C47.mzXML mz,C48.mzXML retention_time,C48.mzXML height,C48.mzXML area,C48.mzXML mz,C49.mzXML retention_time,C49.mzXML height,C49.mzXML area,C49.mzXML mz,C5.mzXML retention_time,C5.mzXML height,C5.mzXML area,C5.mzXML mz,C50.mzXML retention_time,C50.mzXML height,C50.mzXML area,C50.mzXML mz,C51.mzXML retention_time,C51.mzXML height,C51.mzXML area,C51.mzXML mz,C52.mzXML retention_time,C52.mzXML height,C52.mzXML area,C52.mzXML mz,C53.mzXML retention_time,C53.mzXML height,C53.mzXML area,C53.mzXML mz,C54.mzXML retention_time,C54.mzXML height,C54.mzXML area,C54.mzXML mz,C55.mzXML retention_time,C55.mzXML height,C55.mzXML area,C55.mzXML mz,C56.mzXML retention_time,C56.mzXML height,C56.mzXML area,C56.mzXML mz,C57.mzXML retention_time,C57.mzXML height,C57.mzXML area,C57.mzXML mz,C58.mzXML retention_time,C58.mzXML height,C58.mzXML area,C58.mzXML mz,C59.mzXML retention_time,C59.mzXML height,C59.mzXML area,C59.mzXML mz,C6.mzXML retention_time,C6.mzXML height,C6.mzXML area,C6.mzXML mz,C7.mzXML retention_time,C7.mzXML height,C7.mzXML area,C7.mzXML mz,C8.mzXML retention_time,C8.mzXML height,C8.mzXML area,C8.mzXML mz,C9.mzXML retention_time,C9.mzXML height,C9.mzXML area,C9.mzXML mz,QC01.mzXML retention_time,QC01.mzXML height,QC01.mzXML area,QC01.mzXML mz,QC02.mzXML retention_time,QC02.mzXML height,QC02.mzXML area,QC02.mzXML mz,QC03.mzXML retention_time,QC03.mzXML height,QC03.mzXML area,QC03.mzXML mz,QC04.mzXML retention_time,QC04.mzXML height,QC04.mzXML area,QC04.mzXML mz,QC05.mzXML retention_time,QC05.mzXML height,QC05.mzXML area,QC05.mzXML mz,QC06.mzXML retention_time,QC06.mzXML height,QC06.mzXML area,QC06.mzXML mz,QC07.mzXML retention_time,QC07.mzXML height,QC07.mzXML area,QC07.mzXML mz,QC08.mzXML retention_time,QC08.mzXML height,QC08.mzXML area,QC08.mzXML mz,QC09.mzXML retention_time,QC09.mzXML height,QC09.mzXML area,QC09.mzXML mz,QC10.mzXML retention_time,QC10.mzXML height,QC10.mzXML area,QC10.mzXML mz,QC11.mzXML retention_time,QC11.mzXML height,QC11.mzXML area,QC11.mzXML mz,QC12.mzXML retention_time,QC12.mzXML height,QC12.mzXML area,QC12.mzXML mz,QC13.mzXML retention_time,QC13.mzXML height,QC13.mzXML area,QC13.mzXML mz,QC14.mzXML retention_time,QC14.mzXML height,QC14.mzXML area,QC14.mzXML mz,S1.mzXML retention_time,S1.mzXML height,S1.mzXML area,S1.mzXML mz,S10.mzXML retention_time,S10.mzXML height,S10.mzXML area,S10.mzXML mz,S11.mzXML retention_time,S11.mzXML height,S11.mzXML area,S11.mzXML mz,S12.mzXML retention_time,S12.mzXML height,S12.mzXML area,S12.mzXML mz,S13.mzXML retention_time,S13.mzXML height,S13.mzXML area,S13.mzXML mz,S14.mzXML retention_time,S14.mzXML height,S14.mzXML area,S14.mzXML mz,S15.mzXML retention_time,S15.mzXML height,S15.mzXML area,S15.mzXML mz,S16.mzXML retention_time,S16.mzXML height,S16.mzXML area,S16.mzXML mz,S17.mzXML retention_time,S17.mzXML height,S17.mzXML area,S17.mzXML mz,S18.mzXML retention_time,S18.mzXML height,S18.mzXML area,S18.mzXML mz,S19.mzXML retention_time,S19.mzXML height,S19.mzXML area,S19.mzXML mz,S2.mzXML retention_time,S2.mzXML height,S2.mzXML area,S2.mzXML mz,S20.mzXML retention_time,S20.mzXML height,S20.mzXML area,S20.mzXML mz,S21.mzXML retention_time,S21.mzXML height,S21.mzXML area,S21.mzXML mz,S22.mzXML retention_time,S22.mzXML height,S22.mzXML area,S22.mzXML mz,S23.mzXML retention_time,S23.mzXML height,S23.mzXML area,S23.mzXML mz,S24.mzXML retention_time,S24.mzXML height,S24.mzXML area,S24.mzXML mz,S25.mzXML retention_time,S25.mzXML height,S25.mzXML area,S25.mzXML mz,S26.mzXML retention_time,S26.mzXML height,S26.mzXML area,S26.mzXML mz,S27.mzXML retention_time,S27.mzXML height,S27.mzXML area,S27.mzXML mz,S28.mzXML retention_time,S28.mzXML height,S28.mzXML area,S28.mzXML mz,S29.mzXML retention_time,S29.mzXML height,S29.mzXML area,S29.mzXML mz,S3.mzXML retention_time,S3.mzXML height,S3.mzXML area,S3.mzXML mz,S30.mzXML retention_time,S30.mzXML height,S30.mzXML area,S30.mzXML mz,S31.mzXML retention_time,S31.mzXML height,S31.mzXML area,S31.mzXML mz,S32.mzXML retention_time,S32.mzXML height,S32.mzXML area,S32.mzXML mz,S33.mzXML retention_time,S33.mzXML height,S33.mzXML area,S33.mzXML mz,S34.mzXML retention_time,S34.mzXML height,S34.mzXML area,S34.mzXML mz,S35.mzXML retention_time,S35.mzXML height,S35.mzXML area,S35.mzXML mz,S36.mzXML retention_time,S36.mzXML height,S36.mzXML area,S36.mzXML mz,S37.mzXML retention_time,S37.mzXML height,S37.mzXML area,S37.mzXML mz,S38.mzXML retention_time,S38.mzXML height,S38.mzXML area,S38.mzXML mz,S39.mzXML retention_time,S39.mzXML height,S39.mzXML area,S39.mzXML mz,S4.mzXML retention_time,S4.mzXML height,S4.mzXML area,S4.mzXML mz,S40.mzXML retention_time,S40.mzXML height,S40.mzXML area,S40.mzXML mz,S41.mzXML retention_time,S41.mzXML height,S41.mzXML area,S41.mzXML mz,S42.mzXML retention_time,S42.mzXML height,S42.mzXML area,S42.mzXML mz,S43.mzXML retention_time,S43.mzXML height,S43.mzXML area,S43.mzXML mz,S44.mzXML retention_time,S44.mzXML height,S44.mzXML area,S44.mzXML mz,S45.mzXML retention_time,S45.mzXML height,S45.mzXML area,S45.mzXML mz,S5.mzXML retention_time,S5.mzXML height,S5.mzXML area,S5.mzXML mz,S6.mzXML retention_time,S6.mzXML height,S6.mzXML area,S6.mzXML mz,S7.mzXML retention_time,S7.mzXML height,S7.mzXML area,S7.mzXML mz,S8.mzXML retention_time,S8.mzXML height,S8.mzXML area,S8.mzXML mz,S9.mzXML retention_time,S9.mzXML height,S9.mzXML area,S9.mzXML mz,VIP
59212,38737,38738,#38738 288.1447@5.891 MS1+,1,+,5.891,15310.3677,582.0565,288.1447,,,0.0,288.1447,,,,,,,,,,,,,,,,,,,,,,,,,,,,,,,,,,,,,,,,,,,,,,,,,,,,,,,,,,,,,,,,,,,,,,,,,,,,,,,,,,,,,,,,,,,,,,,,,,,,,,,,,,,,,,,,,,,,,,,,,,,,,,,,,,,,,,,,,,,,,,,,,,,,,,,,,,,,,,,,,,,,,,,,,,,,,,,,,,,,,,,,,,,,,,,,,,,,,,,,,,,,,,,,,,,,,,,,,,,,,,,,,,,,,,,,,,,,,5.8913,4752.2042,197.73,288.1452,5.8861,4530.8382,108.6812,288.1449,5.8876,5600.6836,192.7345,288.1446,5.8969,5001.2147,192.6906,288.1452,5.8935,4601.9151,165.7788,288.1445,5.8976,4841.1502,166.1057,288.1445,5.8899,4748.9221,148.4871,288.1446,5.8931,5254.4562,201.286,288.1448,5.8883,5270.8325,199.1307,288.1443,5.8875,5714.5342,193.2253,288.1446,,,,,5.8921,6665.1449,181.4854,288.1445,5.8849,5360.6003,194.9226,288.1443,5.8843,4926.342000000001,186.7475,288.1446,,,,,5.8909,7053.3625,244.848,288.1451,5.8917,2021.0556,72.4679,288.1451,5.8925,6197.9853,215.7182,288.1449,5.8929,5623.7107,218.9783,288.1448,5.8921,4411.7807,159.72799999999998,288.1449,5.8854,6932.1409,239.6159,288.1445,5.8936,10697.7447,406.6977,288.1451,5.8859,4863.3659,166.5763,288.1448,,,,,5.8926,4260.3166,165.4228,288.1442,5.894,6086.9544,211.9302,288.1452,5.8851,6684.802,234.4567,288.145,5.8846,6046.1085,252.5991,288.1448,5.8952,4093.0416,162.0163,288.1444,5.8854,4208.0432,154.295,288.1444,5.8869,5975.4936,212.6054,288.1448,5.8918,7923.5171,268.2816,288.1447,5.8825,4658.3588,175.6715,288.144,,,,,5.8933,6652.1736,255.1934,288.1448,5.8935,3081.094,118.1302,288.1445,5.8883,6752.1391,234.3412,288.1445,,,,,5.8898,4104.3219,131.6208,288.1449,,,,,,,,,5.8847,2922.4856,89.9512,288.1445,5.8947,2766.6017,97.4235,288.1453,,,,,5.8877,5638.5116,215.8054,288.1449,5.8999,5336.6992,193.6305,288.1445,5.8887,3809.1777,129.3098,288.1448,5.8928,6665.3524,248.8713,288.1442,5.8861,3254.5287,118.1003,288.1445,5.8948,4659.4352,184.3519,288.1448,5.8884,3499.3661,138.7673,288.145,5.893,2425.6681,92.8242,288.1458,,,,,5.8923,3791.6528,128.2319,288.1446,5.8887,7092.5375,298.7617,288.145,5.8963,2884.8354,78.4856,288.1445,5.899,6022.7568,199.6767,288.1447,,,,,5.8887,4557.8492,176.8971,288.1449,6.232153367908658
59210,6838,6839,#6839 189.1469@1.897 MS1+,1,+,1.897,7187.4818,686.3161,189.1469,,,0.0,189.1469,1.9024,1662.7483,179.2569,189.1467,1.9001,3535.9483,339.7265,189.1465,1.8822,3349.8512,402.0003,189.147,1.8864,2762.2881,247.0827,189.147,1.8981,2285.2669,272.099,189.1469,1.8876,4892.4472,493.0744,189.1472,1.8872,1870.1548,197.4535,189.1466,1.8871,3114.2561,407.4814,189.1462,1.8756,2692.5122,243.5118,189.1468,1.8946,1332.7592,153.0418,189.1471,,,,,1.8931,3715.513,359.9274,189.1465,1.8795,3282.0933,343.9766,189.1469,1.8791,3147.9735,292.5048,189.1472,1.9171,3123.67,290.8502,189.1471,1.919,4096.8972,391.2033,189.1466,,,,,,,,,1.9152,2645.9597,325.4007,189.1467,1.894,3024.123,345.1804,189.1467,1.8974,2689.4863,290.8535,189.1471,1.9024,3516.0928,339.1939,189.1469,1.8973,4105.7927,510.468,189.147,1.9088,3615.5181,364.042,189.147,1.9095,2986.6055,350.5934,189.1475,1.9342,1327.5086,47.229,189.1472,1.9171,3120.2448,343.6278,189.1474,1.9004,2476.532,277.1378,189.1464,1.8934,1998.028,209.883,189.1466,1.8969,2453.433,234.3049,189.1468,1.8903,2202.8296,301.8288,189.1471,1.9203,3274.5201,361.4197,189.147,1.8975,1367.6203,163.46,189.1469,,,,,1.9,3358.9303,381.3554,189.1474,1.9022,2567.1843,290.1336,189.1475,1.8997,4361.6799,572.4666,189.147,1.898,2938.7094,342.3591,189.1465,1.9069,2983.4001,344.8785,189.1471,1.899,1923.0229,117.1155,189.1471,1.8714,1637.4724,182.6469,189.1471,,,,,,,,,1.9095,1654.4332,176.6164,189.1477,1.8916,4297.917,420.8768,189.1464,1.9041,2777.9834,317.1771,189.1464,1.9362,2073.4324,49.5876,189.1466,1.8796,2257.163,262.8348,189.1467,1.9014,2162.2805,233.4579,189.1473,1.8981,2944.2453,340.2862,189.147,1.9029,3439.9235,337.862,189.1462,1.9143,2751.4505,305.1378,189.1464,1.8939,2103.9867,249.9883,189.1466,1.903,1385.5593,129.132,189.1466,,,,,1.8976,1685.5682,169.238,189.1469,1.8994,1196.5675,133.0989,189.1468,1.8781,940.8342,63.8739,189.1476,,,,,,,,,1.8649,875.2382,65.5245,189.1468,1.8927,981.3298,87.9198,189.1463,,,,,1.8875,904.2002,72.8752,189.1475,,,,,,,,,1.9015,1044.59,74.6524,189.1469,,,,,1.8939,1054.8696,87.5816,189.147,,,,,,,,,,,,,1.8679,701.8453,49.1369,189.1477,1.904,1109.9141,97.056,189.1472,,,,,,,,,,,,,,,,,,,,,1.8774,893.3306,87.2855,189.1466,,,,,,,,,,,,,1.9009,921.6113,68.543,189.1472,1.9097,1145.5444,66.4202,189.1477,1.8847,755.25,80.6128,189.1466,,,,,1.8882,842.5793,71.8056,189.1465,,,,,,,,,1.8848,1080.6397,80.3675,189.1467,,,,,,,,,,,,,1.8795,881.3471,63.2628,189.147,,,,,1.8955,940.3979,83.7938,189.1467,1.9245,1164.7688,23.9759,189.1478,1.8987,951.5017,94.4133,189.1473,1.8858,2183.4839,211.1292,189.1472,,,,,1.8904,964.8766,83.3628,189.1472,,,,,,,,,,,,,,,,,,,,,,,,,,,,,,,,,,,,,1.8929,1216.073,107.6821,189.1473,1.8953,1181.8904,119.3448,189.1465,,,,,,,,,,,,,1.8701,973.2706,82.5848,189.1473,1.9066,2130.1699,182.302,189.147,5.469629464905697
59209,2674,2675,#2675 191.1512@1.896 MS1+,1,+,1.896,103806.8157,14849.649,191.1512,,,0.0,191.1512,1.8906,26076.5689,3755.6424,191.1512,1.9001,49849.5742,7212.5077,191.1509,1.8822,53970.8699,7786.1225,191.1513,1.8976,40156.0217,5805.1787,191.1509,1.887,36260.4931,5240.2128,191.1513,1.9065,65723.64,9834.4204,191.1514,1.9022,28752.058,4196.8637,191.1514,1.8986,45365.7743,7052.24,191.151,1.8869,41519.747,6263.0887,191.1514,1.9063,22892.739,3425.3144,191.1513,1.8751,12727.6478,1054.4583,191.1513,1.8931,53827.8146,7926.4703,191.1512,1.891,48870.1367,6667.624,191.1515,1.8905,49925.4138,7239.4546,191.1511,1.9056,48363.4239,7115.5308,191.1512,1.8965,56651.4209,8611.5962,191.1509,,,,,1.8957,21522.649,2759.4273,191.1507,1.8999,41081.7378,6109.0554,191.1512,1.894,47973.5829,6123.8636,191.151,1.8859,37843.3029,5539.2201,191.1512,1.8912,50662.7023,7031.9193,191.1512,1.8973,54835.8252,8409.35,191.1514,1.8973,60699.0774,8683.0522,191.1513,1.898,42635.5998,6141.2246,191.1515,1.8965,28230.7827,4133.7935,191.1511,1.906,47408.5683,6828.8429,191.1515,1.9123,38885.3804,5704.1025,191.1513,1.9054,30431.7232,4369.3336,191.1509,1.8857,36251.9076,5502.4846,191.1511,1.9013,37918.9116,5900.4281,191.1515,1.8976,47835.8209,6548.9001,191.1512,1.8975,21205.9891,2867.1197,191.1513,1.9019,34668.6679,5080.4955,191.1516,1.9,46894.9849,6976.4804,191.1514,1.9022,42477.4266,6280.6303,191.1514,1.8887,68584.2047,10396.6625,191.1515,1.8868,45329.3394,7078.6275,191.1511,1.9069,43987.8887,6824.9939,191.1514,1.8875,26544.8089,3757.9712,191.1512,1.8824,27023.5679,3737.7561,191.1514,1.9087,1955.1671,198.689,191.1508,1.9207,3426.2707,488.2639,191.1511,1.9095,28318.3586,3622.1647,191.1514,1.9139,55268.3037,7973.7997,191.1511,1.9041,38508.6555,6081.085,191.1509,1.8802,31790.4168,4512.5834,191.1513,1.8909,35140.0444,4760.0385,191.151,1.9127,33581.1255,5041.9204,191.1513,1.8981,43080.9198,6026.3973,191.1513,1.8917,44880.5589,6806.0227,191.1511,1.9028,43169.6243,6497.838000000001,191.1511,1.8939,33134.9323,4755.1159,191.1511,1.9147,22956.7342,3044.0418,191.1515,,,,,1.8748,24826.9385,3515.8726,191.1514,1.9105,18458.5502,2730.8258,191.1511,1.8894,12098.3055,1483.8099,191.1512,,,,,1.9154,12326.6786,1226.0719,191.1518,1.8684,13792.3661,1816.7284,191.1507,1.8816,14070.4712,1657.9958,191.151,1.909,12942.5835,1729.1133,191.1509,1.8875,13867.8575,1911.9117,191.151,1.8973,13251.1458,1760.6407,191.1507,1.9116,13362.2764,1846.6447,191.151,1.9015,12935.4667,1707.4667,191.1511,1.9015,13278.6663,1608.4903,191.151,1.8827,13580.3411,1879.0441,191.1511,1.8947,12895.2803,1496.0957,191.1512,1.8931,13155.1659,1521.3682,191.151,1.9084,12859.0069,1724.0378,191.1515,1.9015,13308.7719,1587.1511,191.1514,1.8929,14597.3263,2129.1736,191.1509,1.8955,15468.6841,2388.0589,191.1512,1.8927,9133.3561,1175.505,191.1512,1.888,12369.2004,1788.8298,191.1513,1.8844,14143.2698,2004.4263,191.151,1.9105,13051.8321,1853.6055,191.1514,1.9005,14325.4175,1989.7831,191.1508,1.8948,12229.3785,1768.8836,191.1511,1.9019,12979.2837,1860.967,191.1516,1.9066,14003.7728,1641.7456,191.1508,1.8894,12963.3094,1694.9489999999998,191.1511,1.8875,12571.2454,1615.0343,191.151,1.896,11461.4413,1535.6897,191.1509,1.8876,17973.2172,2538.4942,191.1511,1.8882,11148.8301,1578.9263,191.1514,1.9062,11406.5744,1438.7362,191.1511,1.9024,13724.6099,1618.6353,191.1512,1.8848,11931.5452,1228.2565,191.1509,1.8935,12733.1566,1565.7281,191.1513,1.9084,11095.7875,1660.1038,191.1508,1.8938,13419.782,1915.4543,191.1511,1.8907,13681.0224,1946.5091,191.151,1.8961,14184.4637,1917.1365,191.1514,1.8955,13213.8186,1819.2941,191.1511,1.8878,15281.6725,1540.8799,191.1512,1.8987,13750.9479,1923.5055,191.1513,1.8975,31873.9316,4671.6832,191.151,1.8774,9142.4399,1238.2186,191.1512,1.8904,13924.0246,2034.1375,191.1514,1.8847,9914.3124,1146.7591,191.1509,1.8894,12465.9923,1935.668,191.151,1.8845,14096.8114,2031.4279,191.1512,1.9002,10054.884,1320.4604,191.1515,1.9004,18111.4551,2123.3371,191.1512,1.8902,10709.5331,1343.9276,191.151,1.9071,12384.1177,1527.2037,191.151,1.8912,15285.2037,2399.3259,191.1516,1.9071,8225.4273,1121.8542,191.1514,1.9039,17648.0907,2442.4638,191.1515,1.8953,15766.6396,2113.6028,191.1509,1.9047,14357.8335,1873.5808,191.1512,1.8898,10142.7474,1403.9982,191.1511,1.9045,15548.497,2203.1877,191.151,1.9038,14725.8229,2011.6806,191.1509,1.8951,26542.6488,3843.2214,191.1514,5.325833901312019
59208,202,203,#203 415.2121@0.589 MS1+,1,+,0.589,120850.9295,3352.2948,415.2121,,,0.0,415.2121,0.586,46509.602,972.9586,415.2121,0.5843,30106.2379,1029.819,415.2122,0.5917,14439.9893,463.3088,415.2123,0.5901,24926.4543,781.3897,415.2121,0.5889,38431.6095,1083.2057,415.2118,0.5893,47620.312000000005,1273.2738,415.2123,0.584,21737.7174,644.2095,415.2125,0.5917,34031.7801,1122.2118,415.2123,0.5878,27582.8698,872.3062,415.212,0.59,17220.3056,500.9238,415.2124,0.5833,27548.0984,792.5636,415.2124,0.584,37502.2596,1427.1806,415.2124,0.5863,34763.7125,1106.8601,415.2121,0.5897,39501.0484,1100.7193,415.2127,0.5895,29864.5833,914.1836,415.2118,0.5831,45157.7502,1656.753,415.2125,,,,,0.588,20154.1042,600.0301,415.2132,0.5878,10466.767,294.9847,415.212,0.5907,20577.7711,635.0497,415.2128,0.5843,26255.1604,930.6917,415.2117,0.5841,20422.6366,562.6991,415.2124,0.5886,15517.2552,456.6174,415.2127,0.5859,18988.1311,541.3662,415.2128,0.5826,28052.7956,845.7572,415.2118,0.5876,21802.1572,523.9072,415.212,0.5869,22291.1919,612.3118,415.2122,0.5876,17388.6707,465.9525,415.2121,0.5861,18343.7976,450.8296,415.2122,0.5828,15098.1421,529.0566,415.2119,0.5877,23219.3373,645.5407,415.2118,0.5923,19383.9527,641.8668,415.2117,0.5869,11205.0659,305.7663,415.2117,0.59,40422.6969,1041.9976,415.2118,0.5917,69886.0788,2257.2094,415.2122,0.5901,24152.2108,696.6812,415.212,0.5866,34634.8067,1053.2862,415.2126,0.59,38293.973,1285.5774,415.2127,0.5916,15389.6095,511.6235,415.2122,0.59,26463.3799,753.3574,415.2118,0.5831,30675.1996,981.1611,415.2115,0.5892,40825.5861,1023.5773,415.2117,,,,,0.5857,13463.8528,391.7202,415.2123,0.5868,33112.2501,848.5016,415.2123,0.5891,26448.5098,749.8891,415.2129,0.5914,12226.455,423.4473,415.2122,0.5918,24187.8223,801.2847,415.2121,0.5882,9040.0,244.9399,415.2121,0.5905,11040.4825,394.6146,415.2121,0.5882,88570.0392,2456.8523,415.2123,0.5921,16350.0656,527.0085,415.2128,0.5923,33812.2948,1062.5969,415.2122,0.5927,6761.6679,213.993,415.2121,,,,,0.5867,12059.0482,364.2657,415.2118,0.5911,21824.8596,753.3097,415.2123,0.5888,17530.9464,495.9815,415.2121,,,,,0.5913,6228.6443,183.7356,415.2118,0.5827,2275.3511,82.4105,415.2128,0.5864,2971.155,87.7966,415.2122,0.5895,4484.4608,110.0022,415.2126,0.5887,3077.7488,90.5426,415.2123,0.5875,3733.5866,106.8578,415.212,0.5918,3237.8459999999995,96.3002,415.2121,0.5874,3578.8212,104.9583,415.2121,0.5878,4071.0464,120.7493,415.212,0.5899,6352.4019,173.6471,415.2121,0.5896,5760.7766,170.0771,415.2115,0.5917,5286.6181,163.8009,415.2121,0.5908,5591.8014,153.1809,415.2118,0.5876,7176.1661,190.8479,415.2116,0.5926,6001.6282,159.8671,415.2116,0.5917,14978.4796,338.2549,415.2112,0.5854,14401.9668,355.4719,415.2124,,,,,0.5894,21903.4103,593.3815,415.2121,0.5869,4997.5423,138.7633,415.2116,0.5909,7637.420999999999,244.4145,415.2121,0.5859,10471.8078,304.895,415.2124,0.5843,9347.6349,333.3055,415.2122,0.5895,15141.6355,420.7731,415.2123,0.5891,6354.2656,175.6704,415.2119,,,,,0.5896,9388.6606,269.5194,415.2124,,,,,,,,,,,,,,,,,,,,,,,,,,,,,,,,,,,,,,,,,,,,,,,,,,,,,,,,,,,,,,,,,,,,,,,,,0.5914,2315.8771,52.0179,415.2127,0.5916,1799.9225,47.7453,415.2112,0.5907,5858.9551,152.0977,415.2119,,,,,,,,,,,,,,,,,0.5932,3405.4724,122.5407,415.2122,,,,,0.5874,8004.4594,277.7875,415.2118,0.5942,2768.5175,91.4569,415.2123,0.5887,14968.5772,424.7092,415.2123,0.5922,9291.4527,272.8418,415.2129,0.5898,7831.195,197.4735,415.2115,5.194153115533479
59207,839,840,#840 115.0507@1.245 MS1+,1,+,1.245,21396.4947,1422.8596,115.0507,,,0.0,115.0507,1.2414,2126.8926,57.1175,115.0506,1.2393,3678.1254,203.5926,115.0505,1.2314,2390.8124,166.5792,115.0508,1.2333,4026.1827,266.1529,115.0503,1.2511,3905.3385,242.6011,115.0508,1.2514,4112.932,199.4006,115.0511,1.2339,2790.5905,163.1006,115.051,1.2494,3739.9162,193.9488,115.0505,1.2325,2685.465,167.3613,115.0509,1.236,6828.0749,360.0214,115.0509,1.255,2165.9332,132.4513,115.0509,1.2584,4493.4073,276.4132,115.0505,1.248,2883.0909,171.8649,115.0512,1.2389,2948.1917,186.0107,115.0502,1.2468,2652.3067,165.8737,115.051,1.2556,2562.5107,153.6937,115.0504,,,,,,,,,1.2672,6964.9676,530.7218,115.0505,1.2467,7420.0708,433.0983,115.0504,1.2498,4296.3704,234.6719,115.0507,1.2456,3143.805,221.006,115.0509,1.256,1908.1603,116.608,115.0507,1.2547,3263.4877,233.5179,115.0506,1.2514,2681.914,162.8583,115.0512,1.2271,2755.6389,181.1301,115.051,1.2432,7839.5435,550.8388,115.0509,1.2322,2560.4692,181.343,115.0508,1.2419,5444.7542,322.0422,115.0504,1.2371,2325.9871,143.7577,115.0508,1.2324,3751.1287,241.9603,115.0511,1.2308,2759.0417,189.7084,115.051,1.2481,11424.7116,678.2022,115.0507,1.2251,1735.7451,106.5475,115.0509,1.251,2363.7934,107.4712,115.0512,1.2264,3297.6756,227.2037,115.051,1.254,1349.3303,79.5925,115.0512,1.2473,3034.4433,165.9505,115.0507,1.2484,3397.0423,205.0867,115.0509,1.2447,2571.5378,172.5481,115.0511,1.2467,2899.1248,148.02,115.0509,1.2545,8358.2844,765.7539999999999,115.0502,1.2436,3261.9779,239.838,115.0506,1.2472,8264.689,532.1757,115.051,1.258,4386.005999999999,270.0237,115.0506,,,,,1.2339,7354.4306,452.3828,115.0508,1.2443,7264.9662,427.4893,115.0503,1.2434,5153.0105,348.2468,115.051,1.2543,5609.9992,362.7516,115.0506,1.2412,5832.3235,339.841,115.0508,1.261,5299.878000000001,358.8902,115.0502,1.2421,5074.0446,291.1993,115.0504,1.2365,8933.3641,744.6118,115.0507,,,,,1.2547,2691.3138,159.1279,115.0504,1.2464,6525.7159,416.0513,115.0505,1.234,4049.122,272.5678,115.0506,,,,,,,,,,,,,1.2502,7557.0326,433.5955,115.0503,1.249,5947.1348,429.1078,115.0504,1.2435,6741.6213,456.2413,115.0506,1.2275,6108.0327,468.7287,115.0505,1.2459,7696.2406,479.2703,115.0505,1.2513,6888.1967,459.4065,115.0507,1.2458,7433.6038,478.2683,115.0507,1.2369,6640.8513,526.3061,115.0508,1.2526,6392.1212,485.3482,115.0507,1.2493,6674.5415,478.8128,115.0508,1.2433,8128.4842,513.6658,115.051,1.2469,7672.2359,497.32,115.051,1.2476,10006.0869,649.4723,115.0504,1.2465,6354.0253,458.4306,115.051,1.2401,9194.275,587.2914,115.0513,1.2493,5718.9234,386.2229,115.0511,1.244,8193.0384,459.5214,115.0509,1.2477,9329.5889,673.3122,115.051,1.2502,8186.29,548.9732,115.0504,1.241,5668.4392,357.3478,115.0504,1.2444,8799.7964,567.3531,115.0512,1.2295,9202.6944,685.6418,115.0502,1.2473,10649.4604,595.0395,115.0506,1.2516,8594.1312,575.9425,115.0503,1.2319,8745.7613,658.0197,115.0504,1.2398,3795.8051,230.0313,115.0507,1.2541,9266.5023,592.0421,115.0506,1.2494,6712.1604,487.0774,115.051,1.242,10868.9101,759.3318,115.0509,1.2305,10271.7929,668.6617,115.0505,1.2527,7250.4981,416.7461,115.0509,1.2487,6249.0251,470.3111,115.0502,1.2517,5945.127,417.247,115.0505,1.241,6649.514,397.6577,115.0504,1.2326,6030.1761,386.6124,115.0508,1.2504,10058.1834,637.5315,115.0505,1.2322,8186.7541,519.7085,115.0512,1.2644,5419.0888,390.3861,115.0511,1.2535,4335.7558,277.8012,115.0503,1.2529,13007.1271,864.9695,115.0507,1.2597,6923.3509,494.7957,115.0509,1.2541,6411.835999999999,446.2668,115.0505,1.2365,7495.075,382.7385,115.0506,1.2379,11833.833,647.0848,115.0506,1.2564,8549.2333,560.5487,115.0511,1.256,5250.2838,346.2949,115.051,1.2519,7391.1133,493.8894,115.0507,1.2392,6848.4084,437.4816,115.0509,1.2367,7255.3778,417.5549,115.0509,1.2359,6770.8401,453.4939,115.0512,1.2584,8665.298,592.8733,115.0508,1.2381,10801.7984,741.1671,115.0507,1.2461,10139.9604,630.3541,115.0507,1.2495,7240.2252,477.2056,115.0507,1.251,5644.2215,321.5242,115.0508,1.2504,4556.0652,284.3059,115.0502,1.2563,9533.4903,630.7666,115.0511,5.186172144668793
59205,1598,1599,#1599 288.1447@5.910 MS1+,1,+,5.91,19862.8165,917.5517,288.1447,,,0.0,288.1447,5.8846,3918.0789,143.4181,288.1449,5.8936,9919.3152,328.9057,288.1445,,,,,5.8914,6513.8174,205.7141,288.1451,5.8870000000000005,5496.3546,197.4285,288.145,5.8957,5814.2612,200.1502,288.145,5.8869,7281.9752,245.7653,288.1447,5.8966,6326.9536,217.5474,288.1444,5.8824,8165.5695,303.7547,288.1444,5.8887,3642.2751,125.0317,288.1453,5.8954,4024.9324,139.5976,288.1447,5.8947,5592.1673,177.9797,288.1449,5.8921,4177.3732,129.6103,288.1446,5.8929,3743.0291,134.5888,288.1454,,,,,5.8974,6959.9349,272.5159,288.1447,,,,,,,,,5.8982,6288.0832,230.2506,288.1449,5.9544,9751.2787,719.3695,288.1448,5.8834,4834.207,154.4143,288.1444,5.9552,8502.7017,423.4406,288.1443,5.8833,7708.6116,312.9758,288.1447,5.9623,8287.9494,375.4807,288.1453,5.886,7129.5264,264.9353,288.1451,5.8943,5543.8996,204.1107,288.1451,5.9531,9700.1732,378.2064,288.1444,5.9574,5780.4078,243.6302,288.1448,5.8935,6235.4833,216.7403,288.1448,5.9662,7909.0313,376.4088,288.1449,5.8924,3881.8701,157.3205,288.1444,5.9509,7757.3926,343.9054,288.1446,5.9525,6289.1989,317.1496,288.1447,5.948,6301.9175,194.3825,288.1446,5.8999,2450.6726,113.1662,288.1451,5.8863,3513.3285,157.672,288.1451,5.8855,6738.2134,253.9675,288.1449,5.8861,8315.8681,292.8212,288.1444,5.8917,3611.6084,135.0032,288.1443,5.8885,5325.8677,203.7877,288.145,5.8876,4813.307,170.5605,288.1452,5.8872,3820.0124,139.7932,288.1445,5.8932,3626.4942,143.8136,288.1453,5.8948,2817.9970000000003,95.7389,288.144,5.8944,5461.4676,187.3967,288.1446,5.8901,5837.184,218.1505,288.1445,5.8895,5433.0589,204.27,288.1447,5.8952,5777.2528,175.2646,288.1449,5.8862,5056.3944,191.4439,288.1446,5.8996,4519.1009,174.1034,288.1447,5.8918,7780.4785,286.5662,288.1443,5.89,7476.2175,254.4474,288.1442,5.8973,6832.5925,247.7951,288.1448,5.8862,4639.1708,153.0024,288.1447,,,,,5.885,3533.4921,126.6706,288.1443,5.8942,3279.8131,124.4661,288.145,5.9595,10273.896,474.5969,288.145,,,,,,,,,,,,,,,,,,,,,,,,,,,,,,,,,,,,,,,,,,,,,,,,,,,,,,,,,,,,,,,,,,,,,,,,,,,,,,,,,,,,,,,,,,,,,,,,,5.9608,4745.9038,258.2693,288.1448,,,,,,,,,,,,,,,,,,,,,,,,,,,,,,,,,,,,,5.9604,8463.619,445.6761,288.1444,,,,,,,,,,,,,5.9595,6348.1722,247.3041,288.1448,,,,,5.9512,7630.3973,522.2501,288.1445,5.9492,6456.3076,309.4155,288.1446,,,,,,,,,5.9484,7927.1809,301.2224,288.1449,,,,,,,,,,,,,,,,,,,,,,,,,,,,,,,,,5.9605,6215.0344,280.7999,288.1449,,,,,,,,,,,,,,,,,5.9661,8958.9077,308.7521,288.1448,,,,,4.843180923078428
59204,2394,2395,#2395 268.1045@2.677 MS1+,1,+,2.677,27112.852000000003,2226.434,268.1045,,,0.0,268.1045,2.6576,2707.4319,137.7408,268.1049,2.6784,2914.1712,201.2753,268.1044,,,,,2.6782,3999.333,303.4461,268.1045,2.6660000000000004,10075.9023,793.682,268.1045,,,,,,,,,2.6682,2918.7949,221.3702,268.1043,,,,,2.6719,771.8529,10.4255,268.1051,2.6687,3572.8051,130.9142,268.1048,,,,,2.6773,5574.2672,360.5375,268.1048,2.6804,2144.1086,171.4368,268.1045,2.6849,5963.0808,414.0738,268.1042,2.6782,6159.5524,388.4783,268.1039,,,,,2.6719,3160.4105,242.8999,268.1043,2.6805,8807.288,737.9171,268.1048,2.6793,5381.0787,417.9978,268.1045,2.6917,7100.8926,503.9128,268.1048,2.668,7525.6657,663.0719,268.1041,2.6731,5316.7033,392.3821,268.1045,2.6795,7495.3925,702.5289,268.1046,2.68,6972.6868,439.648,268.1049,2.7006,2206.5966,93.1388,268.105,2.6868,9453.9612,864.6536,268.1045,2.6821,12662.9548,1006.4507,268.1047,2.6768,5435.4337,506.6682,268.1038,2.6694,1930.1697,94.6889,268.1047,2.6755,4956.5776,266.1523,268.105,2.6801,7145.295,593.4655,268.1039,2.6891,715.5398,35.806999999999995,268.1037,,,,,,,,,2.6756,4164.3704,263.0723,268.1046,2.6823,3559.4532,142.9329,268.1045,2.6784,4213.6408,274.3431,268.1044,2.6648,2120.4115,38.0734,268.1045,2.6736,6540.5951,373.3531,268.1035,2.6679,6233.2431,504.5875,268.1047,2.6713,2294.0185,157.57399999999998,268.1041,,,,,2.6566,2561.2512,167.6704,268.1049,2.677,2260.8001,164.4429,268.1046,2.6822,7745.7917,678.3608,268.1045,,,,,,,,,2.6783,11913.8328,767.2114,268.1049,2.6709,2180.5106,130.235,268.1046,2.6828,3034.4804,101.1049,268.1056,2.6695,7518.9187,574.0815,268.1044,2.6734,5279.4677,355.5644,268.1043,2.6838,6770.6078,785.4783,268.1049,,,,,2.6471,1465.5058,20.8278,268.1038,2.6842,7511.1161,591.1479,268.1045,2.6757,6038.482,578.7001,268.1045,,,,,2.6853,7740.9016,613.8992,268.1048,,,,,2.6626,7259.7398,543.6768,268.1044,2.6829,7193.5611,623.4116,268.1044,2.6746,7456.7651,602.6184,268.1047,2.6823,7526.3857,633.3332,268.1041,2.6807,8043.4958,665.1626,268.1047,2.6721,7835.3359,588.2867,268.1042,2.6829,6959.380999999999,609.2348,268.1044,2.6801,7813.7368,632.7073,268.1043,2.6735,8769.7269,640.0268,268.1048,2.6766,9317.9735,611.3276,268.1047,2.6777,8004.0531,623.7555,268.1043,2.681,7027.0838,587.3941,268.1045,2.6812,9923.6546,648.7082,268.1046,2.6864,10848.9404,750.3766,268.1045,2.6861,16748.1408,1157.6255,268.1046,2.6795,8763.5085,587.9215,268.1048,2.6932,8803.6019,701.7376,268.1041,2.6786,14810.416,1287.8076,268.1047,2.668,14806.9392,1215.9058,268.1044,2.6788,9838.5721,717.9147,268.1044,2.6817,14680.4393,934.8191,268.1049,2.6831,9574.2714,797.3603,268.1042,2.6687,4425.8814,345.92800000000005,268.1044,2.6897,9065.3115,782.7626,268.1045,2.704,1012.5726,59.5299,268.1037,,,,,2.6742,9464.655,738.7112,268.1042,2.6728,5768.8066,437.6818,268.1047,2.6697,6857.8808,505.5472,268.1043,2.6809,9472.1279,914.9144,268.1045,2.68,12060.321000000002,731.0035,268.1041,2.6754,10270.0062,896.7204,268.1041,2.6711,5743.8132,399.904,268.1046,2.679,3969.6215,300.3088,268.1049,2.6836,9651.5463,888.1969,268.1045,2.6795,7315.8057,618.0288,268.1044,2.6683,7643.8571,463.4917,268.1041,2.6830000000000003,11590.6617,866.1399,268.1046,2.6665,5266.2531,513.5391,268.1045,2.6783,8655.9788,637.174,268.1044,2.6807,10468.3261,768.3071,268.105,2.6707,13101.2104,1202.2001,268.1046,2.6741,8732.2872,571.2945,268.1045,2.6658,7126.7076,584.1661,268.1043,2.6825,9790.8343,826.0139999999999,268.105,2.6733,10875.5655,821.6077,268.1047,2.6679,9917.0048,792.6601,268.10400000000004,2.6733,6193.9585,509.692,268.1047,2.6705,10596.3834,915.6024,268.1046,2.6897,7691.4631,648.1088,268.1048,2.6756,10208.6653,793.7193,268.1044,2.6784,16899.6031,1560.372,268.1042,2.6737,13271.6138,1216.4428,268.1047,2.682,6203.7956,413.8129,268.1043,2.6831,9406.1571,611.6013,268.1043,2.6616,1495.3467,63.5114,268.1046,2.6777,19588.5544,1533.3499,268.1045,4.737928266898171
59203,12073,12074,#12074 216.1709@4.419 MS1+,1,+,4.419,6827.4152,552.7521,216.1709,,,0.0,216.1709,,,,,,,,,,,,,4.4225,831.4008,20.1529,216.1706,,,,,,,,,,,,,,,,,,,,,,,,,,,,,,,,,,,,,,,,,,,,,,,,,,,,,,,,,,,,,4.4112,792.5218,55.8099,216.1706,,,,,,,,,,,,,,,,,,,,,,,,,4.4327,1161.4644,75.7336,216.1705,,,,,,,,,,,,,,,,,,,,,,,,,,,,,,,,,,,,,,,,,,,,,,,,,,,,,,,,,,,,,,,,,,,,,,,,,,,,,,,,,,,,,,,,,,,,,,,,,,,,,,,,,,,,,,,,,,,,,,,,,,,,,,,,,4.4796,766.8934,16.1284,216.1712,4.3975,2234.965,159.0816,216.1705,4.4071,2218.1653,126.8138,216.1704,4.4218,1976.6747,81.8916,216.1708,4.4124,2509.9141,174.6685,216.1709,4.4272,2462.1254,151.6234,216.171,4.4185,2818.2637,165.6421,216.1712,4.4295,2501.5125,134.0236,216.1713,4.4058,1897.5283,126.919,216.1705,4.4277,2984.7209999999995,81.7905,216.1714,4.4351,2380.6559,154.31,216.171,4.43,2554.6083,167.5912,216.171,4.4288,2519.1994,40.3614,216.1716,4.4174,2014.1901,168.2579,216.1712,4.4261,1790.7607,119.9247,216.1701,4.4185,2324.2239,156.7061,216.1711,,,,,,,,,4.4094,1908.3537,137.9489,216.1703,4.4269,1064.005,68.4706,216.1706,4.4069,1739.3762,130.3015,216.1708,,,,,,,,,4.3962,1547.095,118.4254,216.1707,4.4163,2073.044,95.3496,216.1709,4.4319,1916.7847,112.5807,216.1714,4.4011,1481.5839,73.9544,216.1706,,,,,4.4353,1076.4267,66.285,216.1713,4.4403,1020.9448,53.6699,216.1713,,,,,4.3824,1509.4282,114.1235,216.171,4.4164,1316.7484,64.5637,216.1707,4.3859,954.594,60.3836,216.171,4.4405,1216.1295,81.1771,216.1706,4.4434,1004.3515,50.9438,216.1713,,,,,4.4071,1464.1731,46.9625,216.171,,,,,4.4561,1006.4281,55.251000000000005,216.1711,4.3932,1131.1839,64.7756,216.1703,4.4236,1238.0346,68.9635,216.1706,,,,,,,,,,,,,,,,,,,,,,,,,4.4078,2129.69,167.6615,216.1712,4.418,1365.7579,74.9799,216.171,,,,,,,,,4.4282,1354.4234,47.6583,216.1699,4.3856,4478.266,362.5634,216.171,4.4273,2036.609,133.918,216.1714,4.3887,1270.5726,77.6653,216.171,,,,,4.4033,1359.9217,95.6689,216.1709,,,,,4.5927586395960205
59202,1206,1207,#1207 166.0844@4.187 MS1+,1,+,4.187,16455.533,1320.3429,166.0844,,,0.0,166.0844,4.1905,7053.471,442.4318,166.084,4.181,9659.4996,719.7225,166.084,4.1797,7651.8964,471.9979,166.0843,4.191,4125.1634,246.3009,166.0849,4.1796,3006.6607,163.4662,166.0844,4.1928,9925.8094,621.3695,166.0845,4.185,3577.9354,198.366,166.0845,4.181,5164.2597,292.2951,166.0839,4.1827,12526.735,1005.1079,166.0842,4.1911,6609.1732,468.5256,166.0848,,,,,4.1925,4773.8425,139.4633,166.0849,4.1922,9771.1086,624.7034,166.0846,4.1637,6819.2955,514.0225,166.0844,4.1895,6546.4858,479.0361,166.0846,4.1873,6724.115,467.198,166.0839,,,,,4.1818,10789.9491,943.8135,166.084,4.1859,6387.7698,370.8849,166.0845,,,,,4.191,12024.879,787.6626,166.0841,,,,,4.1841,3717.677,205.2312,166.0847,4.1919,4828.3763,228.904,166.0844,4.1959,5655.2649,384.012,166.0849,4.1819,11741.7557,859.1013,166.0846,,,,,,,,,4.1846,9185.043,713.6039999999999,166.0844,4.165,9609.6352,870.2764,166.0841,4.1887,6004.7172,403.7401,166.0845,4.184,6977.3132,408.8398,166.0844,4.1922,7135.978,491.4609,166.0843,4.1807,8946.7933,661.8508,166.0845,4.2048,9293.7421,741.1481,166.0848,4.1831,6682.7284,428.0454,166.0847,4.1831,7131.5707,473.9644,166.0843,4.1832,10076.0599,656.0237,166.0843,4.1891,10588.0272,619.5837,166.0842,4.1949,7882.2358,566.8932,166.0843,4.1958,10188.6635,632.0753,166.0846,4.1591,5490.4009,416.7396,166.0839,4.1807,6459.6757,224.6359,166.0847,,,,,4.1943,2448.7451,119.24,166.0841,4.19,4485.0953,284.4102,166.0841,4.1814,8802.8196,814.3871,166.0845,4.1921,10683.2979,863.1601,166.0838,4.1826,7440.201,562.0547,166.0845,4.1981,7194.5074,515.0259,166.0844,4.1866,6825.2545,498.1701,166.084,4.1812,4809.5692,176.0971,166.0837,4.1787,6328.3242,460.0214,166.0841,4.1697,6162.1727,429.2729,166.0841,,,,,4.1829,6556.4735,430.8027,166.0841,4.1879,5208.9876,361.4223,166.0842,4.186,6390.6535,451.6772,166.0845,,,,,4.2023,4498.5933,270.1668,166.0851,4.1832,4541.351,316.3832,166.0851,4.1935,5025.8097,263.5189,166.0841,4.1762,4464.069,245.4818,166.0842,4.18,4197.7596,288.9756,166.0843,4.1884,4982.0475,304.7855,166.0842,4.1825,4507.7724,271.5657,166.0844,4.1832,4223.4108,198.5519,166.0843,,,,,4.1928,5427.783,302.7034,166.0846,,,,,4.1827,4417.9756,210.1059,166.0847,4.1858,4914.4986,291.0078,166.0844,,,,,,,,,,,,,,,,,4.1869,3089.6064,159.9637,166.0844,,,,,,,,,,,,,,,,,,,,,,,,,,,,,4.1874,1525.6171,34.1817,166.0849,,,,,4.1973,7217.5727,392.4999,166.084,,,,,,,,,4.1862,3826.2073,214.2621,166.0848,4.196000000000001,2700.8328,162.1854,166.0846,,,,,,,,,,,,,4.1979,1977.5404,51.9197,166.0852,,,,,,,,,4.1847,4242.0109,170.1125,166.0842,,,,,4.2386,1724.7251,88.1966,166.0852,,,,,,,,,4.1705,4380.7136,309.5965,166.0851,4.191,2931.3981,111.5684,166.0849,4.181,8242.2073,678.6189999999999,166.0842,4.1753,6445.3923,560.1196,166.0848,,,,,4.177,7788.0537,350.7573,166.0845,4.1942,7816.4245,551.4703,166.0844,4.1896,5257.9751,328.4658,166.085,4.1836,5897.9396,245.969,166.0846,,,,,4.194,6413.7377,379.7487,166.0845,,,,,,,,,4.2244,1079.1677,29.4117,166.085,,,,,,,,,4.531214324280104
59201,38469,38470,#38470 394.2230@1.152 MS1+,1,+,1.152,9399.7492,794.9581,394.223,,,0.0,394.223,,,,,,,,,,,,,,,,,,,,,,,,,,,,,,,,,,,,,,,,,,,,,,,,,,,,,,,,,,,,,,,,,,,,,,,,,,,,,,,,,,,,,,,,,,,,,,,,,,,,,,,,,,,,,,,,,,,,,,,,,,,,,,,,,,,,,,,,,,,,,,,,,,,,,,,,,,,,,,,,,,,,,,,,,,,,,,,,,,,,,,,,,,,,,,,,,,,,,,,,,,,,,,,,,,,,,,,,,,,,,,,,,,,,,,,,,,,,,1.1524,2430.9765,207.4279,394.2231,1.134,2813.4828,245.9231,394.2232,1.1363,2722.9063,267.882,394.2233,1.12,2607.9527,178.4804,394.2226,1.1408,2840.1612,165.1849,394.2227,1.1165,2933.3488,294.72900000000004,394.223,1.1315,2579.4672,242.7876,394.2233,1.1325,2510.2009,150.5104,394.2234,1.1407,2825.1975,246.7988,394.2227,1.0859,2610.6075,285.2352,394.2227,1.1108,2275.3443,220.8761,394.223,1.1075,2284.4671,248.8692,394.223,1.1191,2663.6635,228.0328,394.223,1.0919,2425.7472,181.137,394.2227,,,,,1.1145,2081.182,249.7532,394.223,,,,,,,,,1.1906,1929.5494,170.3935,394.2237,,,,,,,,,,,,,,,,,,,,,1.1568,5732.5156,484.8119,394.2225,1.1876,2588.474,153.8011,394.2234,,,,,1.1548,2458.0409,210.712,394.223,1.1869,894.8839999999999,36.2656,394.2238,1.1477,2576.2333,207.2646,394.2225,,,,,1.1898,2004.6379,126.0836,394.2225,1.1677,1052.4713,72.2287,394.2222,,,,,1.1508,2122.8933,131.9634,394.2226,1.2074,1535.7894,101.0383,394.2236,1.152,1800.5346,44.1439,394.2234,1.178,1571.49,85.5529,394.2223,,,,,1.1477,2181.1227,160.8822,394.2231,1.194,1225.0867,52.8305,394.2229,1.1749,5401.7893,328.3515,394.223,,,,,,,,,1.1981,1523.9677,108.8617,394.2231,1.1795,2326.3027,171.7603,394.2233,,,,,1.1459,2107.7818,207.9992,394.223,1.1578,1960.1577,144.5012,394.2229,,,,,1.1528,1591.9051,116.4755,394.2225,,,,,1.147,1193.3086,40.2264,394.2219,1.1655,5552.1812,480.5526,394.223,,,,,1.1655,1288.3154,87.7543,394.2233,,,,,1.178,1606.4291,85.6783,394.2232,1.1558,2693.5957,184.2712,394.2228,4.393566753796064
59200,6691,6692,#6692 263.0876@0.804 MS1+,1,+,0.804,151873.9595,3351.6612,263.0876,,,0.0,263.0876,0.81,6015.1451,141.1484,263.0872,0.8086,27546.4484,519.2039,263.0877,0.7929999999999999,9531.3872,193.6419,263.0877,0.807,9830.9858,185.4537,263.0876,,,,,0.8058,21875.5271,519.6907,263.0871,,,,,0.8147,19865.1149,567.1109,263.0876,0.8016,13400.0686,372.3273,263.0874,0.8086,5031.1652,112.3847,263.088,0.8036,14635.3205,361.0815,263.0882,0.8116,33899.5073,771.1735,263.0876,0.8032,37108.9954,732.7949,263.088,0.815,4816.3491,150.434,263.0867,,,,,0.8076,13189.7285,377.7298,263.0877,,,,,,,,,0.8024,14599.9733,419.052,263.088,0.805,31388.1118,619.4912,263.0873,0.8113,21262.3045,564.6232,263.0877,0.7985,8754.2969,159.9972,263.0877,0.8044,6185.9131,171.6604,263.0878,,,,,0.8032,18562.3743,308.6809,263.0876,0.79,5858.6938,114.8942,263.0884,0.8067,27678.654,813.1552,263.0875,0.8015,5351.4576,139.5331,263.0869,0.8093,7109.8725,120.742,263.0873,0.8059,3344.1513,88.3818,263.0884,0.809,4447.9659,136.121,263.0878,0.7958,22111.2828,662.0466,263.0873,0.7997,20832.2874,570.2811,263.0874,0.7965,17283.1044,419.3233,263.0877,0.8018,24684.4216,644.4533,263.0879,0.7977,6697.4067,129.3661,263.0876,0.8026,13899.8061,325.1746,263.088,0.8092,8062.7153,177.4995,263.0876,0.8054,4680.6783,122.6728,263.088,,,,,0.8038,4117.7916,103.6671,263.0884,,,,,,,,,0.8019,6769.1043,162.4721,263.0879,0.8144,32484.9303,962.371,263.0873,0.812,14759.6604,362.3104,263.0873,0.7979,7457.7497,161.8157,263.0879,0.8023,9800.9279,271.1545,263.0871,,,,,0.8023,12707.4433,258.7868,263.0876,0.8149,17511.5518,521.2596,263.0872,0.8105,6417.7162,137.2705,263.0875,0.8016,2395.7901,60.5262,263.0869,0.7969,3003.1519,69.2256,263.0875,,,,,,,,,0.8093,8113.0204,181.2556,263.0877,,,,,,,,,0.8029,54871.0863,1244.9888,263.088,0.7908,23817.3303,608.0875,263.0873,0.7938,25999.535,761.0360000000001,263.0874,0.799,24934.658,477.769,263.0878,0.7973,39451.5778,868.4331,263.0876,0.7957,37291.6117,711.6103,263.0875,0.8011,44203.5982,895.6735,263.0875,0.7958,35880.7361,805.0532,263.0881,0.7963,38834.8613,799.5813,263.0876,0.7881,27316.9579,559.5384,263.0868,0.7976,22306.6587,583.2808,263.0877,0.7868,23744.8346,617.4146,263.0877,0.7981,48078.049000000006,1013.1503,263.0875,0.7946,32563.9838,628.1694,263.0877,0.8121,43025.2734,1181.2361,263.0877,,,,,,,,,0.802,34567.7087,721.0224,263.0876,0.8132,49456.8245,1468.9982,263.0877,0.7969,14566.0914,264.025,263.0873,0.8081,51507.6066,1300.9522,263.0874,0.8148,17574.49,606.2536,263.0877,0.809,54782.8098,1343.99,263.0879,0.8067,39035.419,951.408,263.0873,0.7961,21066.4133,509.5596,263.0877,0.8122,42040.9688,1012.8262,263.0874,0.8047,19727.9017,483.7,263.0875,0.7975,28195.6058,607.3731,263.0877,0.8073,17533.4587,426.181,263.0878,0.8046,31830.1785,792.0814,263.0875,0.8038,27722.5725,670.2793,263.088,0.8088,43934.0537,1004.3093,263.0876,0.7974,35653.5706,1026.858,263.0875,0.8058,29964.7581,701.0930000000001,263.0877,0.7962,14269.016,423.3429,263.0875,0.8134,9580.5412,255.2484,263.0868,0.8051,7713.8726,180.8527,263.0874,0.8066,18211.367,447.6838,263.0878,0.7997,17073.7957,344.1544,263.0876,0.7999,28815.4493,645.9053,263.088,0.8136,16535.2873,528.8299,263.0874,0.8068,34950.5684,703.9494,263.0874,0.7983,21098.4181,374.1646,263.0878,0.8064,38763.7841,910.6782,263.0876,0.809,29814.4771,682.5899,263.0878,0.8028,21163.0651,500.9331,263.0874,0.8121,15195.1448,382.0672,263.0881,0.8012,10040.9845,221.342,263.0875,0.7986,35283.9451,1095.5749,263.0877,0.8002,65705.0149,1393.9352,263.0878,0.8081,22722.4474,672.2145,263.0877,0.8044,30796.9132,794.4662,263.0878,0.8052,80681.915,1780.5452,263.0875,0.8016,63619.8551,1423.1352,263.0876,0.8082,38135.5091,977.2014,263.0878,,,,,0.8079999999999999,13180.077,296.2575,263.0874,0.8068,15858.9972,369.2592,263.0878,0.8053,48674.4967,1314.1279,263.0879,4.350610307296881
59197,8277,8278,#8278 177.1367@2.281 MS1+,1,+,2.281,2174.504,127.5093,177.1367,,,0.0,177.1367,,,,,2.2822,993.012,100.6955,177.1361,,,,,2.2836,832.2238,77.7118,177.1362,,,,,2.2664,1260.8742,157.4452,177.137,,,,,2.2689,943.3387,102.2188,177.1365,,,,,,,,,,,,,2.2947,1045.9169,90.654,177.1367,2.2758,1070.062,101.79,177.1373,2.2951,951.8046,91.9682,177.1365,2.2769,944.9951,97.6491,177.1365,2.2815,1078.0124,122.8019,177.1363,,,,,,,,,2.294,887.8119,83.2817,177.1368,2.3465,612.9405,14.542,177.136,,,,,2.2636,1242.2466,72.8433,177.1363,2.311,1118.7252,130.9377,177.1369,2.2535,1203.9673,149.1251,177.1369,2.2605,943.7942,102.2562,177.1373,,,,,2.2581,998.2017,112.1628,177.1371,2.2702,936.0028,71.9123,177.1362,,,,,2.3034,758.8439,71.3656,177.1365,2.2552,775.7177,74.309,177.1369,2.2659,1103.039,65.4483,177.1366,,,,,2.2584,1147.4142,101.5111,177.1367,2.2394,958.984,114.2117,177.1368,2.254,844.9266,70.6082,177.1372,2.2658,1362.6957,167.5915,177.1372,,,,,2.2912,872.2749,91.238,177.1374,,,,,,,,,,,,,,,,,2.2803,639.7616,52.8726,177.1375,2.2701,1327.4465,123.996,177.1365,2.2997,813.9053,91.3604,177.1368,,,,,,,,,,,,,2.2956,1045.1539,108.8553,177.1374,2.3397,905.6248,98.6629,177.1364,2.2825,979.4225,110.5723,177.1362,,,,,,,,,,,,,,,,,,,,,,,,,,,,,,,,,,,,,,,,,,,,,,,,,,,,,,,,,,,,,,,,,,,,,,,,,,,,,,,,,,,,,,,,,,,,,,,,,,,,,,,,,,,,,,,,,,,,,,,,,,,,,,,,,,,,,,,,,,,,,,,,,,,,,,,,,,,,,,,,,,,,,,,,,,,,,,,,,,,,,,,,,,,,,2.298,760.1765,77.4763,177.1366,,,,,,,,,,,,,,,,,,,,,,,,,,,,,,,,,,,,,,,,,,,,,,,,,,,,,,,,,,,,,,,,,,,,,,,,,4.306834345806258
59196,233,234,#234 460.2700@0.589 MS1+,1,+,0.589,107313.0178,1888.4871,460.27,,,0.0,460.27,0.586,37805.2545,919.3157,460.2699,,,,,,,,,0.5901,23524.3236,589.4083,460.2705,0.5889,36968.3789,834.9895,460.2696,0.5893,38820.3753,933.5354,460.2704,0.584,19332.2177,505.8076,460.2703,0.5917,28914.5656,792.3594,460.2709,0.5878,29530.6904,686.1734,460.2699,0.59,14332.1553,348.7244,460.2707,,,,,0.5954,30480.5461,970.6749,460.2701,0.5863,32254.7261,909.1928,460.2698,0.5897,31522.0321,743.7502,460.2704,0.5895,23520.4324,594.8585,460.2694,0.5831,34763.0017,1142.6614,460.2707,,,,,,,,,0.5878,9393.7029,227.0827,460.2706,0.5907,23029.6395,434.9157,460.2707,0.5843,26798.252,667.2998,460.2699,,,,,0.5886,13354.7816,340.5317,460.2707,0.5859,16192.083,385.7201,460.2698,,,,,0.5876,30914.674,487.0724,460.2696,0.5869,20719.1753,456.2055,460.2688,,,,,0.5861,17145.7767,427.5311,460.27,0.5948,12880.1224,386.8379,460.2697,0.5877,19711.8944,448.1228,460.2697,0.5923,18957.8851,453.7694,460.2692,0.5869,9880.9529,239.2018,460.2705,0.59,34202.187999999995,778.8279,460.2694,0.5917,56034.6453,1533.3282,460.2703,0.5901,20048.663,507.0097,460.2698,0.5866,33915.7048,746.0968,460.2694,0.59,32021.1556,989.7608,460.2699,,,,,0.59,22353.6677,526.3852,460.2694,0.5831,23531.8464,439.7655,460.2687,0.5892,34856.7747,713.9648,460.2697,,,,,0.5857,10344.0582,234.1799,460.2695,0.5868,28152.9795,710.5854,460.2698,0.5891,20838.4082,507.9806,460.2707,,,,,,,,,0.5882,7455.0761,207.2547,460.2693,0.5905,8872.6714,275.808,460.2699,0.5882,78648.2838,1384.047,460.2698,0.5921,14765.8767,411.67800000000005,460.2712,0.5923,28481.6099,758.4908,460.2705,0.5927,5587.355,158.7853,460.2704,,,,,0.5867,11806.5545,310.58,460.2702,0.5911,19235.6745,554.8915,460.2703,0.5888,14210.9879,413.7031,460.2698,,,,,0.5913,4381.8663,119.5761,460.2699,,,,,0.5864,2446.435,64.2242,460.27,0.5895,3861.2607,80.5424,460.2707,0.5887,2891.123,71.0435,460.2698,0.5875,3146.9845,70.3021,460.2691,0.5918,2586.0961,69.2584,460.2702,,,,,,,,,0.5899,4955.5532,120.5815,460.2698,0.5896,4786.3437,113.3847,460.2689,0.5917,4121.6844,115.2249,460.2694,0.5908,4564.4278,117.2535,460.2696,,,,,0.5926,5451.0639,128.3456,460.2707,,,,,0.5854,18901.9284,389.3725,460.269,0.5954,7160.9724,194.7663,460.2692,0.5894,20101.5242,455.3958,460.2698,0.5869,4469.6545,104.7639,460.2692,0.5909,7192.0382,174.8088,460.2705,0.5859,10186.2442,300.6141,460.2707,0.5953,7523.9439,249.2716,460.2701,0.6007,6093.1587,170.8753,460.2713,,,,,,,,,0.5896,8542.5139,213.6604,460.2698,,,,,,,,,,,,,,,,,,,,,,,,,,,,,,,,,,,,,0.5920000000000001,10721.0398,245.0118,460.2699,,,,,,,,,,,,,,,,,,,,,,,,,,,,,,,,,,,,,,,,,,,,,,,,,,,,,,,,,,,,,,,,,,,,,0.5874,7043.4947,116.4946,460.2711,,,,,0.5887,13384.7396,368.616,460.2708,0.5922,8294.1239,186.901,460.2707,0.5898,10379.9151,191.6731,460.2695,4.287857196724022
59195,8479,8480,#8480 357.2395@3.534 MS1+,1,+,3.534,32586.0913,1577.0929999999998,357.2395,,,0.0,357.2395,,,,,3.5332,3546.5653,175.12,357.24,3.5333,1884.9845,58.5173,357.2393,,,,,,,,,,,,,,,,,,,,,,,,,,,,,,,,,3.5367,7525.2938,288.1592,357.2394,3.5254,5664.2753,270.4342,357.2392,,,,,3.5362,3487.1248,163.8226,357.24,3.5348,2335.3086,128.1824,357.2396,,,,,,,,,3.5333,4780.4429,196.5046,357.2394,3.5272,6645.7853,308.8909,357.2394,3.5337,4722.0944,208.2401,357.2393,3.5333,2234.5660000000003,102.7811,357.2392,,,,,,,,,3.539,3847.4197,189.895,357.2392,3.5364,3986.2091,177.1215,357.2387,3.5334,2563.4666,71.6746,357.2386,,,,,,,,,3.5345,4019.5477,118.9647,357.2402,3.5317,6202.3787,198.8804,357.23900000000003,,,,,3.5284,7269.0656,309.8352,357.2396,3.5294,5845.3294,239.8079,357.2402,,,,,,,,,3.5354,2748.8868,126.2467,357.2398,,,,,,,,,,,,,,,,,,,,,,,,,,,,,3.5365,2810.8431,130.3205,357.2401,,,,,,,,,,,,,,,,,,,,,,,,,3.5329,3612.0381,79.2034,357.2389,,,,,3.5348,1359.8302,46.9435,357.2398,,,,,,,,,3.5303,1664.6399,51.8146,357.2403,,,,,,,,,3.5306,6110.9915,225.3027,357.2395,3.531,7935.9853,366.3858,357.2398,3.5297,8205.411,391.9643,357.2395,3.5321,7028.3183,351.3936,357.2395,3.5326,6827.286,354.6997,357.24,3.5329,7300.9748,378.0147,357.2395,3.5287,7394.6404,338.6466,357.2397,3.5357,7004.3793,326.7462,357.2398,3.5259,6889.4992,347.5606,357.2392,3.5293,6836.1543,339.9802,357.2392,3.534,6640.7363,340.598,357.23900000000003,3.5369,5798.5113,311.4638,357.2389,3.5305,7502.1935,228.1752,357.2393,3.5328,6775.1411,345.7636,357.2395,3.5388,8454.5679,416.085,357.2395,3.5371,9880.5927,510.9104,357.2391,,,,,3.5388,2127.615,70.5351,357.2383,3.5398,8550.7323,451.5422,357.23900000000003,3.5274,8291.16,426.7258,357.2393,3.5293,6391.6322,175.5214,357.2393,3.5339,3204.4991,84.5353,357.24,3.5407,8953.8976,453.2571,357.2394,3.5364,3031.33,161.3041,357.2393,3.5327,4211.9003,179.43200000000002,357.2394,3.5416,3818.0145,174.8617,357.24,3.5329,8087.5449,313.2755,357.2396,3.5324,8363.8492,447.1463,357.2393,3.5351,9411.1971,469.3069,357.2392,3.5275,6703.1024,344.9041,357.2393,3.534,3056.1468,82.8387,357.2391,3.5339,7594.6102,367.1024,357.2397,3.5365,25289.6004,1223.9594,357.23900000000003,3.5286,10770.2767,535.4855,357.2394,,,,,3.5288,4043.5072,184.1046,357.2399,3.5382,6082.4249,296.1413,357.2392,,,,,,,,,3.5326,8204.1901,404.3027,357.2388,3.5293,11645.9732,519.9326,357.2394,3.5356,13253.9437,566.5093,357.2385,3.5336,11667.2497,541.3875,357.2399,3.5315,5923.8429,240.5795,357.2401,3.5347,6828.6303,295.7148,357.2394,,,,,3.5353,1177.6433,30.0687,357.2408,3.5368,5855.8914,275.9872,357.2393,3.5255,7581.2457,399.4262,357.2396,3.5314,5901.5542,299.07,357.2392,,,,,3.5848,1505.9071,52.0754,357.2407,3.5328,4371.592000000001,200.1883,357.2388,3.5369,7734.9633,383.577,357.2399,3.5380000000000003,9159.9189,482.5032,357.2399,3.5343,1808.6288,61.0881,357.2395,,,,,3.5306,3514.8793,94.2721,357.2404,3.5292,8919.0604,419.5079,357.2395,4.27265830135889
59194,7259,7260,#7260 140.0686@4.215 MS1+,1,+,4.215,7161.6335,468.5633,140.0686,,,0.0,140.0686,4.2441,1308.5133,74.8688,140.0685,,,,,4.2126,1466.7131,102.6317,140.0687,,,,,,,,,,,,,4.207,2069.6864,163.2525,140.069,4.2027,1411.4472,93.3908,140.0682,4.226,2734.0699,133.9417,140.0682,4.2128,2552.8512,170.9256,140.0686,4.2284,2679.3042,178.2504,140.0689,4.2141,1455.3203,84.0052,140.0685,,,,,4.2395,1150.71,50.2084,140.069,4.2217,1940.012,110.8796,140.0686,,,,,,,,,,,,,4.2078,1676.0788,90.4119,140.0684,4.2143,2020.4475,147.0856,140.0683,4.2235,1667.7263,106.3974,140.0687,4.2166,1826.0918,114.6952,140.0686,4.2164,2732.8197,172.7584,140.0689,,,,,,,,,4.2076,1255.1583,72.3242,140.0689,4.1977,3026.356,185.2916,140.0686,,,,,,,,,,,,,4.2352,1264.3319,24.7,140.0688,4.2055,1386.7086,75.4916,140.0689,4.2247,1238.3231,76.505,140.0691,,,,,,,,,4.2149,1694.9143,107.7496,140.069,4.1937,1558.8491,112.7118,140.0682,4.2155,1472.075,85.2106,140.06799999999998,4.2215,1230.4521,75.575,140.0689,4.2411,832.4471,24.4042,140.06799999999998,,,,,,,,,4.2234,1528.8458,83.1575,140.0687,4.2136,2371.0941,111.9414,140.0691,4.2051,4869.7648,304.6403,140.0684,4.2042,1688.36,107.9122,140.0682,,,,,4.2138,899.9982,53.9235,140.0686,4.2259,1911.5367,80.9971,140.0681,4.209,2967.0601,215.3325,140.0683,4.2188,2966.8072,187.3356,140.0683,4.2246,1876.7604,117.1218,140.0687,4.2286,2500.2254,167.2075,140.0685,4.2137,1055.2674,33.3692,140.0688,,,,,4.2262,2196.9028,124.7722,140.0683,4.2206,2453.2497,139.2009,140.0687,,,,,,,,,,,,,4.1941,1697.7905,129.2907,140.0684,4.2044,1818.499,110.9406,140.0684,,,,,4.2125,2146.192,132.2007,140.0683,4.2102,1883.3353,106.958,140.0685,,,,,4.2155,1584.7475,105.8663,140.0687,4.2162,1984.4243,141.2583,140.0687,4.2143,1976.0274,128.7807,140.0684,4.2215,1880.5326,87.4663,140.0684,4.2045,1744.7225,112.4985,140.0689,4.2074,1873.4205,118.5166,140.069,4.2286,1477.965,65.1891,140.0686,4.2186,4285.2459,259.375,140.0682,4.211,3449.8207,224.6912,140.0688,4.2449,998.0441,62.7146,140.0692,4.1977,3408.5087,230.1216,140.0685,4.2078,3529.9044,205.7567,140.0684,4.2165,2075.3572,129.6101,140.0689,4.2136,3070.1615,193.5841,140.0683,4.2047,3804.5534,259.7013,140.0685,4.2291,1766.4662,88.6915,140.069,4.2085,3812.0216,255.385,140.0683,4.2075,2175.1908,132.7638,140.0687,4.2098,1552.0117,111.5966,140.0683,4.2127,2565.5405,150.7935,140.0682,4.2084,2379.9771,167.9508,140.0683,4.2104,3120.6845,176.5245,140.0685,4.2041,1659.1987,102.5215,140.0685,4.208,2352.7147,171.3024,140.0687,4.218999999999999,2507.285,131.4235,140.0686,4.2188,5558.0416,363.6453,140.0685,4.2101,2480.6233,169.7309,140.0685,4.208,3081.2622,200.341,140.0689,4.22,2061.7353,142.9932,140.0685,4.2165,3543.5565,248.9587,140.0684,4.2002,3060.5753,220.1226,140.0685,4.1955,1721.1945,130.975,140.0685,4.2128,2878.4985,160.34,140.0687,4.2166,2392.3308,158.175,140.0682,4.2224,1714.3882,104.8194,140.0686,4.2256,3726.0652,233.9675,140.0688,4.2146,2512.2237,185.824,140.0685,4.2021,3848.0192,263.2422,140.0684,,,,,,,,,4.2014,4919.3972,288.1474,140.0686,4.2201,2249.2589,130.7342,140.0688,4.2275,2702.6091,118.7789,140.0686,4.222,2346.4187,147.8187,140.0689,4.2161,2986.7181,236.4534,140.0691,,,,,4.23,1589.7266,67.2344,140.0687,4.1969,2808.5039,194.1082,140.0687,4.2262,2265.2036,160.4006,140.0687,4.2135,3561.7541,247.0375,140.0684,4.2104,2940.7789,244.2842,140.0685,4.2073,3332.2672,185.8063,140.0688,4.237013746020199
59193,6730,6731,#6731 131.1181@1.020 MS1+,1,+,1.02,27404.4512,3596.5224,131.1181,,,0.0,131.1181,1.0174,4924.2215,628.154,131.118,1.0136,13140.7421,1441.4095,131.118,1.0057,10431.1769,1122.8111,131.1184,1.0168,9880.9518,1026.365,131.1179,1.0104,4377.6182,433.6057,131.1183,1.0203,13196.6922,1425.7198,131.1182,1.0156,2366.8361,253.4606,131.1182,1.0203,12000.7621,1625.8709,131.1178,1.0143,7780.2316,793.6109,131.1182,1.0131,3174.4323,444.006,131.118,1.0078,2985.4568,294.5687,131.1184,1.0159,13090.3514,1760.7768,131.1179,1.0155,9850.8717,1053.6461,131.1186,1.0145,8722.7116,1191.5721,131.1179,1.0207,10597.7403,1124.4137,131.1183,1.0281,15620.6614,2050.0341,131.1178,,,,,1.0154,4994.6253,449.8636,131.1179,1.0306,8692.1918,764.3039,131.1183,1.0198,12319.2952,1259.6912,131.1177,1.0194,10244.5219,1082.8557,131.1181,1.0154,9216.1519,997.9258,131.1183,1.0174,8522.0244,792.7605,131.1182,1.0094,9976.9227,992.1586,131.1182,1.0217,9084.922,777.5210000000001,131.1185,1.0367,4708.7913,448.0798,131.1182,1.0228,12862.8845,1334.8889,131.1184,1.0171,7414.9137,738.062,131.1181,1.0311,7275.6919,650.4009,131.1178,1.0313,4631.4316,414.8832,131.1183,1.0185,7731.7383,775.0445,131.1186,1.0201,10590.3783,1168.4585,131.1181,1.0205,4846.398,518.6684,131.118,1.0216,9479.9263,995.7021,131.1184,1.015,13766.2775,1603.3343,131.1186,1.0179,7731.3677,827.1157,131.1183,1.0117,11031.6326,1028.6171,131.1183,1.0205,6918.4773,884.1684,131.1179,1.0244,9753.6219,949.4734,131.1183,1.0115,3289.9326,348.9283,131.1182,1.0181,3429.5067,362.6286,131.1185,,,,,,,,,1.0262,5395.8896,589.8435,131.1185,1.0279,13248.8801,1472.3599,131.1178,1.0153,12399.3873,1617.4103,131.118,1.0227,9332.6471,1017.2486,131.1182,1.0146,10836.4837,1402.0067,131.118,1.0256,4594.2049,478.9438,131.1183,1.0251,10913.5838,1222.0609,131.1181,1.0217,12620.8113,1341.3882,131.118,1.0155,11096.6442,1454.3436,131.118,1.013,5463.1669,645.785,131.1179,1.0192,3754.9046,438.8952,131.1182,,,,,1.0222,2778.5326,405.3489,131.1179,1.0187,3696.516,490.0963,131.118,1.0133,1323.4926,177.2737,131.1179,,,,,,,,,1.0075,3525.2589,357.6129,131.1176,1.0308,3967.33,415.2075,131.1179,1.0272,3551.6248,305.1801,131.1178,1.0242,3839.0781,391.9297,131.1178,1.0242,3561.5334,338.2042,131.1179,1.0166,3567.1954,375.9544,131.118,1.0155,3753.4638,387.1931,131.1181,1.0243,3863.8287,381.7146,131.118,1.0287,3619.964,344.5248,131.1181,1.0258,3486.5874,350.4938,131.1182,1.0275,3503.4456,323.9107,131.1183,1.0137,3996.8969,385.1553,131.1185,1.0232,3373.3115,360.2373,131.1184,1.0172,4507.1452,527.4983,131.1178,1.0235,4520.6109,459.1458,131.1182,1.0264,2344.4224,264.0445,131.1183,1.0132,2415.7471,249.6376,131.1182,1.0212,4255.6185,401.0206,131.118,1.0284,3096.1767,304.6618,131.1184,1.0276,4261.7538,597.0186,131.1178,1.0102,4127.8442,553.3954,131.1181,,,,,1.0132,3474.7959,354.4489,131.1178,1.0303,4087.9855,375.8269,131.1181,1.0161,4266.6083,483.9595,131.1179,1.0322,2760.3706,316.1162,131.1179,1.0163,5026.951,467.8368,131.1183,1.0074,2683.5114,376.3963,131.118,1.0197,3641.6968,385.7975,131.1182,1.0106,3523.9317,345.6897,131.1184,1.0136,2886.5946,413.6255,131.1179,1.0239,3513.1572,352.9409,131.1181,0.9939,2882.9307,385.3861,131.1176,1.0237,3395.2853,336.4873,131.1181,1.0155,3598.7858,370.3901,131.1178,1.0277,4397.3047,421.2758,131.1181,1.0239,4064.8036,513.0668,131.1179,1.0349,3444.6232,375.4205,131.1184,1.0176,3830.9796,428.7834,131.1184,1.0187,6513.1711,957.8429,131.1178,1.0239,3266.7891,460.0751,131.1183,1.0113,2675.4914,276.08,131.1183,1.0223,4138.6923,510.7093,131.1179,1.014,3411.7771,447.1023,131.1181,1.0148,4921.6884,571.0708,131.1181,,,,,1.0162,5158.4874,565.7386,131.1183,1.0328,3843.9156,351.0416,131.1181,1.0162,2643.1803,268.8763,131.1181,1.0244,3385.5612,396.8511,131.1182,1.0188,2420.4834,285.7633,131.1186,1.0356,3882.1344,390.9357,131.1183,1.0233,3976.8823,391.9394,131.1181,1.0206,4882.0551,621.0538,131.1181,1.0079,3078.2861,299.099,131.1181,1.0103,4441.2839,587.4076,131.1177,1.0202,4226.5693,571.6752,131.118,1.0368,6401.6103,608.3327,131.1185,4.180559156829885
59189,3359,3360,#3360 203.1505@4.286 MS1+,1,+,4.2860000000000005,7171.065,372.7066,203.1505,,,0.0,203.1505,4.2803,1810.5612,73.5102,203.1501,4.279,3629.6604,121.3231,203.1499,4.2779,1754.8801,88.3886,203.1506,,,,,,,,,4.2791,2389.0166,136.465,203.1505,4.2798,709.546,32.9466,203.1507,4.2860000000000005,1058.245,42.8752,203.1504,4.2867,3477.6016,163.5862,203.1508,4.285,1614.5596,140.0548,203.1506,4.2869,984.3198,75.7601,203.1506,4.2825,1206.9079,49.84,203.1507,4.2893,2362.7085,127.9957,203.1508,4.2757,2302.8776,115.2546,203.1506,4.287,1970.5051,104.2208,203.151,4.2718,1997.7095,121.0329,203.1499,,,,,4.2696,4532.5348,233.486,203.1501,4.2837,1450.5724,69.8705,203.1508,,,,,4.2888,2984.8541,109.7733,203.1502,4.2821,691.3633,30.4433,203.1504,4.2851,863.9783,52.7832,203.1512,4.3009,1203.9567,53.8103,203.1502,4.2934,1081.0713,70.0785,203.1506,4.2977,4231.0339,190.5586,203.1508,,,,,4.2811,784.5611,27.4821,203.1502,4.2823,3830.4048,179.15900000000002,203.1505,4.2789,4069.1746,190.5725,203.1505,4.2937,1638.6378,90.9328,203.1502,4.2928,2793.2817,103.1834,203.1501,4.2824,2396.3438,100.7579,203.1505,4.291,2183.479,87.3772,203.1504,4.287,3607.4253,130.0906,203.1509,4.2931,2043.5685,121.1957,203.1508,4.2841,1855.5986,102.3723,203.1508,4.2912,2732.0736,111.2582,203.1508,,,,,4.2885,1946.7537,116.5337,203.1508,4.2858,2774.284,158.5438,203.1501,4.3132,1423.0297,100.5053,203.15,,,,,4.2791,763.4907,46.9045,203.1512,,,,,4.295,831.2104,40.9405,203.15,4.2929,3036.7885,119.3168,203.1503,4.2856,3159.455,109.1553,203.1509,4.2867,2500.8908,130.585,203.1506,4.2876,1576.908,83.4609,203.1508,4.2837,2010.345,95.2091,203.15,4.2792,1461.4331,84.708,203.1506,4.283,1240.1763,59.2585,203.1497,4.2941,3101.2421,170.9427,203.1512,,,,,4.284,2277.7964,75.75,203.1502,4.2898,1166.7477,105.3617,203.1501,4.273,1177.4556,74.4813,203.1505,,,,,4.2854,1141.4819,42.7894,203.1508,,,,,4.2841,1169.2588,36.3781,203.1507,4.2777,1235.875,39.656,203.1505,4.2780000000000005,787.2416,40.2284,203.1508,4.2824,1148.0117,42.5144,203.1505,4.2843,1221.0337,41.5891,203.1508,4.292,924.9785,33.9111,203.1508,4.2817,831.9712,31.9146,203.1506,4.2721,812.9845,15.2025,203.1506,4.2868,988.3783,37.5446,203.1503,4.2849,1092.4449,40.912,203.1505,4.2984,784.5017,40.8957,203.1511,,,,,,,,,,,,,,,,,,,,,,,,,,,,,,,,,,,,,4.2875,1157.4451,76.2322,203.1505,,,,,4.2838,762.455,18.7403,203.151,,,,,,,,,4.2924,1391.8859,112.1691,203.1503,,,,,4.2959,780.959,37.3925,203.1506,4.2881,904.9727,51.8438,203.1506,,,,,,,,,,,,,,,,,,,,,,,,,,,,,,,,,4.2784,1166.7521,55.4237,203.1501,4.2827,860.4737,34.684,203.1503,,,,,,,,,4.2919,788.0329,33.6181,203.1503,4.2895,829.8029,62.8276,203.1506,4.2855,2168.0909,65.1634,203.1509,4.2871,3132.6897,162.8174,203.1511,,,,,4.2858,1623.705,73.2535,203.1507,4.2835,2387.1713,123.2772,203.1502,4.2918,1111.3466,54.7576,203.1506,4.2923,1236.364,58.4503,203.1505,4.2929,1018.9022,51.4097,203.1503,4.3,1677.8895,116.1841,203.1501,,,,,,,,,,,,,,,,,,,,,4.025604934091599
59188,38488,38489,#38489 394.2228@1.344 MS1+,1,+,1.344,10165.522,962.0926,394.2228,,,0.0,394.2228,,,,,,,,,,,,,,,,,,,,,,,,,,,,,,,,,,,,,,,,,,,,,,,,,,,,,,,,,,,,,,,,,,,,,,,,,,,,,,,,,,,,,,,,,,,,,,,,,,,,,,,,,,,,,,,,,,,,,,,,,,,,,,,,,,,,,,,,,,,,,,,,,,,,,,,,,,,,,,,,,,,,,,,,,,,,,,,,,,,,,,,,,,,,,,,,,,,,,,,,,,,,,,,,,,,,,,,,,,,,,,,,,,,,,,,,,,,,,1.3679,2606.3381,53.5276,394.2225,1.3378,2290.8776,130.6997,394.2231,1.3489,2665.4309,247.1345,394.2228,1.3615,2469.1247,91.8396,394.2224,,,,,,,,,1.2938,2303.8705,206.6569,394.2231,1.3283,2927.0336,169.7108,394.2242,1.3335,2905.1336,71.1891,394.2234,1.321,2134.7264,149.2328,394.2234,1.3323,2459.0339,52.2589,394.2216,,,,,1.3531,2411.4906,126.7589,394.2219,1.3492,2256.5165,95.5591,394.2235,,,,,1.3405,2058.4808,92.5938,394.2222,,,,,,,,,1.3276,2015.6967,150.8915,394.2234,,,,,,,,,,,,,1.3481,4109.56,196.5265,394.2236,1.3358,2453.0925,188.5093,394.2227,,,,,,,,,,,,,1.3283,2780.7484,133.8525,394.2234,,,,,1.3374,2449.4479,84.4689,394.223,,,,,1.4131,1655.4964,66.0486,394.2225,,,,,1.3514,3098.1116,205.1098,394.2218,1.3068,835.3509,22.9713,394.2227,,,,,1.331,1783.5079999999998,102.6206,394.2234,,,,,,,,,1.3264,1693.2565,33.9774,394.2219,,,,,1.3192,6179.7148,584.865,394.2226,,,,,1.3201,1204.0668,37.3077,394.2239,1.3788,1886.8522,29.9066,394.2226,1.3218,2439.4332,157.6695,394.2233,,,,,1.3806,1296.7196,67.8179,394.2232,1.4058,1500.009,118.6436,394.2231,,,,,1.3459,1678.7232,38.2285,394.2229,1.3577,934.491,34.9132,394.2211,1.3466,1244.9455,52.4388,394.221,1.3523,4109.3184,469.4926,394.2226,,,,,1.3152,886.94,18.9058,394.2227,,,,,,,,,1.3656,1317.7005,27.4551,394.2233,4.0045800477401885
59187,38466,38467,#38467 288.2900@1.062 MS1+,1,+,1.062,19018.6323,1382.1576,288.29,,,0.0,288.29,,,,,,,,,,,,,,,,,,,,,,,,,,,,,,,,,,,,,,,,,,,,,,,,,,,,,,,,,,,,,,,,,,,,,,,,,,,,,,,,,,,,,,,,,,,,,,,,,,,,,,,,,,,,,,,,,,,,,,,,,,,,,,,,,,,,,,,,,,,,,,,,,,,,,,,,,,,,,,,,,,,,,,,,,,,,,,,,,,,,,,,,,,,,,,,,,,,,,,,,,,,,,,,,,,,,,,,,,,,,,,,,,,,,,,,,,,,,,1.0812,1333.7413,80.0064,288.29,1.0415,1087.9004,52.602,288.2899,1.0763,912.6045,46.9193,288.2903,1.0612,900.1102,43.8245,288.2897,1.0697,910.5241,57.8662,288.2896,1.058,990.5009,56.981,288.2895,1.0616,953.5034,57.0902,288.2898,1.062,920.019,58.4927,288.2903,1.0585,800.8056,58.8151,288.2899,1.0517,859.9265,52.3611,288.2899,1.0641,975.225,52.5556,288.2898,1.0614,959.8714,59.6897,288.2899,1.0494,1073.0992,84.2441,288.2894,1.0687,960.8571,75.4448,288.2902,1.0511,3180.9136,211.3784,288.29,1.0683,4835.656,318.7064,288.2901,1.0599,10589.316,761.1845,288.29,1.06,4127.5373,312.7548,288.29,1.0627,8090.2532,508.8133,288.2901,1.0775,3449.9958,267.3814,288.2901,1.0609,8293.9722,537.0036,288.2898,1.0555,3687.6642,276.073,288.2899,1.0571,11138.2444,698.9014,288.2904,1.0465,11898.9192,864.7405,288.2897,1.0748,3215.5763,208.3099,288.2899,1.0614,7757.6465,509.6254,288.2901,1.0589,9120.5769,701.4391,288.2902,,,,,,,,,,,,,,,,,,,,,,,,,,,,,,,,,,,,,1.068,2678.1163,207.2652,288.2902,,,,,,,,,,,,,,,,,,,,,,,,,,,,,,,,,,,,,,,,,1.0752,4442.7967,341.1781,288.2901,,,,,,,,,,,,,,,,,,,,,,,,,1.0669,5460.6065,402.1206,288.2902,1.068,2739.3088,187.6878,288.2902,1.0588,10164.0493,750.2768,288.29,1.0558,12033.2145,917.0841,288.2903,1.063,7366.4233,557.268,288.2903,3.956616452746428
59186,16,17,#17 144.1024@4.186 MS1+,1,+,4.186,776497.9406,71990.7381,144.1024,,,0.0,144.1024,4.1905,248331.6985,18555.3123,144.1024,4.181,295748.6774,20472.237,144.1021,4.1797,257101.4389,20633.488,144.1025,4.18,162116.1419,11835.3463,144.102,4.1907,125878.7597,7015.7734,144.1026,4.1928,292983.3397,22113.0542,144.1024,4.185,128903.6115,8055.6687,144.1026,4.181,151454.8634,10303.2089,144.1021,4.1933,392215.2071,37646.078,144.1026,4.1911,214481.3125,18294.0296,144.1024,4.1853,114679.1665,7765.5919,144.1025,4.1813,122209.5776,7344.4867,144.1022,4.1922,280533.8978,22869.8932,144.1028,4.1853,314204.0426,26765.6741,144.1024,4.1895,233113.9506,16250.6895,144.1027,4.1873,220810.0364,18814.2212,144.102,,,,,4.1818,402696.3231,34312.1886,144.102,4.1859,169625.8352,13130.4392,144.1025,4.1812,55457.3039,3125.5088,144.1021,4.191,334538.5638,27420.3733,144.1024,4.1841,156214.2189,11063.6719,144.1023,4.1841,141149.6667,8896.6123,144.1025,4.1812,160553.9737,9871.5715,144.1023,4.1959,182420.3713,12503.7628,144.1027,4.1856,418952.8984,36805.4571,144.1027,4.1865,35862.6546,1875.6874,144.1022,4.1963,57255.0204,3695.1936,144.1025,4.1846,323619.8413,27357.4548,144.1022,4.1863,397309.7669,41420.5238,144.1025,4.1887,198962.9475,14518.3249,144.1026,4.184,224442.9231,17485.4179,144.1024,4.1816,232256.7161,19297.9331,144.1024,4.1807,231245.8238,18888.8602,144.1026,4.1833,358108.5535,25463.3487,144.10299999999998,4.1936,229450.9212,18317.9937,144.1029,4.1937,221234.9132,16838.7794,144.1026,4.1832,291771.65,25080.3148,144.1023,4.1891,299504.7826,20681.2296,144.1025,4.1949,242735.7719,20419.8776,144.1025,4.1958,293538.8206,24052.0282,144.1025,4.1811,334545.9856,31016.4537,144.102,4.1807,274319.1449,22776.5025,144.1025,4.1811,133406.4751,9750.0669,144.1029,4.183,75022.7553,4242.3816,144.1024,4.19,135741.8574,9582.1777,144.102,4.1814,416107.5095,26793.4093,144.1026,4.1921,436804.8325,29729.6388,144.1019,4.1826,281876.335,19308.9237,144.1026,4.1875,216231.3386,15762.9081,144.1024,4.1866,227192.759,18059.574,144.1022,4.1922,151395.5096,12266.7455,144.1022,4.1787,203093.9568,16499.0068,144.1022,4.1806,294382.5468,24181.2952,144.1025,,,,,4.1829,235340.0519,18361.4585,144.1022,4.1879,178214.1247,12928.43,144.1023,4.186,290598.408,24950.9668,144.1024,,,,,4.1913,171323.1478,10923.5302,144.1029,4.1723,145942.9078,10315.1182,144.102,4.1828,151573.6264,10588.3933,144.1021,4.1762,150368.5138,10248.456,144.1021,4.191,151227.7867,10590.4846,144.1023,4.1884,147555.84699999998,9585.7504,144.1022,4.1825,157836.7458,10745.8902,144.1023,4.1832,145255.482,10446.6377,144.1023,4.1837,182168.6092,11074.28,144.1024,4.1816,172513.9046,10064.3576,144.1022,4.1786,162854.4949,10663.3372,144.1025,4.1827,160931.5922,10677.2531,144.1028,4.1749,158153.136,10683.4614,144.1027,4.1849,168574.5599,9216.0564,144.1028,4.1959,29424.4676,1474.8557,144.1019,4.1888,104943.3993,5783.7315,144.1022,4.1904,426174.4873,42114.8944,144.10299999999998,4.1869,96267.5804,4631.0602,144.1022,4.1931,56468.1015,2923.2464,144.102,4.1832,57096.5207,2553.0649,144.1026,4.1803,12040.9183,768.9086,144.1018,4.1827,23551.4041,1062.8441,144.1024,4.1966,135655.9877,6853.8849,144.1028,4.1852,13171.2709,877.413,144.1021,4.1855,92328.2102,4318.1701,144.1025,4.1874,50489.1556,2054.2381,144.102,4.1794,30546.3379,1677.3958,144.1019,4.194,194907.3165,13254.7479,144.1023,4.1876,15031.0488,908.6825,144.1022,4.1819,83692.1297,4832.7217,144.1025,4.1862,116956.5707,7643.1339,144.1026,4.1842,70195.8516,4547.2025,144.1021,4.1858,41998.8664,1980.618,144.1026,4.1773,43863.4341,2714.4479,144.102,4.1859,18105.062,840.0325,144.1022,4.1866,40181.3722,2239.2501,144.1021,4.1828,35752.9154,1450.1806,144.1022,4.1782,58697.5927,3292.3794,144.1019,4.1847,125758.5021,5779.6764,144.1024,4.1801,178008.4443,12060.5614,144.1025,4.1837,119614.4695,7665.6098,144.1021,4.1898,52250.6449,2843.1763,144.1024,4.1925,99048.3662,6016.062,144.1024,4.1818,170831.3244,10623.8169,144.1022,4.18,100940.274,5405.0557,144.1022,4.1918,360336.7621,26814.6674,144.1023,4.1896,311445.5941,30164.7149,144.10299999999998,4.1906,51835.0446,2066.8097,144.1024,4.188,220179.621,15727.6523,144.1025,4.1942,243655.2752,18724.2363,144.1024,4.1896,155621.7303,10239.1905,144.1028,4.1836,213210.7697,16028.8709,144.1026,4.1834,114206.9592,7759.7124,144.1028,4.1833,177432.2081,14188.699,144.1022,4.1858,30156.3401,1422.6605,144.1021,4.1826,53199.4653,3071.1422,144.1023,4.1797,62967.7248,3223.6316,144.1023,4.1705,16594.0873,715.7749,144.1022,4.1853,53305.9339,2028.9472,144.1025,3.9354985676038474
